AGO;1
LIFE;24
SOURCES);1
DISTORTIONS‚Äù;1
LENGTHS;1
AGE;1
PARAGRAPHS;13
ADOPTED;52
ASSET9;1
DELAY;2
C‚ÄôS;2
COMMUNICATE;1
RECIPIENT;6
RELIEVING;1
EXAMPLE);2
EFFORT;2
‚Ç¨100;4
34%;2
LAST;3
POWER;2
34);1
REMAINING;54
344;1
345;1
346;1
TOP-UP;429
340;1
341;3
342;9
343;1
UNDERLIE;1
REPRESENTATION;1
DEDUCTIBLE;64
PRODUCING;4
349;1
$45;1
MOVEMENTS;2
ENDS;1
UNCERTAINTY;4
SUPPLY;6
POIP;8
RETURN)14;1
LOW-VALUE;2
TAXES;472
HAND;11
CURRENT;32
ùê¥ùëëùëóùë¢ùë†ùë°ùëíùëë;3
CORRELATIVE;1
LEGITIMATE;1
GO;8
ENTRY;1
SOVEREIGNTY;1
BREAKER;1
AUTOMATIC;4
TWO-STEP;3
APPEAR;2
EXPENSED;2
ùüêùüéùüé;3
HONG;2
GROUP12;1
WEALTH;18
RECIPROCAL;1
(INDIRECTLY);1
MONEY;5
GUIDANCE;27
PRIMARY;9
‚ÄúPARENT;1
SUFFICIENTLY;5
WELL-BEING;2
216;1
HEALTHCARE;1
296;1
297;1
294;1
PROPERTY;75
292;1
293;1
NON-CONTROLLED;1
291;1
SAFE-;1
586;1
ACCORD;3
BROKER;3
NORMAL;5
INVESTING;4
(MIN;2
ùüïùüì;2
VOLUME;2
271;1
272;1
273;1
274;1
275;7
276;1
277;1
278;1
279;1
STRATEGY;1
596;1
EX-ANTE;3
583;1
EXHIBIT;2
TIERED;4
COMPARED;8
COMPANY‚ÄôS;12
ARRANGING;2
RULE	148;1
‚ÄúLOW-RISK‚Äù;1
ùêΩùë¢ùëüùëñùë†ùëëùëñùëêùë°ùëñùëúùëõ;1
COMPATIBILITY	171;1
BELOW1;1
(ALTHOUGH;1
BEHAVIOUR;1
ASSUMPTION;3
COMMON;34
UNDERTAKE;8
STANDARDISED;16
PROPOSAL;13
DISTINGUISHABLE;1
(SECTION;5
MLI);2
DISTORTS;1
ADDRESSING;22
AND/OR;9
ùüëùüí%;2
EXEMPTS;4
PARIS;15
PEOPLE‚ÄôS;3
SOLD;17
TRANSFERRING;2
CONVERGENT;1
ùüëùüéùüé;2
2014[9]);1
109;2
‚ÄúPERMANENT;1
SYSTEMS;15
102;4
COVERED;262
100;54
101;3
106;3
107;1
104;3
105;4
INTENSIVE;2
(DEEMED;1
INTRA-GROUP;138
FINALIZED;1
INTRODUCES;3
‚ÄúMNE;4
CONTROLS;11
TOP-;9
TRAFFIC;3
AIMED;3
THREE-TIERED;1
EXPANDING;1
SELLS;2
NOW;7
[11];1
EXPECT;2
DETAILED;16
COMMONALITY;2
SIMULTANEOUSLY;3
PERMITS;5
VEHICLES);1
AGGREGATES;1
8	SPECIAL;1
[16];1
LOWER;32
DE-CONSOLIDATED;1
MULTI-YEAR;1
VEHICLES2;1
NOMINAL;67
OVERVIEW	142;1
CARVE-OUT	92;1
BOOSTING;2
ANSWERS;3
EXPIRES;2
PROMOTION;1
AGGREGATED;10
752;3
JUSTIFIED;3
TASK;2
METHODS;2
RETURNING;1
DOING;6
EXTRACTIONS;1
175;3
‚ÄúBUSINESS;2
PRE-PAYMENT;1
‚Ç¨80;1
WHT;3
EXPENSE-;1
INVOLVING;8
SOON;1
EXPENSE);3
TAXABLE;56
TABLE;3
377;1
DOCUMENT;1
EXPIRED;2
COMPATIBILITY;7
ENACTED;1
267;1
DIFFERENT;95
PROFIT-SHIFTING;2
PUSHES;4
PACKAGE;6
VARY;7
AVERAGE;9
BY);1
9%;1
(CBC);1
PUBLISH;1
SUMMARY;4
99;1
98;1
PAYEE13;1
EMPLOYED;4
UNIT‚Äù;2
1ST;1
91;5
90;2
93;1
92;3
95;4
94;1
97;1
96;1
EVEN;44
AMELIORATES;1
‚ÄúESTABLISHED;1
CONFLICTED;1
(8%;1
EVALUATION;5
DISTORT;3
RESIDENT8;1
MULTI-COMPONENT;1
(RESIDENT;12
EXPENDITURE;79
ùëñùëõùëêùëúùëöùëí;2
WIDELY;6
NECESSARY11;1
CONNECTED);2
544;1
‚ÄúALL;1
REFLECTS;5
ELECTION;2
OWED;1
559;1
558;1
CALLS;1
555;1
RESTORATION;1
NON-DEDUCTIBLE;3
CURRENTLY;10
551;1
FOREGOING;1
553;1
552;1
9);1
(THIS;1
SINGLE;42
‚ÄúFINANCIAL;1
SAUDI;5
PERSIST;1
PEER;1
‚ÄúREFRESH‚Äù;1
FINES;15
DESIRE;2
519;1
SUPPLEMENTED;2
MIRROR;2
PARAMETERS;1
IIR;510
RESTRICTED;8
ORGANISATION;17
CFC‚ÄôS;1
MINORITIES;4
UNDERPINNING;2
KEY);5
MAINTAIN;2
CASH;11
RELATED‚Äù;3
MINIMIS;19
III;1
INTERGOVERNMENTAL;1
FINES);1
367;1
HEAD;16
FOOTING;4
PARENTED;3
FORM;34
DIGITALISED;1
ASSUMED;14
YEAR-AFTER-YEAR;3
CREDITING;2
HTTPS//DXDOIORG/101787/17BFA30D-EN;1
SERIOUS;1
BACK-TO-BACK;2
LOSS-MAKING;3
336A;2
ùüêùüìùüé;1
ANTE;1
FOUND;4
($75;1
REFERS;4
513;1
ASSUMES;2
PROFILE;4
PASSIVE;6
OWNERS;37
512;1
ELECT;2
TAXATION);1
515;1
4(1);2
AFFILIATES)10;1
UNLIMITED;4
CFC;38
‚ÄúNOTWITHSTANDING;1
STRADDLE;2
A‚Äù;2
INSTANCES;13
CALL;1
AGREEMENTS;1
685;1
684;1
DOWNWARD;1
CUSTOMER;2
681;1
AWAY;5
683;1
(DSTS);1
LEGISLATIVE;1
FUNCTIONS;12
752A;2
MULTIPLE;20
INTENDED;48
GENERIC;1
JUSTIFIES;1
TAXPAYER15;1
CHALLENGES;31
MAKING);1
LIMIT;21
TAXED;32
627;1
CUMBERSOME;1
SUFFER;3
RESPECTIVELY1;1
626;1
TAXPAYERS‚Äù;1
COMMERCE;1
40%;17
REVERSE-;2
[8];1
SOURCED;2
OWNERS‚Äô;2
(BOTH;3
INFLUENCE;4
407;1
SOURCE;92
405;1
404;1
403;1
402;1
401;1
OVERTAXED;1
1379;1
DOUBLE-COUNTING;2
TRANSFORMATION;2
CONDITION;9
408;1
RENDERED;5
PRE-TAX;7
CRAFTED;1
SYNERGIES;4
ENTITY-BY-ENTITY;4
BALANCES;3
HIGH;24
REFINE;2
VALUED;1
1M;3
WIDELY-;1
506;1
COMPUTED?;2
DETERMINATIVE;2
ISSUE;12
COMPULSORY;1
COSTS‚Äù);2
CLAIM;9
EXPENDITURES;33
UNDER-TAXATION;1
11%);1
(BEPS;2
COMBINATION;10
SOLE;1
TWO9;1
PERSON(S);1
DECISION;11
LOW-;4
JV‚ÄôS;3
INTERPRETED;1
379;1
CLARIFY;3
STATUTORY;7
COMPELLING;1
PRICING;31
ADDRESS;55
FAVOURABLE;2
PROGRESS;2
ORDINARY;9
372;1
MARGIN;8
374;1
COMPRISE;1
CIRCULAR;1
REALISATION;1
BASED;197
IIR);3
SOUGHT;1
RECORDS20;1
39);3
RULE‚Äù);1
393;1
392;1
391;1
INDIVIDUALS;6
397;1
PENSION;37
395;1
394;1
FAVOURING;1
COUNTING;1
(DEVELOPED;1
ùêøùëáùê∂ùê∏;4
‚ÄúUPE‚Äù;1
CONSTRUCTED;3
STRONG;6
BURDENS;22
LONGER;4
CONTEMPLATED;4
DEVELOPING;8
ENVISIONED;1
ACCURACY;1
CALCULATION);1
INCIDENCE;1
SHARE;84
CHAPTER-BY;1
POSSESSES;4
SOCIETY;1
VALUES;3
250+200;2
CEDED;1
SPECIAL;37
374A;1
24%;2
ENJOY;3
ARTICULATED;1
298;1
PARALLEL;2
ISSUER‚ÄôS;3
CORP‚ÄôS;2
PAYS;21
‚ÄúCOVERED;1
299;1
POSSIBLE;19
ACCORDING;5
245;1
POSSIBLY;2
247;1
246;1
241;3
240;1
243;5
242;5
ANCILLARY;3
WORD;2
ON-GOING;1
MANAGEABLE;1
249;1
248;1
TIMELY;1
APPEALING;1
TAX	100;1
295;1
MOBILE;9
BASE);3
507;1
PLACED;3
(BIAC);1
BASE4;1
PREPARING;5
EVALUATING;6
SCHEDULAR;1
CONCERN;4
BACK;13
ODDS;1
‚ÄúDIRECT;1
FRAGMENTATION;4
[X]%6;1
WORKING;8
ANY);1
(40;1
CONTROL?;1
381;1
AVAIL;2
PROPORTIONS;2
DESCRIBES;12
AGENT;7
179;1
178;1
ORGANISATION‚ÄôS;1
176;2
JULY;2
ÔÅº;1
173;1
172;1
171;1
170;1
(ETR)];1
1062);1
MUTUAL;7
LAND;43
LEVERAGE;3
AREA;5
VENTURES;16
SIMPLIFICATIONS;8
654;1
IIR5;1
UNECONOMIC;3
INDICATE;3
MODEL);2
655;1
933A;5
ASSESSED;6
933B;3
(40%);1
ANTALYA;1
EXPLANATIONS;1
ASSIGNED?;7
LOOKS;3
HAPPENS;1
2019[5]);4
B;258
24(4);3
ADDRESSED?;1
THIRD-PARTY;2
D;134
OVERPAYMENTS;1
ùüñùüñ%;4
REPORTED;27
YEARS1;1
CARVE-OUT	82;1
EXAMPLES	193;1
585;1
WORKED;2
192;1
EXAMPLES	198;1
‚ÄúCOST;1
EUR;55
270;1
621A;1
338;3
INTERLOCKING;1
ISSUES);1
ELIGIBLE;34
TWENTY;2
(COVERED;1
DEPRECIABLE;12
‚ÄúPERIOD;1
MAJORITY;14
PROVIDER;2
‚ÄúOPERATING;2
TRADING;5
28-29;1
USES;13
103;5
HIGHER;20
SPEED;2
(‚ÄúLOCAL;1
CIRCUMSTANCES‚Äù;1
IMPROVE;3
ABUSE;2
PUSHING;3
INTERPRETATION;6
EFFECTIVE;68
RESTS;1
BELOW-MARKET;1
REORGANISATION;4
ETRS;2
SUSTAINED;1
DETAIL;9
FINISHED;1
ENTERPRISE‚ÄôS;1
‚ÄúDETERMINED;1
ARISING;66
OPTIONS;14
CONSOLIDATION‚Äù;1
ùüèùüéùüéùüé;2
FEBRUARY;1
PERCENTAGE;62
TEMPORARY;36
RECOVERY;4
POW;2
INTERACT;3
EXPLAINED;11
-;22
ABC;2
4	CARRY-FORWARDS;1
PARTICIPANTS;1
EXPENSES);2
COMPONENTS;15
ENTITY)IN;1
323);1
DISTRIBUTIONS;23
CAME;2
NOTIFIED);1
KEEPING;1
10%);5
CONSUMPTION;5
(MTC);1
SIGNIFICANCE;1
LEASED;5
LEGAL;12
NON-CONTROLLING;2
(UTPR);8
MANAGES;1
‚ÄúEXEMPT;2
TREATY-BASED;1
RELATES));1
‚Äî;3
SMES;5
CORE;2
GROUND;1
UNDERPAYMENT;1
(SOMETIMES;1
POOLED;1
‚ÄòOTHER;2
ùüèùüê%;4
FACE;2
MINIMIZE;2
R;18
FORTIFY;1
PURPOSE-BASED;1
CERTIFIES;1
INVERSIONS;3
ALIGNED;1
DECISIONS;3
EASIER;2
FACT;43
PROCEDURAL;1
550;7
DELIVERED;2
ENABLE;1
MINORITY;44
IT‚ÄôS;1
(INCLUSIVE;2
TAXPAYERS;101
UNDERSTOOD;2
DEPARTS;3
SYSTEMIC;1
ISSUANCE;3
MODIFIES;1
336;4
CHANGING;3
RESTRUCTURE;1
12%;7
REVISITED;1
RECOVERABLE;2
692;1
693;1
OBLIGATED;1
691;1
696;1
CONSUMERS;1
694;1
695;1
PROPERTY8;1
698;1
699;1
FUNDED;4
EXACERBATED;1
542;1
543;1
540;1
541;1
546;1
547;1
(CONSOLIDATION;1
545;1
DISCUSSIONS;1
548;1
549;1
A‚ÄôS;4
COMBINED;17
PRESERVES;4
MOVE;2
APPRECIATION;1
632F;3
(H));1
APPLIES?;1
PAIRS;1
BRIEF;2
COVERS;8
PRESSURE;3
MODIFY;1
TWO-COMPLIANT;1
EXTENDS;3
APPLIES-;1
AGRICULTURAL;3
UNALLOCATED11;1
REVIEWED;1
SECURITY;10
MAAC;2
[‚Ä¶];1
DEVIATION;1
11);4
(II);13
PARTIAL;3
$12;1
BECOMING;3
SIMPLIFY;5
RULES);7
CONFORMS;2
TAXPAYER);1
(TAX;8
(NO;1
CLEARLY;1
414;1
TORNADO;1
416;1
RULES2;2
RULES5;1
411;1
412;1
413;1
UNABLE;2
ELIMINATES;10
419;1
RULES?;2
368;1
VENTURES	142;1
CAPTURE;11
PERSON‚Äù;1
INFORMATION12;1
‚ÄúORPHAN;3
VARIETY;3
UNDERTAXED;51
PERSONNEL;1
75%);4
NON-CHARITABLE;2
MECHANISMS;27
DEPARTURE;2
LARGE;20
PROPER;2
10);3
DECREASE;20
CONSTITUTES;1
REALLOCATION;3
COMPLEMENTS;3
HTTPS//WWWOECDORG/TAX/BEPS/PROGRAMME-OF-WORK-TO-DEVELOP-A-;1
REPRESENTING;3
EXECUTING;1
SEEKS;10
CODIFIED;5
MULTINATIONAL;5
STARTED;1
LEAVES;3
36%;2
(2008);1
POSSIBILITY;5
GENERATION;1
SIMULTANEOUS;6
COOPERATIVE;2
CAPITALISATION;5
2015[7]);8
MEET;26
364;1
SMOOTH-OUT;2
GROUP‚Äù;7
363;1
360;1
STAKEHOLDERS;4
RESPOND;1
C;205
(VATS);1
REVERSED;1
TREATY);1
OCCASIONALLY;1
380;1
1);3
382;1
JURISDICTIONS15;1
384;1
EXTERNAL;2
386;1
HALF;1
388;1
INPUT;4
ALLOCATING;11
INDEFINITE;1
NOTES	139;1
REVALUED;2
CLOSER;1
ABUSE1;1
DISASTER;1
SITUATIONS;30
FUNDS);5
108;1
(WHEREAS;1
SUPPLEMENTARY;3
INTERESTED;1
MECHANISM);3
CONCEPTS;3
ALONE;2
STANDARDS‚Äù5;1
653;1
SELLER;10
IMMUNITY;2
ETR;303
‚ÄúFINANCE;2
GIVE;32
MINIMISING;5
ùüíùüìùüé;1
MARKET/USER;1
BOOK-TO-BOOK;1
NEED;76
ACTIVE;2
BEEN);1
ARRANGEMENTS;50
MOVEABLE;6
365;1
UPSET;1
ACCOUNTING;322
COLLECTED;9
253;1
250;7
KEEP;1
256;1
FALLING;5
254;1
BASE-LINE;1
(25%;3
LIMITATION;23
ATTRIBUTABLE;38
INTEREST-BEARING;1
ENTAILED;2
STATED;2
SME‚ÄôS;2
OVERLAPPING;2
AGREE;8
‚ÄúRIGHT-OF-USE‚Äù;1
NOTING;1
(18);1
ENTERPRISES);1
CLAIMED;2
ùêºùëõùëêùëúùëöùëí;1
ARRIVE;8
EXTREMELY;3
(ARTICLE;5
ENTITLED;12
SIMPLICITY;3
CROSS-ALLOCATION;1
DEPART;1
‚ÄúSHOULD;1
APART;1
PROFITABILITY;3
1053);2
SUGGESTS;1
ENCOURAGE;3
$750000;1
168;1
169;1
164;1
165;1
166;1
167;1
160;2
161;2
162;1
163;1
(2019);5
NON-FINANCIAL;3
OF‚Äù;6
‚ÄúPUSHED-DOWN‚Äù;1
NAME;2
EQUIPMENT;37
CREDIT‚Äù;8
DIMINISHING;1
CONFORMING;2
CONTEMPLATE;1
PERSPECTIVE;27
NOTIONAL;3
PAYERS;1
VOTING;5
EVENT;7
OBVIOUS3;1
ELEMENTS;18
OVERVIEW	169;1
BASIC;3
INCENTIVES;15
455	A;1
APPLICATIONS;2
CULTURAL;1
LOW;98
EXAMPLES	181;1
ùëíùë•ùëùùëíùëõùëëùëñùë°ùë¢ùëüùëí;2
COMPUTE;44
RENTAL;3
609;1
TAKES;11
(JURISDICTION;3
IIR	TAX	PAID;1
MOTIVATED;1
HOLDER‚ÄôS;1
EXPENSE-RELATED;1
SHAREHOLDINGS;1
CREATE;26
UNDULY;3
CORRECTED;2
5%B;1
RECORD;2
ELIMINATING;4
EXCLUDE;28
ENTITY‚Äù);1
646;1
4M;2
IMMUNITIES);1
921;1
ASSISTING;1
677;1
CARRIED;24
INAPPROPRIATE;2
CAPITALISED;2
90%;4
EFFECT;73
KONG;2
EXTRACTED;4
CARRIES;3
LOWER-TIERED;1
SUBSTITUTION;3
Y;10
ASSUMING;6
ESTIMATE;3
EXPENSES‚Äù;1
CIRCUMVENT;2
HTTPS//DXDOIORG/101787/9789264241480-EN;1
UTPR30;1
ISSUERS;3
RETIREMENT;7
EARNS;11
LONGSTANDING;3
PAYER);1
FUNDS;60
INCOME3;2
FOCUS;16
80%;10
ACCESS;7
COMMISSION;2
GROWTH;2
INDICATION;3
ùëùùëéùëüùë°ùë¶;1
INVEST;6
FRANCHISE;5
ELEMENT);1
MATCHED;1
GROUP17;1
RECOGNITION;21
PRESERVE;9
SUPPORTING;2
32);2
UNCERTAIN;3
HTTPS//WWWOECDORG/TAX/TAX-POLICY/OECD-CLASSIFICATION-TAXES-INTERPRETATIVE-GUIDEPDF;1
FAMILIAR;3
PRESERVING;3
PARENT‚ÄôS1;1
APPROXIMATE;2
‚ÄúNET;1
SUBSTANCE-BASED;9
ùíô;11
TESTED;3
STEPS;6
COUNTRY-BY-COUNTRY-REPORTING-BEPS-ACTION-13PDF;1
EQUIVALENTS;3
BOTH‚Äù;1
(BASED;1
AUTHORISING;2
UN-OECD;1
EXTRACTIVES;1
ENHANCING;3
DEMANDS;1
(ON;1
COLLECTIVE;8
VEHICLES;16
DENIAL);2
ACCOUNTING‚Äù);1
NON-CONSTITUENT;5
SPECIFIC;47
MITIGATED;1
(OR;86
DEMONSTRATING;1
MECHANICAL;9
WIDER;2
1000;20
PROVISION);1
100+100;2
327;2
(PE);2
JURISDICTION20;1
EXPLORES;2
RELIABLY;5
PROVISIONS;63
PURCHASE;17
OVERVIEW	82;1
FEATURE;10
ALL);1
LEAVING;2
PENALTY;6
VEHICLE);1
REASSESSMENT;1
EXPLORED;2
378;1
TAKEN;71
1021A;2
BALANCE;32
INCURRING;1
CHALLENGING;2
SIZED;2
WWWOECDORG/TERMSANDCONDITIONS;1
DERIVE;4
59;1
58;1
EXAMPLES	224;1
VIEWS;6
55;6
54;3
57;1
56;1
51;3
50;10
53;4
52;5
CONTINUITY;1
STANDALONE;11
535;1
534;1
5);2
UPE);1
531;1
(CURRENT;9
AUTHORITIES;13
RECOUP;2
7	UNDERTAXED;1
MARK-UPS;1
PAYMENT;158
539;1
538;1
LEGISLATURE;1
OWNERS);3
SURE;1
DEALERS;3
303;1
ASSIGNMENT;17
SUPPORT;9
UNDERMINING;1
AIFMD;1
CORRESPONDS;1
518;1
STRIPPING;1
ONGOING;2
PRINCIPLE;25
ABOVE);6
PERSPECTIVE2;1
HEADCOUNT;2
APPLY);2
RESIDENTS;14
204;1
RESPECTS;4
(REFERRED;4
SCHEMES;1
QUOTED;1
536;1
MARKETING;7
206;1
COMMENTARIES;2
429;1
ZAKAT;24
(EXCLUDING;1
FUTURE;26
CONNECT;2
LOW-RETURN;12
‚ÄúCROSS-JURISDICTIONAL‚Äù;1
420;1
423;1
422;3
425;1
424;1
427;1
426;1
INFORMATION;86
BILATERAL;16
NOTES	234;1
INDIRECTLY);3
DRILLING;1
530;1
R‚ÄôS;1
CAPS;4
ADVERSE;4
CONTAINED;6
2017[12]);4
CONTROVERSY;1
TECHNOLOGICAL;2
[‚Ä¶]‚Äù;1
TIMES;2
SWITCHING-OFF;2
ILLUSTRATIVE;1
ADAPTING;3
INCORPORATES;2
MARK-UP;7
SUBTRACTED;1
FRANCHISOR;1
REMOVES;3
SENSE;9
REMOVED;3
CHAINS;4
EMPLOYEES);1
REVALUATION;27
ADVISORY;1
13125%;1
PAYABLE;15
MANAGERS;2
NON-TAXABLE;3
SERVICE;10
PRE-REGIME;2
2019[14]);1
CAUSED;2
SUM;14
PROBLEMS;1
OPPORTUNITIES;2
PREPARED;16
APPORTIONING;1
FORWARD;24
BELONGS;4
258;1
NOTES	120;1
FOCUSSES;1
PREPARES;6
QUASI-GOVERNMENTAL;2
HORIZONTAL;4
BACK‚Äù;2
ùüîùüî%;2
AUTOMATICALLY;3
INDUSTRIES;8
(MINIMUM;1
([24;1
TEN;1
CONTRACTS;1
BASIS);1
LICENSE;2
COUNTRY‚ÄôS;4
HARBOUR;4
(EUR;1
FORMATTING;1
CLARITY;1
APPLES;2
PRIMARILY;13
BASIS7;1
SAY;2
ADMINISTRATIONS;46
(PE-CONSTITUENT;1
(RATHER;6
JURISDICTION-BY-JURISDICTION;1
(1300);1
370;1
120;6
OVER-STATED;1
(EU);1
RE-INSURANCE;1
WITHHOLDING);1
(PERSON;1
ADD;4
CORP;78
PAID;189
229;1
AKIN;1
NON-RESIDENTS);1
226;1
225;2
224;2
BORDER;1
222;5
221;2
220;1
[2;1
PAYMENT11;1
ùëáùëéùë•ùëùùëéùë¶ùëíùëüùë†;2
ADJUSTMENT);2
WAYS;2
712;1
GUIDE;1
VICE;2
SOLUTION;23
RATE);9
WHY;1
CBCR;60
446;1
GOING;1
SOMEWHAT;1
RATE1;1
REIMBURSES;1
IMPAIRMENTS;4
NEUTRALISE;6
VIABLE;1
ùêøùëúùë§;2
DUTY;1
150;11
153;1
152;1
155;1
EXCLUSION;54
157;1
IDENTIFYING;4
REDUCTIONS;3
158;1
MEDICAL;2
623F;3
CHARACTER;9
DISTURB;2
DEDICATE;1
FOREWORD	3;1
CONVERGED;1
15%;2
HELPS;3
BACKGROUND;2
LOGIC;3
ùëéùëìùë°ùëíùëü;1
(‚ÄúALLOCABLE;1
2019[13]);1
RECORDKEEPING;1
RESTORING;2
REGIMES;40
CONDUIT;3
JUSTIFICATION;3
OFTEN;15
MINDFUL;2
[ANY;1
SUBSEQUENT;41
REASONABLY;6
METHOD1;1
SPLITTING;3
COEXIST;1
MAXIMISING;1
MINING;1
(COUNTRY;1
SUITABLE;1
PROFESSIONAL;2
COURSE;6
PARADIGM;1
TRADED;7
ONE-ANOTHER;1
CYCLE;4
SUFFERS;1
E;22
HINDERS;1
SHOW;2
OVERVIEW	110;1
SUGGEST;1
SCENARIO?;4
COMMITMENTS;2
VALUE;92
SUBSTANTIVE;20
TRADITIONAL;1
HOW;39
UNALLOCATED;3
DISCOUNTING;1
36%);2
CORRELATION;1
DIAGRAM	22;1
ELEMENT;12
ARM‚ÄôS-LENGTH;1
NEGOTIATION;2
(ITEMS;1
RELEASING;1
REGIME);3
ùê∑ùëñùëüùëíùëêùë°;1
PUSHED;2
PERSON‚ÄôS;3
FAVOUR;1
ULTIMATE;122
CALCULATIONS;9
MASS;1
376;1
OWNER-OCCUPIED;1
RESTORATION-RELATED;1
REMEDIES;1
DIALOGUE;1
(PILLAR;1
DEVELOP;17
0;77
SPITE;1
SIMPLE;7
ACKNOWLEDGED;2
CORPORATIONS‚Äù;1
RESIDUAL;8
ISOLATION;4
UNITS;6
FILED;11
SUPPLEMENT;2
ACCOUNTS;96
SELLER);1
FOCUSING;2
INEQUITY;2
FIRMS;3
INDUCED;1
VIRTUALLY;1
ACCOMMODATES;1
EXTENT);1
TURNOVER);1
DEFER;2
DIRECTION;1
690;1
ADDITIONAL;45
428;1
PREMISED;2
INVOLVED;7
PRECEDING;16
FORMAT;5
NEVER;4
CLARIFICATION;1
‚ÄúPRODUCTS;1
PRODUCTION;9
(ASSUMING;2
(WHT);1
STAYS;1
COMMONALITIES;1
812;1
DISADVANTAGE;2
CONSISTING;3
INVOLVES;3
CIRCUMSTANCES;29
ASSUMPTIONS?;2
FULL;19
AFFECTED;7
INACCURACIES;1
FIT;1
12%];1
MEASURES;32
DILUTED;1
LEAST;14
COMPARABILITY;1
421;5
2016[6]);2
VERSION;2
THEREIN);1
REALISE;1
GOVERN;2
CHARGED;2
DOUBLE-COUNTED;1
LICENSED;1
MEASURED;1
VAT;2
409;1
DEBTOR;2
BRIBES;13
348;1
PUTS;3
(10%);3
PROCESS;52
LOSSES);3
REVIEW;45
(SAME;2
PURPOSES);5
PURPOSES6;1
PURPOSES4;1
OBLIGES;2
OUTPUTS;2
ELIMINATION;23
CLAIMS;4
697;1
EVENLY;1
ESTABLISHED;50
43M;1
NON-CIT;2
LARGELY;3
193;1
THRESHOLDS;4
3RD;3
NUMERATOR;22
UNPREDICTABLE;1
LICENSES;2
UNRELATED;10
ESTABLISHMENT‚Äù;1
SHIPPING;11
ATTRIBUTING;1
BASIS15;1
EXAMPLES	235;1
SORTS;1
HTTPS//WWWOECDORG/TAX/BEPS/POLICY-NOTE-BEPS-INCLUSIVE-;1
MAAC14;1
(TOP-;1
INSTRUCTIONS;2
RELIES;8
SMALLER;7
HIDE;1
LEADERS;1
RULES	45;1
CIVIL;1
COMPANY;72
IMPLEMENTATION	170;1
(NOT;1
MODIFIED;4
PRE-;1
REASSESSES;1
EXPLOITATION;2
525;1
526;1
[X]%;9
520;1
RELIEF;10
522;1
OWNS;60
SECTOR-SPECIFIC;1
INVESTEE;1
CARVE-OUTS;4
528;1
529;1
FREQUENT;3
SUBGROUPS;2
FLAW;1
DUAL-RESIDENCE;1
UNILATERALLY;1
UNION;4
EMPLOYEES;36
290;1
TRUCKING;1
PARTNERSHIPS;1
7(2);1
INDIVIDUAL;6
306;1
PROPRIETARY;1
307;1
AUTHORITY‚ÄôS;1
GENERATE;20
NEGOTIATIONS;5
PENSION‚ÄôS;1
BLOW;1
IN];2
NOTES	21;1
INSURES;2
43);1
REGARDED;5
THRESHOLD2;1
INHERENTLY;1
CO‚ÄôS;8
ENTERPRISES;17
LESSER;3
INSURED;3
DETERMINATION;33
‚ÄúGLOBE;1
88;1
SOCIAL;11
436;1
437;1
FACILITATES;3
HIGH-LEVEL;3
REMAINDER;5
433;2
430;1
431;2
REAL;2
347;1
[X];4
FORWARDS;6
ORIP;2
TRANSACTIONAL;1
ERROR;4
CONTEMPLATION;2
ALLOCATES;15
STRAIN;1
COST;63
CAVE-OUT;1
ANALOGY;1
PERFORMANCE;1
SHAREHOLDER);1
REWARDED;1
(EXEMPTION);1
ùêπùëúùëüùëíùëñùëîùëõ;2
BRANCHES;1
YEAR‚ÄôS;4
CIRCUMSTANCES?;3
ùüïùüìùüé;4
(200;5
EXECUTIVE;2
COMPETITIVE;22
30%;2
TANTAMOUNT;2
EXPLOIT;2
IMPACTED;3
SETS;16
CUSTODIANS;1
(POW);1
ANSWER;40
557;1
BODIES;8
BORNE;5
PARTY);1
EMERGING;2
INTRA-;7
(PAGE;1
PRESENCE;3
DECEMBER;4
PICK;1
EFFORTS;1
315;1
OUTCOMES;64
DENIABILITY;1
595;1
COMPETITORS;1
INVESTOR‚ÄôS;1
PERIOD);2
ADVANCED;1
UPPER;2
SUB-PARAGRAPH;1
AMORTIZE;1
JOIN;2
ADMINISTRATIONS11;1
STEPS	13;1
DATABASE;1
PERSONAL;4
NORMALLY;2
NON-REFUNDABLE;4
PROPOSAL-PILLAR-TWOPDFPDF;1
PLEASE;1
PERIOD4;1
EXERCISED;3
SEPARATELY;21
CONNECTED;58
CHOOSE;5
INTRODUCED;17
PUT;3
SLIGHTLY;1
WITHHOLD;3
TWO	11;1
COMPOSED;1
OVER-;1
RELATIONSHIP;3
REACHING;1
ARRANGEMENT13;1
FUNDAMENTAL;1
MATERIAL;34
EXCHANGE);1
TAXES);7
‚ÄúALL-IN‚Äù;1
BAD;4
WILLING;1
238;1
239;1
EXCHANGE2;1
234;2
235;2
236;2
237;2
230;1
231;3
HTTPS//DOIORG/101787/BEBA0634-EN;1
233;2
BLUEPRINT;18
993;1
INDICATED;1
MET);2
DEALING;5
SPINS-OFF;1
STAKEHOLDER;2
ESTIMATES;2
470;1
TOGETHER;18
(2011);1
REASSESSING;1
RECOMMENDATIONS);1
FACT-INTENSIVE;1
FORGIVABLE;1
ASSURANCE;1
PERFORMS;2
222);1
SURCHARGES;1
GOVERNMENT‚Äù;1
(100);8
LEVIES;3
147;1
144;1
145;1
142;1
COMPUTED;83
140;3
141;1
ALMOST;7
CORPORATION‚ÄôS;9
148;2
149;1
COMPUTES;3
MOVED;1
DIGITAL;13
PRICES;1
1965-2017;1
IN-SCOPE;5
FUND‚Äù;3
LEAGUE;2
COMPARE;1
ALREADY;43
B452;1
PRE-EXISTING;3
DEDUCTION);1
COMPREHENSIVE;13
122;1
PROPORTIONATE;23
COMPLEXITY;26
(WITHOUT;2
AROSE;5
HANDS;13
UPES;2
PRIORITISES;1
125;5
COMMISSIONAIRE;1
ENTITLEMENT);1
NEUTRALISING;2
[(100;2
FOREWORD;1
SEPARATE;64
25%);1
COMPUTERS;1
JURISDICTION2;1
SPENT;1
OVERVIEW	104;1
DIFFICULTY;2
APPROACHES;17
TRACTS;4
FORTIORI;1
ROUTING;1
FILE;6
ROUTINE;1
IDENTICAL);1
ENTERED;4
HTTPS//DOIORG/101787/MTC_COND-2017-EN;1
[2];1
MISSTATEMENTS;1
JUSTIFY;3
WORLDWIDE;6
CUSTOMERS;8
EXAMPLE	179;1
RARE;3
TOP-DOWN;35
OFFER;5
517;1
NON-FINANCIAL);1
CURRENCY);1
UPE‚ÄôS;6
ùê∂ùëúùëõùë†ùë°ùëñùë°ùë¢ùëíùëõùë°;3
PAID);3
OPTIONALITY;1
SCO;2
933;2
932;3
(STATELESS;1
‚ÄúEXCLUDED;2
CONFORMITY;3
SUFFICE;1
935;1
934;3
87;1
SCOPES;1
DISTORTING;3
FAMILY;5
(SEE;25
CHOICES;3
(DECEMBER;1
PROPOSES;1
BASE;305
EVALUATED;1
SCOPED;1
REACHED;5
DISPUTING;1
MONITORING;1
(EXPECTED);1
INVESTOR;12
IWG;2
RETURN13;1
LESSEE;8
PROFITABLE;8
NON-GAAP;1
ENTITY?;1
RETAINED;12
EMERGENCY;5
BANKING;1
LOANS;1
IMPOSE;21
POSED;4
ENTITY1;1
JOINTLY;2
RESOURCES16;1
STRAIGHT-LINE;4
ùëôùëúùë§;1
PAYMENTS24;1
ENTITY);7
OWNER‚ÄôS;19
REFERENCES;2
821;1
CONSIDERS;6
822;2
ADAPTATIONS;1
SUB-HOLDING;2
DE-ACTIVATES;1
ùüóùüë;1
SOMETIMES;3
(CAPS)	130;1
SAFEGUARDS;2
227;1
WHOLLY-;1
INTERACTION;21
DONE;6
BRIBE;4
EXCEEDS;18
CONSEQUENCE;1
EARTHQUAKE;1
RELATIVELY;15
MARCH;3
LOAN);1
ROUNDING;2
ENTITY-LEVEL;4
PARTNER‚ÄôS;1
TODAY‚ÄôS;1
BASIS26;1
WARRANTY;2
AGREEMENT‚Äù;1
ANTI-BASE;2
TIE-BREAKER;2
MINIMUM;256
EIGHT;1
613;1
COMPETENT;3
(AS;6
(AT;1
TRANSPARENT;50
933E;2
FUNCTION;10
(A);26
IMAGINE;3
(‚ÄúMAAC‚Äù);1
ADMINISTRATIVELY;3
(FOR;14
GUIDED;2
EQUIPPED;1
TAXES‚Äù;1
UNDER-WITHHOLDING;1
PREPARATION;12
BONUSES;2
EXAMPLES;15
AUTHORITY);2
HORTICULTURAL;1
EXAMPLES	241;1
SUBJECTED;1
ADJUSTMENT;90
ùëáùëúùëù;2
922;1
OWNING;2
THEREIN;4
EXPANSIVE;1
‚ÄúSANTIAGO;2
LEAD;14
POST-ACQUISITION;1
‚ÄúADJUSTED;3
COMPONENT;33
AGREEMENT;28
STIPULATE;1
A‚Äù);1
CONSIDERATIONS	17;1
PREVENTS;3
511;1
510;1
ASSESSMENTS;2
PROXIES;1
INTEGRITY;7
514;1
SIMPLEST;1
516;1
623;1
622;1
621;1
ùë•;3
DRAWS;2
CORRECTLY;2
625;2
624;1
223;2
629;1
REGIONAL;2
RULES	175;1
1A;1
TREATIES;31
ADMINISTRABLE;5
BENEFITTED;2
PROGRESSIVE;1
LIFETIME;1
DRAWN;1
PARTS;4
ASSET-INTENSIVE;1
MERE;3
ADJUSTMENTS);2
MECHANICS;14
COOPERATION;1
REQUIREMENT;20
SET;91
FINANCE;3
ùüìùüé;2
COLUMN;3
ùëç;2
PAYROLL;51
RULE;481
INCREASE;49
SEE;57
356;1
EARNINGS;23
PE-;1
DIFFERS;3
WORLD;4
GRACE;6
PRESENT;22
PROXY;5
MINERALS;1
HARBOURS;3
EDUCATIONAL;1
EASY;3
IMF;3
AFFECTS;3
ACCURATE;4
ACRONYMS	8;1
PRODUCT;7
LOOKING;1
FINALISED;1
RAISES;7
ACRONYMS;1
OBLIGATION;27
PROGRAMMES;1
SPECIFICITIES;2
11;23
10;45
13;30
12;27
15;14
14;16
17;7
16;13
19;7
18;13
REVISED;4
LIST;17
RE-COMPUTE;5
SUPPOSITION;1
354;1
(‚ÄúUTPR;1
1%;4
DEFERRAL;9
DETERMINATIONS;3
AFTER-TAX;3
(IIR);8
DISCUSS;1
BOARD;1
UNWINDING;1
DO;71
‚ÄúIN;8
‚ÄúRESULTS;2
NOTES	109;1
BASIS;126
PARTIALLY-OWNED;1
SHIFT;11
‚ÄúIF;1
DE;36
RESOLVING;1
NOTES	102;1
SALES;20
NON-CURRENT;3
CONTACT;1
LEGISLATED;1
INVESTS;1
PUSHDOWN;5
648;1
IRRELEVANT;2
APPROVED;3
(11;1
SEEKING;3
RE-VALUED;1
REQUIRING;19
605;1
QUESTION;47
DEPOSITS;2
COMPOSITION;1
432A;1
COLLECTS;2
LEASES‚Äù;5
PERIOD(S);1
689;1
VIOLATIONS;1
ORIGINAL;4
RE-VALUES;1
201;1
200;26
203;1
202;1
205;1
(CHINA);2
207;1
COPE;1
SUCCESSFUL;1
208;1
MLI;7
ZERO;9
679;1
INCLUDES;59
LOSS-;1
831;1
20%;16
TREATY2;1
RULE	119;1
TENDS;1
INCLUDED;101
ROLLED-UP;1
EXTENSIVE;1
FIXED;21
687;1
(11%;3
CITY;1
CONCEPT;5
ANNEX;35
(75%;1
FORMING;2
COMPLIANT;1
THOUSANDS;1
680;1
25%;19
SELLER‚ÄôS;6
UNDERWAY;1
(CIT;2
READILY;2
REVISION;1
PREFERABLE;2
CITE;1
RATIO;8
EUROPEAN;5
BASE-ERODING;4
DEPRECIATION-BASED;1
NON-POLITICAL;1
PAYMENTS-BASED;3
WB;1
EXTEND;9
COMPILE;2
228;1
UNUSUAL;1
EXEMPTED;2
DISTORTION;11
THOUGHT;1
RING-FENCE;1
PAYEE);5
LIST);2
556;1
1300;7
PROBLEM;5
UNILATERAL;2
BOUNDARIES;1
INCREASES/DECREASES;4
Z;1
LIMITS;10
RECORDS;4
674;1
STARTS;2
FRAME;1
(TO;1
EXPANSIONS;1
POST-;2
IMPORTANT;15
INTERPLAY;1
ALLOWED;31
CERTIFICATES;3
RIG;1
ADMINISTRATIVE;45
200000;1
RECEIPT;3
ùëüùëíùëôùëéùë°ùëíùëë;1
PRACTITIONERS;1
LEVEL;82
SEEMS;1
NATIONAL;7
HAD;24
SERVICE);1
8-10;4
LOOKBACK;4
GRANTS);3
OFFERS;3
ENTER;4
EXCHANGING;2
CORPORATIONS;13
ùëìùëüùëúùëö;2
OPERATE;35
RECORDING;2
‚ÄúDEEMED;1
ACTUAL;21
RENTS;3
MICRO;1
ENDORSED;2
GATHER;1
625%;5
6M;1
20%);1
THRESHOLD	41;1
SUPPLIES;1
GOES;1
NON-LISTED;1
PREJUDICE;1
ùëîùëüùëúùë¢ùëù;1
COMPLIANCES;1
924;1
925;1
TFDE;1
COMPARABLES;1
ùüîùüî;2
GRAPHIC;1
HELP;8
INTEREST5;1
COST-PLUS;2
COHERENT;1
NOTES;18
CONTAIN;11
PURSUANT;15
TRANSFERRED;11
DECREASES;11
HUNDREDS;1
ARGUED;1
COMPLEX;8
DESIGN;102
AUDITOR;6
EXCESS;81
COORDINATED;13
NOTED;8
PARTICIPATION;10
DIVIDE;1
2019[3]);1
833;1
497;1
STANDARDS‚Äô;2
MET;16
DEPENDENT;2
490;1
PRESENTED;1
784;3
COMMONLY;18
491;1
ESTIMATING;1
INTRAGROUP;56
MODEL17;1
492;1
CARRY;14
IDENTIFICATION;7
493;1
NON-;4
(GOVERNMENT;2
KEY10;1
50000;4
PREREQUISITE;1
MINERAL;5
2035)10;1
688;1
BASES;1
FUND‚ÄôS;1
FUND;68
OFFERING;1
923;2
GROUP-WIDE;2
SUBSIDY;2
358;1
AFFECTING;2
AMELIORATE;1
NON-DISCRIMINATION;2
TODAY;1
INTERESTS;102
CERTIFICATE;3
UNITED;12
781;1
782;2
783;1
INDEFINITELY;1
OFFENSE;1
LABOUR-RELATED;1
SURFACE;2
DISINCENTIVES;1
ALLUDES;1
APPROACH;164
DECREASE);1
SOURCE-BASED;1
LIABLE;12
CONCEPTUAL;1
673;1
HTTPS//WWWIFSWFORG/SITES/DEFAULT/FILES/SANTIAGOPRINCIPLES_0_0PDF;1
TENTATIVE;1
252;1
NOMINALLY;1
151;1
2?;1
ASSOCIATED;39
ùëÉùëéùëüùëíùëõùë°;1
CUSTOMISATION;1
BUILT-IN;1
DISTINGUISHES;1
HARD;2
359;1
TAX25;1
29;2
60;10
61;3
62;4
63;5
64;3
65;1
66;4
67;1
68;1
PHRASE;1
AUDITING;3
MORE);3
RECENT;3
CASE;82
TRACKING;6
IMMATERIAL;1
(TOP-UP;1
156;1
CO-ORDINATE;2
COEXISTENCE;1
PROFILES;1
BETTER;6
UNION);1
ùëáùëéùë•;4
REVERSE-HYBRID;14
671;1
2039(B);1
508;1
‚ÄúPUSH;1
DISTINGUISH;3
UNCONNECTED;4
IDENTIFIES;7
505;1
502;1
OCCURS;1
500;5
501;1
COUNTRIES‚Äô;1
CONSIDERATIONS;19
632;2
633;1
PREDOMINATELY;1
635;1
ESTABLISHMENTS);1
FACTORS;18
638;1
JUNE;2
MERELY;3
400;3
TAXPAYER‚ÄôS;15
COMMITMENT;3
RECOVERIES;1
‚ÄúBIOLOGICAL;1
FIELD;9
NON-RECURRING;1
SUPRANATIONAL;2
ùê¥;4
WAY;56
DECREASED;5
63);1
200M;2
COME;2
GROW;1
DIFFERENCE];1
MEASURES-TO-PREVENT-BEPSPDF;1
OFFENSES;1
FOCUSES;11
IDENTIFIABLE;2
INSURANCE/REINSURANCE;1
MAKE);2
ALIGNING;2
SHAREHOLDER‚ÄôS;10
DENYING;7
ANNUALLY;5
PERSONS;79
FOCUSED;13
ENHANCEMENT;1
STATISTICAL;2
OWNER;24
RESULTING;18
TYPE;13
DELINEATION;1
UNDERMINED;3
ENTITY12;1
REPAYMENT;3
ELABORATED;1
DID;10
UNEXPECTED;1
MODEST;1
EXCLUDED1;1
‚ÄúCONSTITUENT;6
ENTITY19;1
AIM;4
YEAR-BY-YEAR;1
10	IMPLEMENTATION;1
VIRTUE;4
PARTICULAR;73
AID;1
HOLDERS;17
DIP;1
342A;2
ACQUIRES;1
MEANT;1
COMPUTING;43
SUBSTITUTES;3
LEAKAGE;2
NOT);1
BILATERALLY;2
INFORMED;7
INTRODUCE;6
ATHLETIC;1
SUBSTANTIAL;5
REPUBLIC;9
342E;2
ARISE;31
PROCESS‚Äô;1
RISK-ASSESSMENT;1
CONDITIONALLY;1
FINANCES;2
CONFLICT;5
SOFTWARE;2
DENIAL;13
LIMBS;1
FELT;1
EXISTS;2
7);1
LEADING;3
IS;1958
ACCEPTS;4
EMPIRICAL;1
CHARACTERISATION;1
II;2
JURISDICTION)18;1
‚ÄúLOW-RISK;1
DISTINGUISHED;1
SUBJECTS;1
(BECAUSE;3
IE;15
PROGRAMME;12
771);1
CONTAINS;5
DISCRIMINATE;2
DIVIDING;8
SECRETARIAT;2
COVERING;3
ADVISERS;1
IIR/UTPR;1
FACILITATING;3
(60%);1
BASE14;1
APPROACH	112;1
(LISTED);1
FELL;1
‚ÄúPARAGRAPH;1
(IAS;3
REFLECTIVE;1
STAFF;2
SMOOTH;2
BOX;9
PROFESSIONALS;3
214;1
215;1
212;1
213;1
210;1
211;1
2018[2]);1
CERTIFY;6
LEGISLATION;25
SOVEREIGN;18
EXPRESSED;4
219;1
CONSTITUTE;3
IASB;8
REGULATORS;5
RULE	121;1
TREAT;14
2M;2
REGULATORY;7
(B);20
IGNORING;1
PROVIDER);2
PLAYING;9
COUNTRIES);1
‚ÄúSUBSTANTIALLY;1
WORDS;11
(WHERE;5
SHOCK;2
CROSS-JURISDICTIONAL;1
(P;3
BASE-EROSION;1
RELIANCE;5
‚ÄúRECYCLED‚Äù;1
573;1
COROLLARY;2
ROYALTY;19
ANTI-MONEY;1
DON‚ÄôT;1
ùë¢ùëù;2
(B;5
(C;7
(A;5
(58%;1
GET;1
(D;3
(E;2
MULTIPLIED;6
COMPARABLE;8
570;1
686;1
SHIELD;2
‚ÄúCONSOLIDATION;1
GRANT;6
JVS;5
577;1
DISTRIBUTE;4
MONETARY;1
ILLUSTRATION;10
ENVISAGED;4
ORDER	169;1
IAS28;1
VALOREM;1
OBVIOUS;4
DESIGNED;70
COUNTERING;1
MERITS;1
INFORMS;1
CONVERGE;3
EROSION;30
DISREGARDING;3
SHOWS;1
DESIGNS;1
TREATS;12
ILLUSTRATES;11
[10];1
PILLAR;100
ùüèùüìùüó;1
(10);1
NON-OPERATING;1
TREATY;114
ILLUSTRATED;28
PARTIES);7
ùüèùüìùüé;1
ASSOCIATES;16
SHAREHOLDER;46
(100;2
HTTPS//DXDOIORG/101787/9789264241046-EN;1
668;1
RESPECT;240
ALTERNATIVE;25
CONSTRAINED;1
[9];1
[1];1
DERIVATIVES;1
BASE-;1
OVERVIEW	122;1
(LOCAL;2
ATTACHED;1
QUALITATIVE;2
PRACTICE;18
FAVOURABLY;2
569;1
422A;2
(IMF;1
VESTING;1
STAND;1
69;1
244;1
ùëùùëéùë¶ùëöùëíùëõùë°ùë†;2
FINE;6
LEVERAGES;2
ORDINARILY;3
SALARY;4
ADDED;7
MERGER);2
BUILDS;1
(TFDE);1
POPULATIONS;1
OMISSIONS;1
OPTIONS	104;1
ùë°ùëéùë•;1
29(9);1
MAKERS;1
ORGANISED;5
SUBDIVISIONS;2
KEYSTONE;1
(AGGREGATE);3
SERVICE/INTANGIBLE;1
IRRESPECTIVE;10
RULES‚Äù12;1
APPEARS;1
IP;18
‚ÄúTHE;1
IMPROVES;4
VOTES;1
MEDIUM;4
SHEET;7
JUST;3
2010);1
ACTIVITIES‚Äù;1
ùüèùüéùüé;4
ARRANGEMENT;57
HINGE;1
PURCHASING;2
ùëÉùëíùëüùëêùëíùëõùë°ùëéùëîùëí;2
ACCOUNTED;20
PLACE;24
432;2
OFFSET;10
SUSTAINABLE;5
373;1
MERGERS;2
USUAL;2
RESTRICTION;7
PERCENTAGE);1
TAXPAYER;137
REVENUE;77
375;1
OFFERED;3
INCLUSIVE;110
NON-GOVERNMENTAL;1
FAMILY);1
MEANTIME;1
EFFECTIVELY;19
NON-DEPRECIABLE;3
ANTI-FRAGMENTATION;2
LTCE;2
5(6);1
ANTI-CONTRACT;1
(CBCR);5
ROUTED;1
SUBJECT;304
SUBDIVISION;4
DEDUCTIBILITY;4
ISSUED;3
‚ÄúINTERMEDIATE‚Äù;2
STABLE;2
663;1
IDENTIFIED;25
ENTITY‚ÄôS;95
BRIGHT;2
PERMANENT;122
DISTORTIONS;17
COUNTERPARTY;3
REALLOCATING;1
CONTRACTOR9;1
ISSUES;32
ISSUER;1
PURCHASES;1
931;3
(LOSS);7
‚ÄúTOP-UP;2
CALCULATED;22
GREATER);1
TRUNCATED;1
COMMUNITY;2
ASKED;1
CAPTIVE;1
TIMBER;4
CROSS-;1
MASTER;2
PURCHASED;1
IMPEDES;1
FLOW-CHART	20;1
CONTRIBUTIONS;13
CALCULATES;1
RECAPTURE;6
ATTRACTIVE;1
OVERVIEW	45;1
DEVELOPMENT;27
751;1
750;15
COUNTRIES;26
SERIES;2
CAPACITIES;2
SHELTERING;1
MAXIMUM;10
LOSES;1
1595;1
ùëàùëáùëÉùëÖ;4
CONSTRUCTION;1
STREAMS;1
(JVS);1
75%;11
RELATES;13
TAXES	45;1
75);5
(C);13
CARRY-;9
504;1
SIGNIFICANTLY;13
MTC;5
NO-TAX;1
LED;3
ATTENDANT;1
1022;2
COUNTED;1
PROPORTION;53
722;2
503;1
YEAR-END;4
FLEXIBILITY;1
INEFFECTIVE;2
710;1
BROADER;9
CONTRACTORS;5
ADDITIONS;1
PROBLEMATIC;1
FLUCTUATE;1
RECIPIENT‚ÄôS;3
STAFFING;1
REALISED;6
SECTOR;5
STRENGTHENED;1
PARTIALLY-;2
SORTING;1
(PARTIALLY;1
600;1
603;1
631;4
EFFICIENT;7
DEFERRING;1
CASE-BY-CASE;1
608;1
60%;20
COMPLETELY;1
50M;1
(UP;2
ASPECT;1
SALES);1
BACKSTOP;19
SEEM;6
CONCEPTUALLY;4
SEEK;11
399;1
MINIMAL;1
468;1
RUNS;1
BLUSH;1
HARMS;1
FAIR;22
ùëôùëñùëöùëñùë°ùëéùë°ùëñùëúùëõ;1
COMPLETED;1
637;1
THRESHOLD14;1
COSTS);1
ZEALAND;2
‚ÄúCLIFF-EDGE‚Äù;1
RULES10;1
423D;5
5;63
ALIKE;2
464;1
OVERRIDE;1
UNDERTAKEN;17
SUFFERED;4
FACILITATE;9
DIVIDED;1
BRINGS;1
SUCCESSOR;2
FIRM;1
‚ÄúPARENT‚Äù;2
CREDITS);2
6	INCOME;1
ERODED;1
461;1
CONCLUDES;1
CONTINUING;2
CONTAINING;2
486;1
460;1
SCOPE	24;1
START;6
REMEDY;3
MULTIPLYING;3
463;1
489;1
488;1
487;1
IMPOSSIBLE;2
‚ÄúENTITY;1
STANDARD;85
483;1
482;1
PROFITS;101
480;1
ùëáùëéùë•ùëùùëéùë¶ùëíùëü;2
RECEIVED;34
LAYER;5
(INCREASE);1
STRAIGHTFORWARD;4
‚ÄúSUM;1
3-5;1
SINGAPORE;2
SYSTEM;24
(‚ÄúORPHAN;1
COMPILING;1
SUB-GROUP;1
SUMMARISED;3
SEVER;2
MECHANIC;4
COMBINING;2
RECONCILIATION;2
154;1
TENTH;1
SECTORAL;2
(THAT;6
INVENTORY;9
HTTPS//WWWOECDORG/TAX/TREATIES/MULTILATERAL-CONVENTION-TO-IMPLEMENT-TAX-TREATY-RELATED-;1
(NET;1
ILLUSTRATING;2
BASE	51;1
SIT;1
VOLATILE;2
WORKERS;1
CONCLUDED;2
DIFFERENCE5;1
FAIL;2
1051);3
527;1
GAIN;30
RIGHT-OF-USE;12
CONSISTS;5
GROSS-BASIS;1
APPORTIONED;1
PERFORMING;1
DEBT-FINANCED;1
198;1
DISTRIBUTES;3
FORCE;5
IMPACTS;3
BONDS;1
IMPLEMENTATION;38
THINGS;3
ERODING;8
STEPPED-UP;6
MNE-2;3
ANTICIPATED;2
VIS-√†-VIS;2
OBLIGED;9
ARTIFICIALLY;1
TEXT;2
PERCENTAGE)];2
632);4
(DIRECT);1
BODY;2
PRIMA;6
FORUM;1
(BUT;3
DISGORGE;1
BY-LINE;2
ùê∫ùëôùëúùêµùê∏;3
OBSTACLES;2
MINISTERS;1
ASSESS;4
[11%;1
‚Ç¨20;2
SUBSTANTIVELY;1
RUN;1
INCLUDIBLE;1
FRANCHISEE;1
SUBSTITUTE;2
(450);2
REGULARLY;2
TANGIBLE;41
LOOK;1
YEARS);2
LOW-RISK;4
SPUN-OUT;1
DIFFERENCES;95
DELAYED;1
619;1
ACCOMMODATE;7
INSTANCE;22
BACK-;2
ùüêùüì%;2
SIMPLY;15
195;1
25(3);1
(1000;2
VIEW;7
199;1
DUAL;2
GETTING;3
IMPOSING;8
194;1
197;1
196;1
191;1
190;1
GOOD;7
UNREGULATED;1
CURRENCY;5
PAYER‚ÄôS;4
GUARDS;1
SIGNIFICANT/;1
AFFILIATE;1
KICKBACKS;2
RESPECTIVELY;12
PE3;1
HARSHER;2
DRAWING;1
MARKET;10
ROOTED;1
ACCELERATION;1
FACIE;6
PROMULGATED;2
CRITICALLY;1
VARIED;1
UNRELIEVED;1
RESTRICTING;1
AMOUNT13;1
CONTRACT;3
COMPRISED;6
TIER;2
VARIES;2
CAVEAT;1
POSITION;13
LOOK-BACK;1
ELIGIBILITY;1
STAND-;2
TARGETS;5
INCORPORATING;1
ùüì;2
ENTITIES‚Äù);2
NFE;1
5000;1
(SOR);2
MEMBERS;61
RETROACTIVELY;1
CAPABLE;1
(IIR)	111;1
(WITH;1
EXCLUSION	106;1
DRIVEN;5
CO);21
DELETERIOUS;1
PROTECTION;4
TRACKED;4
AMOUNTED;3
VEHICLE;10
UNPRECEDENTED;1
(CFC);4
SATISFY;5
CONSEQUENCES;6
MINIMISES;5
REDEEMS;1
CO-;3
DELIVER;6
INSTRUCT;1
DRAFTING;4
APPROXIMATION;4
MULTI-MILLION;1
ASSUMPTIONS;7
KEY34;1
HTTPS//DXDOIORG/101787/9789264115606-EN;1
MINIMISE;18
QUANTITATIVE;1
(ELIGIBLE;2
DETAILS;6
HTTPS//DOIORG/101787/9789264216525-EN;1
VEST;1
AVERAGE);1
PRESUMPTION;2
(BY;1
JURISDICTION21;1
LIEU;13
ORPHAN;40
HABITUALLY;2
S);1
CARRYING;50
EXPLORATION;10
‚ÄúBLUEPRINT‚Äù);1
SUCCEEDING;1
DEPRIVING;3
HOLDER;7
FIXTURES;1
PROJECTS;1
ENGINEER;1
EXPLORING;1
KEPT;6
KNOWS;1
INCOMPATIBLE;1
PREVENTED;6
‚ÄúUSE;1
UNREQUITED;2
CONTRACTED;2
RESTRUCTURING;2
RECOGNIZED;1
85%;1
INTERIM;8
ELECTIVE;1
6;38
KNOWN;2
ORGANIZATION;1
‚Ç¨5;4
COMMENTARY;23
CARRY-FORWARDS;40
LEFT;3
(FTE);1
BALLOON;1
NON-RESIDENT;11
100);2
ORDERLY;1
REJECTING;1
INVENTORIABLE;1
HAPPEN;1
(EITHER;2
ACHIEVE;15
325-1A;1
MISALLOCATION;1
BARRELS;1
ADVANTAGE;16
COUPLED;1
SHELTER;6
COMPLYING;3
JURISDICTION‚Äù;4
INCENTIVISED;1
ORDINATION;1
(2);1
TRIGGERING;1
INDIVIDUAL);1
CONTRASTED;1
‚ÄúLOW-TAX;2
DEFINE;6
741;1
742;1
NOVEL;1
744;3
(WHEN;1
HTTPS//WWWIFRSORG/USE-AROUND-THE-WORLD/USE-OF-IFRS-STANDARDS-BY-JURISDICTION/#ANALYSIS;1
449;1
UNDISTRIBUTED;2
FEES;13
DAILY;2
SCRUTINY;1
NON-INCOME;2
STEP;12
EXTENDED;3
DRAFT;1
ASSERTED;1
RIGOROUS;2
ENHANCE;3
ENTITIES‚Äô;2
MEANINGFUL;4
CORRECT;3
(D);6
1051;8
1052;5
1053;2
EXPORTS15;1
INITIATE;1
COHERENCE;1
MNE-2‚ÄôS;3
LENDER;2
RESPONSIBILITY;3
FRONTIERS;1
61B;5
ORGANISE;2
RECHARGE;4
PES;3
715;2
100000;2
618;1
STAKE;8
(750);6
CREATING;6
612;1
UNDERTAKING;2
610;1
611;1
616;1
617;1
614;1
615;1
X;72
COLLECTIVELY;2
LAYERED;1
SOLVE;4
CO-EXISTENCE;3
SYSTEMATIC;3
6666%;2
ADMINISTERING;1
ACTIVITY10;1
ORDINATED;1
‚ÄúASSOCIATE‚Äù;1
BUILDINGS;6
HTTPS//WWWOECDORG/TAX/BEPS/PUBLIC-CONSULTATION-DOCUMENT-GLOBAL-ANTI-BASE-EROSION-;1
PUBLISHING;17
ASSOCIATE;22
DISPARITY;1
RUNNING;1
PRODUCE;19
CHANGED;2
PERIODS;12
$20;1
UNTAXED;4
CRITERION;2
COUNTERPARTY‚ÄôS;1
‚ÄúONE;1
CONNECTED-PERSON;1
ORGANICALLY;1
NOTES	80;1
MIN;2
RESTRICTION);3
RECORDED;11
REGULATION);1
15-POINT;1
RISK-BASED;1
INCENTIVE;5
CLAUSE‚Äù);2
CHANNELS;1
MIX;1
PRACTICES;3
COMBINE;2
499;1
BLENDING;55
494;1
495;1
LINE;36
JURISDICTION‚Äô);1
FORTH;2
NON-PROFIT;16
STATEMENTS?;1
421C;2
24;23
25;15
26;4
27;2
20;40
21;5
22;16
23;24
DEMONSTRATES;2
OFFICIAL;1
28;4
PANDEMIC;3
LONG;10
PRIORITY;37
423-424;1
RENT;4
ADVERSELY;1
CLIENT;4
OPPORTUNITY;1
2);6
DEEMING;2
ADOPTS;3
GOVERNMENT‚ÄôS;2
VALUE-ADDED;1
CONTINUOUS;1
PERSON;49
CONSOLIDATION);1
INCREASINGLY;2
BROAD;9
COLLECTION;5
MAINTAINED;8
SHIFTING;30
YEAR(S);1
ùëÅùëíùë°;1
YEARS];1
ACKNOWLEDGING;1
JURISDICTION‚ÄôS;37
SITUATION?;2
FUNCTIONING;1
UPDATED;1
415;1
ADDITION;33
ACTS;2
IMPLICATIONS;3
DISPOSED;2
422B;2
KINGDOM;3
ATTACH;1
623D;3
BOOKS;4
(TOP;3
SIGNIFICANT;57
NOTES	244;1
441;1
THEREAFTER2;1
EXPLORATION-RELATED;1
‚ÄúPORTFOLIO;1
INTERPRET;1
‚ÄúPURCHASE;1
CONTESTED;1
ARTICLES;4
EXPLOITS;1
GOVERNMENT;71
209;1
PRINCIPLES;42
OCCURRED;6
PASSAGE;1
177;1
INVESTEE‚ÄôS;1
UNLIKELY;6
THREE-STEP;1
TRANSLATE;1
323;2
(ETR);2
DISCOVERY;1
SEPARABLE;1
SPIKE;2
TESTS;2
174;1
CONSENSUS-BASED;5
CHAIN;23
STRICTLY;2
FALLS;7
BROUGHT;7
MNE-1;5
632D;8
DISTINGUISHING;1
(SMES)12;1
7;30
R&D;4
ARTICLE;84
Z‚Äù;2
PRACTISE;1
607;1
STRUCTURES);1
410;1
BRING;20
ENTITIES	30;1
THIRD;23
EASILY;2
(VIA;1
EG;3
MONEY‚ÄôS;1
PROPOSALS;3
EUR120;1
(IWG;1
NEUTRALITY;13
NARROWING;1
EX;1
TEST);1
LEGALLY;5
AFFILIATES;1
ASPECTS;8
237);1
CLARIFIED;1
STRUCTURES;36
DEDUCTIONS);1
OUTSTANDING;12
632B;2
[12];1
DISPERSION;1
(ORIP);1
IMPORTANTLY;3
PRINCIPLE);1
APPROACH‚Äù;1
601;1
(POSSIBLY;2
EARNING;4
STRUCTURES‚Äù;2
CLARIFIES;1
GONE;1
COURT;1
WHEREBY;6
PARITY;1
SYMBOL;1
FORMED;1
MOTIVE;1
YEARS21;1
592;1
(OECD/G20;1
ENTITY‚Äù;7
KEEPS;1
SMALL;11
FREQUENTLY;2
DEDUCTING;1
ENTITY‚Äì;1
05%;1
CATEGORIES;21
SO-CALLED;1
WORDING;1
HTTPS//DOIORG/101787/9789264241138-EN;1
183;1
REASONS;25
JURISDICTION1;1
STRAIGHT-FORWARD;4
JURISDICTION3;1
PROCESS);1
GOVERNMENTAL;18
ALLOCABLE;18
X%;1
182;1
JURISDICTION);15
SWITCH;2
181;1
186;1
187;1
184;1
185;1
PUSH;3
ASSETS/LIABILITIES;1
188;1
IMPLEMENTED;23
(PARTICULARLY;1
561;1
QUANTITY;1
9%);1
CENTRAL;2
ADMINISTRATION‚ÄôS;2
INTERNATIONALLY;13
JURISDICTIONS;285
PROGRESSED;1
61A;2
INVESTEES;1
AGRICULTURE;5
XX;1
ùëúùëì;9
DISCLOSED;1
CONSTITUENT;640
DEMONSTRATE;2
ENTITIES8;1
DIFFERENCE;62
CODIFYING;2
DEALER;1
BEARING;6
RESIDENTS‚Äù;1
189;1
IMPOSITION;15
PREJUDICES;1
(30%;1
NEGATIVE);1
(AND;23
2026;1
ACCRETION;1
2020;11
NON-RESIDENT'S;1
KEY;111
ALWAYS;6
EFFICIENTLY;1
SPECIFY;2
IN);1
DATES;1
INFRASTRUCTURE;3
KEYS;17
(IF;2
X‚ÄôS;5
PERSON9;1
DISALLOWING;1
DISTORTIVE;1
[A];1
GROUND-UP;1
2015[11]);3
EXCEEDED;8
CONTRACTUAL;3
(34%;1
EMPLOYMENT;9
PROCEEDS;2
ARTICLES1;1
GROUNDS;7
IMPACT;29
PICTURE;2
RESOURCE;8
PREFERENTIAL;8
EXPOSED;11
7M;2
EARLIER;1
ADMINISTRATION;48
IMMEDIATE;13
(ADJUSTED;1
‚ÄúMINOR;1
(EG;24
TEMPLATES;2
QUESTIONS;21
MENTIONED;5
TRANSFERS;5
REFER;1
MOVES;1
CALLED;2
‚ÄúSALVAGE‚Äù;1
774;3
PROSPECTIVELY;3
ENTITIES);8
771;1
773;1
772;1
BEAT;1
PENALTIES);1
350;1
M;1
BEAR;4
77;7
76;7
75;17
74;6
73;4
72;6
71;4
LINE-BY-LINE;14
‚ÄúNEARLY;1
DEMONSTRATED;2
77);1
(E);3
79;1
78;7
1043;1
PE‚ÄôS;2
1041;1
NON-DEDUCTIBILITY;1
QUALIFIES;2
NOTE	147;1
WISH;1
(IASB);1
ASSIGNING;7
LITIGATED;1
CIVIC;1
CO-ORDINATION	169;1
SHAREHOLDERS);1
ASSUME;18
PARTNERS;1
FRANCHISEE‚ÄôS;1
652;1
TEST;85
WAGES;4
ENGAGES;1
RE-STRUCTURING;1
COLLECTING;2
COMMITTED;4
1042;1
AIMS;6
ROYALTIES7;1
669;1
217;1
667;1
666;1
JV;15
664;1
ABSENCE;9
REINFORCING;1
661;1
DIFFERING;1
CONSENSUS;8
ENTREPRENEURIAL;1
PARENTS;39
EMPLOYER);2
CONTROLLED-FOREIGN-CORPORATION;1
CONVERTING;1
[100;1
PERFECTLY;1
MATERIALLY;11
NEWLY;2
BEHALF;7
9(1);1
PRECISE;6
524;1
PROVEN;1
OUTCOME;19
(THE;21
DISCONTINUING;1
DISCUSSION;12
MILLION;15
DESIRABLE;1
EMPLOYER;6
EXTRACTION;1
(HOLD;5
CORRESPONDINGLY;1
OF7;1
CARRY-OVER;3
UNDERPIN;3
8;18
PREVIOUS;10
OVERVIEW	23;1
METHOD;60
RIGHTS);1
521;2
([200;1
CONSIDER;20
DIRECTIVE;2
CREATED;21
ùê∏ùëõùë°ùëñùë°ùë¶;3
AFTER-;1
UNNECESSARY;1
OPERATES;38
CREATES;11
SETTING;9
218;1
GUIDING;1
ANTI-CONDUIT;1
OPERATED;9
9	SUBJECT;1
SUBMISSIONS;5
MAINTAINS;2
IAS;22
(AFTER;3
REPRESENTS;9
ùëëùëñùëüùëíùëêùë°;1
RESTATING;1
ADAPTATIONS);1
(AIFMD);1
INTERVENING;1
PARENT);2
AWARE;1
CHARITABLE;3
NEUTRAL;5
(ASSUMED;8
INCOME;1164
BUYER;7
‚ÄúSAVING;2
PROCESS7;1
SCHEME?;1
USEFULNESS;1
FINANCING;12
SHORT;1
2017[8]);11
313;1
312;1
INTERLINKED;2
MANAGE;2
317;1
316;1
TIED;1
314;1
DERIVING;4
448;1
KNOW-HOW);1
WHOLLY-OWNED;10
INDEMNITY;1
GAAP);1
PARENT‚ÄôS;30
REPLICATED;1
275);10
CHANGES;22
(5%);2
PUBLISHED;1
PATTERN;7
D?;2
(PROPORTIONATE;1
SAFE-HARBOUR;8
TRANSITIONAL;4
INCLUSION;166
BEING;60
NOTIFICATION;1
ESSENTIAL;1
CONSENSUS-;1
ADMINISTRATIONS‚Äô;1
ALTER;2
HO;1
DIFFICULTIES;1
YES;1
FRACTION;13
442;1
SURVEY;1
DEFINING;4
JURISDICTION(S);1
GOVERNMENTS;10
743D;2
PURPOSES11;1
BUY-SELL;1
440;1
IMPOSED;77
RECOGNISE;9
DISPROPORTIONATELY;1
743C;2
CO‚ÄëOPERATING;1
447;1
	‚ÄúFOREIGN;1
ACCURATELY;3
IMPOSES;6
(THIRD;6
406;1
EMPLOYEES‚Äô;1
ARRANGEMENTS)11;1
(II));1
SCRUTINISED;1
NON-QUALIFIED;2
MINOR;6
(2014);1
REQUESTED;1
(IV);1
SAFEGUARD;2
REMITTED;1
(TOGETHER;3
TAKING;22
SAUDI‚ÄôS;1
UNREALISED;1
SATISFIED;4
ATTRIBUTED;3
125/20%;1
630;1
EXPLORE;13
PURPOSE;83
COMPREHENSIVELY;2
ATTRIBUTES;5
POWER10;1
PROVISION;17
REFERRED;14
RESOLVED;1
FULL-TIME;1
OMIT;1
OFFICE;17
FURTHERING;2
ùëñùëõùë°ùëüùëéùëîùëüùëúùë¢ùëù;5
WARRANTS;1
GLOBAL;19
FINALITY‚Äù;1
ADMINISTRATORS;1
PAYEE;38
BY-COUNTRY;1
RESIDENCY;3
ENTITLE;2
RESOLVES;1
CE‚ÄôS;1
SUBSIDIARY;84
CONDITIONED;2
EASIEST;1
SEGREGATE;1
RESPECTIVE;6
UTPR	136;1
APPLE;1
UTPR	134;1
(CAPS);1
CHARACTERISTICS;3
SITUS;1
CONDUCTS;4
‚ÄúCLOSELY;3
IMPUTATION;7
DISTRIBUTING;8
NON-SAUDI'S;1
SHIFTS;2
HTTPS//DOIORG/101787/TPG-2017-EN;1
PURSUED;1
FRINGE;2
CARVE-OUT7;1
OPTS;1
659;1
NEEDS;9
DEFINITIVE;3
BREADTH;2
TARGETED;12
‚ÄúASSOCIATED;1
FULLY);1
COVER;12
INTEGRATION;1
236A;1
THRESHOLD;100
‚ÄúPRIOR;2
COUNTRY-BY-COUNTRY;13
(60%;3
FAIRNESS;2
ùëéùëôùëô;5
EXPEDITIOUS;1
EXAMPLE;286
OVERLAY;1
VOLATILITY;5
366;1
EARN;3
DEPRIVED;1
TURNING;1
GOAL;2
INTERCOMPANY;8
634;1
BELOW);3
ENTITIES	144;1
MANUAL;2
ENTITIES	142;1
PREFERRED;8
EVENTS;2
DEACTIVATE;1
PART-TIME;2
INTERNAL;4
(INSTEAD;1
DECREASES);1
INNOVATION;2
(12);1
NON-ECONOMIC;1
ENTIRELY;2
STOCK-BASED;26
SAVED;1
THRESHOLD3;1
CONTRAST;4
DELINEATE;1
MULTI-TIERED;1
AGENCY;8
88%;4
UTPR‚ÄôS;2
REVERSAL;4
PERSONS‚Äù;1
ASCERTAINABLE;2
DIVERGENCE;1
SHOWN;4
UNDO;1
FACILITATED;2
TERRITORIAL;1
CO-EXISTENCE	19;1
SIMPLIFIED;34
CENTRALLY;1
DENY;1
SITUATION;23
TEND;3
ACTIVATING;1
KINGDOM‚ÄôS;1
‚ÄúMATERIAL;1
BUILT;1
THRESHOLD);1
STABILISING;1
OWN;32
636;1
THEREBY;11
EQUALLED;1
FAR;5
HTTPS//DXDOIORG/101787/9789264293083-EN;1
PRIVILEGES;2
(=;1
643;1
LEVIED);1
(PARAGRAPH;1
FORMULAIC;17
STEMMING;1
BROKERS;1
INTEREST;94
BUYS;1
9;22
RETAIN;5
COUNTERPARTIES;2
IIRS;3
CLEAR;7
BENCHMARKING;1
SHIFTED;5
LEVY;5
OCTOBER;3
SHORTLY;1
438;1
STAMP;2
OCCASIONS;1
439;1
NATIONS;3
DEDUCTION;65
UNFAIRNESS;1
000;1
ALLOW;43
CONDUCT;2
CBCRRULES;1
IMPAIRED;6
JURIDICAL;2
LINE-DRAWING;1
IIR4;1
434;1
FISCAL;11
DISCOVERED;2
PLANT;34
435;1
ETR);5
PLANS;4
SCENARIO;7
NOTEWORTHY;2
BLENDED;3
POINTED;2
MONTHS;2
LINE‚Äì;1
261;1
260;1
ADOPTION;2
YEAR‚Äù;2
IMPROVING;3
(EVEN;2
CONFIRMED;1
BELONGING;5
639;1
266;1
B‚ÄôS;10
50);1
DOCUMENTS;2
‚ÄúINCLUDED;2
RENDER;2
STATELESS;34
CHARGES;6
REACH;1
ESCAPE;5
OUTBREAK;1
(EXCLUDED;1
(F);2
X200);1
ùüìùüñ%;2
FILTER;3
OPPOSED;1
PARTY;54
STATEMENTS‚Äù;1
[5];1
FEATURES;18
325;2
268;1
707;1
GAINS;33
CLOSEST;1
OPENING;1
COMPUTATIONS;5
[17];1
(CHAPTER;5
DERIVED;14
TESTING;1
(40%;1
TURN;7
TAXED‚Äù;2
DISPERSED;1
ADJUST;2
INHERIT);1
COVERED);1
VALUATION;1
(ASSOCIATED;1
BOOK-TO-TAX;2
700;1
BIAC;1
678;1
IDEALLY;4
TOP-UP-TAX;1
UNDERSTATING;1
675;1
676;1
ADOPT;8
670;1
DE-MINIMIS;1
672;1
PREDOMINANTLY;1
BRIGHT-LINE;2
RECOVERED;1
TRIGGER;18
(TAXES;1
ùüèùüëùüéùüé;3
‚ÄúCONFORMITY;1
MANIPULATE;1
UNIQUE;4
CREDITABLE;3
WIDE;3
DISQUALIFY;1
EXPEDITIOUSLY;1
(NUMERATOR;1
REMOVING;1
CERTIFICATION;13
JURISDICTION14;1
SIMPLIFIES;1
AUTHORITY;8
ASSIGN;2
NEEDED;19
READS;2
DOES;160
UNADJUSTED;2
VARYING;2
(ENTITIES;1
FLUCTUATIONS;1
LIMITATION‚Äù;1
POST-IMPAIRMENT;4
PARTIALLY;96
BENEFICIAL;9
CITIZENS;1
REFERENCES	245;1
CONTINGENT;7
ùüëùüë;4
7%;1
DEFENCE;1
B);8
CHAMBER;1
‚ÄúPARENTS‚Äù;1
INTRAGROUP3;1
ALLOWING;16
PRINT;1
EVIDENTIAL;1
APPEAL;1
‚ÄùOPERATING;1
ENTITIES13;1
PRACTICABLE;1
TREATING;5
ERRORS‚Äù;2
CAPACITY);1
JURISDICTIONS‚Äô;1
537;1
REPORTING);1
NATIONALS;2
VARIATIONS;1
LOOKED;1
VERY;4
MEMBERS);1
COMPENSATE;3
PERFORMED;16
PASSED;1
TONNAGE;5
GLOBE?;1
SELF-ASSESSMENT;9
ACKNOWLEDGES;1
RELIGIOUS;1
JURISDICTIONAL;132
TECHNICALLY;2
308;1
309;1
SUMMARISES;4
CALCULATE;6
IRREGULAR;1
PERMISSIVE;1
300;11
301;1
302;1
UPE;76
304;1
305;1
PROPORTIONALLY;3
‚ÄúTAX;2
SUBJECTIVE;1
RULES17;1
CAUSE;4
(B)(I);1
2010A);1
INHERITED;1
RELEASE;5
FOLLOW;9
‚ÄúFOREIGN‚Äù;1
RE-CALCULATE;2
LINKED;10
RECEIPTS;5
OVERSTATED;1
MIXTURE;1
(REQUIRED;1
[15];1
DEVELOPED;25
&;2
TAX];1
‚ÄòMULTILATERAL;1
JURISDICTIONS‚Äù;1
INTANGIBLE;23
	REDUCES;1
MATERIALISE;1
RELATION;46
‚ÄúRECOGNISED;3
STRIKES;1
ACCOUNTING-TAX;1
INCONSISTENT;7
STAGGERED;1
CHOICE;3
SUBSTANCE;12
PREPARE;22
INTERACTIONS;2
TECHNICAL;42
REFUNDED;4
INDICATIVE;2
70;4
‚ÄúA;1
RECHARGING;1
FEE‚Äù)6;1
COMPETE;1
[(60%;1
ENTITY18;2
DETRIMENT;1
AFFECT;13
NET;142
RATIO-BASED;1
OPEN;1
‚ÄúS;1
554;1
MEETS;13
PROLIFERATION;1
MANDATORY;1
[4];1
SPENDING;1
LTCE‚Äù;2
EASE;2
DENOMINATOR;5
GUARANTEED;1
SALE;28
ESTABLISHMENTS;18
657;1
CONVENTION‚Äù;1
LABOUR;5
CONTRARY;6
COMPLICATIONS;1
RELATE;5
RESULTED;3
GUARANTEES;1
INTERACTS;1
OUTLINED;3
DISALLOWED;6
LAWS;39
PREDICTABILITY;2
DIVIDENDS‚Äù;1
SCIENTIFIC;1
ENTITIES‚Äù;6
DISCUSSED;40
LESSEE‚ÄôS;10
NA;3
EXCLUSIVELY;17
HIGHLY;3
REGULATOR;2
TREATY-;1
ESTABLISHMENT);1
BORROWS;1
STATEMENT;15
OTHERS;4
LAW4;1
DE-ACTIVATE;1
RULES‚Äù);1
TYPICAL;1
GDP;1
115;1
SELF-;1
TICKET;1
[14];1
UTPR	122;1
143;1
ENTERPRISE‚Äù;1
EUR-;1
ùëÜùë¢ùëö;1
CREDITS;60
ENTERTAINMENT;1
BOOK;5
PUTTING;4
ARTISTIC;1
CATEGORIZED;1
SUBSTANTIALLY;6
TOOK;1
PROHIBITIVELY;2
FURNITURE;1
OPERATION13;1
(GAAP);2
BORROWER;3
COMBAT;2
ENGAGED;1
DIGITALISING;3
EQUAL;40
EXEMPTING;2
‚ÄúSIMILAR;1
EXAMINATION;5
1(3);3
342C;2
342B;2
COMMERCIALLY;3
STRICT;5
342G;4
342F;3
INCURRED;30
342D;2
EXCLUSIVE;2
MAAC);1
OVER-OR;1
MECHANICALLY;1
PE-CONSTITUENT;2
A);9
TONS;1
ASSISTANCE;15
F;3
DISREGARDED;25
GOVERNED;1
GLOBALISATION;1
A1;27
BENEFICIARIES;2
RULES;726
STANDARD);3
ADVANCES;1
620;1
362;1
ADOPTING;6
STATUS;10
UNINTENDED;4
APPARENT;1
AD;1
ARTICLES4;1
SUFFICIENT;15
CONSULTS;1
STANDARDS;67
CONFIDENT;1
INVESTED;2
SPLIT;7
BOTH);1
TIMING;61
COMPILATION;1
CAP;33
IMPLICIT;1
STANDARD18;1
BUILDING;7
509;1
SEVEN;1
OBSTACLE;1
10)27;1
BROADLY;8
CARRIED-FORWARD;2
CO-ORDINATION;25
PROFITS);3
200);2
RE-INVESTMENTS;1
INDICATORS;1
NOTE;6
462;1
RATIONALE;23
FLOW-CHART;1
2008;1
MAINTAINING;3
SIMPLER;8
SUPER-;1
ENHANCES;1
(EXCEPT;1
G20;11
CONSTRAINTS;2
(INCOME);3
LARGEST;1
MINORITIES);1
MULTI-TIER;1
ACCRUE;4
BINDING;3
FINALISATION;3
ENHANCED;1
FALL;18
RESEARCH;3
(100%;6
IMPLICATION;1
VIEWED;2
PRICE16;1
COMPLICATE;2
611A;1
ADDRESSES;13
RESIDENT‚ÄôS;1
CUMULATIVE;5
811;1
TAXPAYER	133;1
ADDRESSED;9
CRITICAL;3
COLUMNS;2
CUSHION;1
CASES;93
ATTRACT;1
665;1
CASE);1
NIL);1
RELEVANT;111
SHELTERED;1
HTTPS//WWWOECDORG/CTP/GUIDANCE-ON-THE-IMPLEMENTATION-OF-;1
4%);1
(DENOMINATOR);2
DEDUCTED;4
714;1
713;1
ULTIMATELY;6
711;1
662;1
P;20
ECONOMIC;45
INTERPRETATIVE;1
PREFERENCE;3
STRUCTURING;7
SPIN;1
CORRESPONDING;18
YEARS	107;1
660;1
PROCEDURE;3
MANUFACTURING;5
RECOGNISES;20
INITIATED;5
ORDER);1
1061;1
AVOIDING;10
INDUSTRY;8
1062;1
(UPE);2
ùüêùüïùüì;7
PERSONS);1
STTR;179
COMPENSATED;1
ONLY;135
RECOGNISED;51
STRESSED;2
GUIDANCE	108;1
LOW-MARGIN;1
CARRY-FORWARDS	84;1
AREAS;10
591;1
590;1
593;1
CODE;1
PERTINENT;1
594;1
597;1
COMPLEMENTED;3
599;1
598;1
DRIVERS;1
MEMORANDUM;5
MAXIMISE;3
DELIVERING;2
(IIR;2
(IE;45
VERSA;2
COLLOQUIALLY;1
(IN;11
(SUCH;18
INDEPENDENTLY;3
CONFIRMS;1
2003/361;1
(NUMERATOR);2
628;1
BRINGING;5
LATTER;10
EXPLICIT;1
PRE-PAYMENTS;1
MATERIALITY;25
FEASIBLE;2
STATES‚Äô;3
421A;3
LOCATION;5
HYPOTHETICAL;2
421B;2
ùê¥ùëôùëô;1
SERVICES‚Äù;1
OPERATES17;1
IMPLICATE;1
STARTING;22
DEFINES;4
COMMENT;1
ESSENTIALLY;4
NECESSARILY;3
LEGITIMATELY;2
443;1
FULLY;7
AGREED;95
RESPONSIBLE;3
MISMATCH;4
EQUALS;5
445;1
444;1
‚ÄúCONNECTED‚Äù;1
GROSS);1
FIVE;1
MAINTENANCE;3
(PROVIDED;1
TARGETING;7
832;1
TECHNOLOGY;2
SITUATED;5
FLOWS;2
INSTRUMENTALITY;1
CBC;18
39;1
38;1
3?;2
IMMOVABLE;1
33;9
32;5
31;4
30;10
37;2
36;1
35;1
34;7
641;1
640;1
3);2
642;1
645;1
644;1
‚ó¶;39
+;17
649;1
(I);14
WORK-IN-;1
(INCOME;2
SECONDARY;2
CREDIBLE;1
GROSS;21
(ITS;1
OF);2
339;1
RAISE;9
RECIPIENTS;1
SPLIT-OWNERSHIP;37
335;3
334;8
337;2
DEALT;1
331;5
330;1
333;7
332;3
SCENARIOS;4
PORTION;47
LEVELS;9
KNOW;4
NON-RESIDENTS;3
RIGHT-;2
SME;3
CHARACTERISED;7
MEETING;2
(2016);1
REFORMING;2
CORRELATED;1
RATE19;1
POINT;27
(OTHER;3
(75%);2
(ORGANISED;1
STAND-ALONE;12
SALARIES;2
SELF-CONSTRUCTED;6
SOLUTIONS;3
DISPOSITION;14
ARRANGEMENT‚ÄôS;1
EXPECTED;45
1021;1
NATURALLY;1
EXTRACT;3
WORKABLE;2
BOND;4
THEREWITH;1
ANNUALISED;5
LAUNDERING;1
ACKNOWLEDGE;2
SOLID;4
(CREDIT);1
ALIGN;11
REGARD;13
FULFILMENT;2
SITE;1
SIFTING;1
HOST;1
CANNOT;30
MACHINERY;3
PORTFOLIO;5
ANTI-;1
CONSECUTIVE;1
CALENDAR;2
EURO;1
LOSS;103
BLUEPRINTS;4
CO-OPERATION;2
RIGHTS;31
‚ÄúSPLIT-OWNERSHIP;2
COMMUNICATION;1
MNE2;3
EXISTS);1
560;1
CONSISTENTLY;13
LEVEL3;1
DISTRIBUTIONS);1
DISALLOWANCE;1
LOSE;2
ACCUMULATED;7
NON-COMMERCIAL;1
CENTRALISED;1
ENSHRINE;2
PAGE;1
STRUCTURE;20
‚ÄúCONSERVATIVELY-LOW‚Äù;1
ENGAGEMENT;1
(500/5000;1
PUBLICATION;2
RESTATEMENT;1
ùë°ùëú;2
TOP;18
ANTI-ABUSE;8
LINES;4
ADJUSTED;82
LOWER-TIER;1
(2017);2
FORMS;10
PURCHASER);1
532;1
HOLDING;10
417;1
TRYING;1
(12%;4
PRIMACY;1
BUY/SELL;1
BREAKDOWN;3
RETROSPECTIVELY;1
ENTITLEMENT;9
EUROS;1
CO-ORDINATING;3
CHOSEN;1
SETTLED;2
OVERLOOK;1
(‚ÄúGLOBE‚Äù);1
ITCS;9
EX-POST;9
INCREMENTAL;13
[X]8;1
232;2
COMPUTATION;87
UTPRS;3
BECOME;7
(MLI);1
[CONNECTED;1
(SMES);1
STATUTE;3
ARISES;15
REMAINS;9
GUIDELINES;7
IIR(S);1
COVID-19;4
UTPR);4
PROJECT;10
‚ÄúFOREIGN;1
EMPLOYEE‚ÄôS;6
SUPPLEMENTING;1
MULTILATERAL;47
COUNTERPARTIES);1
STOCKS;1
DIVERGENT;2
CIRCUMVENTED;1
BANK;5
STOCK-;2
BOUNCE;1
ASSIGNED;65
OF-USE;2
GENERATES;4
2	SCOPE;1
ACCEPTANCE;1
NEGATIVE;2
INNOVATIONS;2
LINE-;1
DUPLICATIVE;1
LONG-TERM;3
WIDESPREAD;1
CYCLES;3
TOOLS;2
TAXPAYERS‚Äù);1
REFUND;23
ONEROUS;2
LEGALISTIC;4
CERTIFYING;1
CONSIST;2
TAXING;47
CERTAINTY;26
(3333%;1
ùüëùüë%;2
ECONOMIES;2
133;1
132;1
131;1
130;1
137;3
136;2
135;2
134;1
USUALLY;8
INURE;1
139;1
138;1
PRIVATISATIONS;1
(OFTEN;4
SAFE-HARBOUR);1
(FULLY);1
SHORTCOMINGS;1
OFFSETTING;2
CENTURY;2
FORESEEABLE;1
TAXPAYING;2
PARA;1
ùüñùüìùüé;4
ORGANISATIONS;23
DISCREPANCY;1
WHOLLY;13
UNPAID;1
159;1
MANIPULATED;1
2019;11
2018;6
STTR2;1
2015;7
2014;1
‚ÄúEXCESS;3
2016;2
2010;1
2013;2
CREDITS‚Äù);2
632G;2
FOUNDATION;5
632E;2
DEDUCT;6
632C;2
DISTRIBUTION-BASED;5
632A;2
‚ÄúNON-QUALIFIED;2
GROUP‚ÄôS;48
DERIVES;8
632J;2
MID-2021;1
632H;2
SWITCH-OVER;13
NUANCES;2
OIL;4
HOLDERS‚Äô;1
BURDEN;34
PAYMENTS);6
ROBUST;2
THEREOF);2
COUNTRY-;1
000M;1
ILLUSTRATE;1
TAX);8
ESTIMATED;3
BOTTOM-UP;1
LESSOR;6
DISCOURAGE;1
SWIFTLY;1
ENTITY31;1
INCOME‚Äù;3
SERVES;11
(HO);1
BRIBERY;3
DELIBERATELY;1
APPLICABILITY;3
(COMMONLY;1
180;1
PREVENTION;7
CHAPTER;65
146;1
8);1
TRANSPORTATION;1
ARMS-LENGTH;1
CIRCUMSTANCE;2
704;1
705;1
706;1
OBLIGATES;2
PAYEE‚ÄôS;1
701;1
702;1
703;1
PRODUCED;3
ACCOUNTABLE;4
89;2
EXPERIENCE;1
CONTEXT;41
24(3);3
82;4
83;7
80;10
81;5
86;1
FAIRER;1
84;1
85;3
WEBSITE;2
(‚ÄúIFRS‚Äù);1
YEAR-ENDS;1
DEFERRED;34
RETURN‚Äù);1
BECOMES;7
COMPLETING;2
FLOW;16
ùëñùëõ;1
MANAGER;4
EFFICIENCIES;2
CONVERGENCE;1
DISCHARGE;2
2019);1
APPLIED;91
LOW-TAX;153
584;1
FUNGIBILITY;1
582;1
EXCISE;3
580;1
2019[4]);4
RULES6;1
NON-MOBILE;1
589;1
UNUSED;3
RANGE;17
58%;2
1%);2
REST;2
NON-GROUP;1
APPLIES;123
QUARTERLY;1
ACCOUNTS9;1
TRACING;2
CAP);2
3	CALCULATING;1
WITHHOLDING;71
TRIGGERED;7
383;1
AND);1
418;1
VENTURER;2
498;1
ADHERE;1
‚ÄúFISCAL;2
8-9;1
ASSETS‚Äù;1
REFUNDABLE;55
DEDUCIBLE;1
INURING;2
UNDERMINE;10
PRINCIPLES‚Äù;2
458;1
459;1
OBSERVES;1
‚ÄúFRANCHISE;1
‚ÄúSTEPPED-UP‚Äù;1
IT);2
450;3
451;1
452;1
LEVIED;25
454;1
319;1
456;1
457;1
PRACTICAL;4
ARABIA;4
318;1
POTENTIALLY;13
DECIDE;3
UTPR?;5
ALLOWANCES;2
CAPPED;3
WORKS;1
ESTABLISHMENT;64
RESPONDED;1
PHYSICAL;1
DIRECTED;1
INTRODUCTION	14;1
LEASING;5
ùëõùëíùë°;1
ORDERING;5
622B;1
579;1
WORK;92
DEPENDS;7
656;1
DELIMITATION;1
LIABILITIES‚Äù;1
RULES	23;1
TIMING);1
SHAREHOLDING;3
650;1
651;1
SUMMARY	14;1
SUMMARY	15;1
BELONG;2
UTPR9;1
BEGINNING;11
311;1
658;1
ARRANGE;2
REVERSE;10
AFFAIRS;2
PROTECT;15
310;1
ENTAIL;2
2-4;1
CARVE-;7
CAPTURES;1
DUE;34
HERE;1
TAXPAYER22;1
TAXPAYER23;1
UNDERLYING;48
PERMANENTLY;1
ADAPT;1
2015[1]);2
SPLIT-;4
AROSE3;1
ùüêùüì;1
GROSS-UP;1
TARGET;38
DISPOSAL;3
HEADQUARTERED;10
ITC;5
OVER-TAXATION;15
CERTIFICATIONS;7
MATTER;13
NOTES	43;1
PREDICTABLE;1
ùüïùüì%;2
[3];1
PARTIES;19
NARROW;3
COMMENSURATE;1
CONTRACTOR;1
DISPROPORTIONATE;8
‚ÄúTOP-DOWN;1
(GILTI);3
PROCESSES;7
STATEMENTS;62
NETWORK;1
EXTENSION;5
DEPENDING;12
RECOGNISING;9
ABBREVIATIONS;2
DESTINATION;1
DRAW;1
2011/61/EU;1
STATES;13
ENTERPRISES1;1
LOSS);55
DEADLINE;1
‚Ç¨120;2
DURATION;6
PATH;1
ESTABLISHING;2
2008[15]);1
MODEL‚Äù);1
SEVERED;1
INCOME4;1
496;1
PUBLISHER;1
DEPEND;4
INVESTORS;20
(2020);2
MANAGING;6
RELIABLE;10
OUTCOMES7;1
GENERATED;7
322;3
NOTES	192;1
320;1
321;2
326;2
ALLOCATE;8
324;2
WELFARE;2
AGGREGATE;21
SUBSTANCE-;1
328;2
329;1
=;58
INCOME);12
POOR;3
[13];1
563;1
REFUNDS;8
HEADED;1
CORRESPOND;2
HIGHLY-TAXED;1
POST-FILING;14
WELL-ESTABLISHED;1
565;1
NOTES	178;1
REFLECTING;1
FINALITY;2
QUALIFICATION;1
BLENDING	72;1
DIRECTLY-OWNED;1
HOLD;83
(ITCS);1
(OCI);1
POOL;6
PAVED;1
3333%;1
CEILING;3
APPLYING;92
GROUP32;1
CALCULATING;26
CONSIDERED;68
STATE);1
AGGREGATING;1
[7];1
MATERIALISES;2
(2018);2
DISTINCT;2
‚ÄúUTPR;1
(III);3
CLIFF-EDGE;1
GUARANTEE;7
572;1
STATEMENT);1
YEAR-TO-YEAR;1
INDICATOR;2
631A;6
EXEMPTION);1
UNAVAILABLE;1
CORRECTIVE;5
ACHIEVED;3
SERVE;9
FRAMEWORK);3
LICENSEE;1
ACCRUES;7
LIKELY;44
D‚ÄôS;11
2018[10]);2
WANT;1
ACCRUED;39
DEFINITIONS;18
BEST;7
12A;3
REDUCING;8
BENEFITS);1
(LOCATED;3
‚ÄúFIT‚Äù;1
(‚ÄòTHE;1
SIMILARITIES;3
‚ÄúACTIVE;1
PREVENTING;1
CONTRACTING;26
FRAGMENTING;1
ACTIVITY;13
RETAINING;1
ALLOCATED;195
STRUCTURAL;3
PARTNERSHIP‚ÄôS;3
NATURAL;21
HISTORICAL;7
SECTORS;4
12);1
369;1
HEREIN;1
CONSENSUS-SOLUTION-TO-THE-TAX-CHALLENGES-ARISING-FROM-THE-DIGITALISATION-OF-THE-ECONOMYPDF;1
RELATIVE;5
121;1
SAVINGS;2
123;1
124;1
DIFFERENTLY;3
126;1
127;1
128;1
129;1
CONFIGURED;1
RESTORE;2
COMPUTATIONAL;1
NIL;4
‚ÄúORPHAN‚Äù;2
UNCOORDINATED;1
WELCOME;1
ALLOWS;20
REFLECTED;10
PROHIBITIVE;1
REFLECT;10
ITEM;21
(IFRS);1
UNSTABLE;1
DISTORTED;1
5(9);3
361;1
(SUBSECTION;1
SET-UP;1
RETURN;58
BRIDGED;1
ENCOURAGES;2
LIGHT;8
EQUIVALENCY;2
UNIFORM;1
‚ÄúENTERPRISE‚Äù;2
LEAVE;5
RATE;395
CHRONOLOGICAL;3
CO-EXIST;1
682;1
AUTHORISATION;1
PERCENTAGE‚Äù;2
(70;1
743A;3
PAYING;11
2011[17]);1
25/4;1
ERRORS;1
743B;4
RECOVERING;1
INTRODUCTION;2
AGEING;1
ADJUSTING;8
LARGER;8
INTENSITY;1
OECD‚ÄôS;1
LIABILITY;141
‚ÄúQUALIFIED;8
IIR?;8
(REGARDLESS;1
CLOSELY;5
PE;35
ANALYTICAL;1
INCUR;2
(DRAWING;1
INCREASING;1
SWIFT;1
523;1
REPAYMENT);2
STANDARDIZED;1
ESCAPING;1
PAYOR14;1
INCURS;3
647;1
LOW-TAXED;84
ITEMS;44
EQUIVALENT;33
721;1
HIGH-TAX;7
RE-VALUATION;1
RECAPTURED;3
(ALSO;1
REASON;4
DISPUTES;6
PUSH-DOWN;2
INCENTIVISE;2
EQUALITY;1
CUT;1
‚ÄúCONNECTED;1
UNIT;28
DISPUTE;9
EXCLUDES;13
SUBSIDIARY‚ÄôS;6
CUSTOMARY;1
PRESENTLY;1
TRACE;1
PROCUREMENT;7
TRACK;1
POSITIVE;5
ùüêùüíùüê;2
UNDERPINS;2
OBTAINING;4
STAGGER;1
BEEN;76
164%;1
ACTIVELY;1
EXPENSING;9
LABOUR-;1
EXCLUDED;105
STRIKE;1
933C;3
AVOIDED;2
VOLUNTARY;1
PAGES;1
385;1
(EXCESS;2
TAX‚Äù);1
MISMATCHES;2
578;1
PERTAINING;1
PERHAPS;6
B(II);1
571;1
387;1
MEMBER);1
576;1
575;1
574;1
KNOWLEDGE-BASED;1
ACCELERATED;12
606;1
‚ÄúPERSONS‚Äù;1
389;1
SEPARATING;1
DISTINCTION;3
IMPLEMENT;10
FUNCTIONALLY;1
‚ÄúBASE-ERODING;1
DENIES;1
COVID19);1
ENTERS;2
REFORM;2
FORGIVENESS;1
602;1
AMOUNT);1
(INCLUDING;14
(‚ÄúAMOUNT;1
11)];1
MOTOR;1
DENIED;4
QUANTUM;3
IMPERATIVE;1
PROMOTE;1
EXPLAINS;5
STTR1;1
DEDUCTIVE;1
GLOBE‚ÄôS;2
(DE;1
PARTICIPATING;5
469;1
DISPOSITIONS;4
RELATED-PARTY;1
465;1
5%;12
467;1
466;1
DISTRIBUTED;16
REVERSING;2
FREE;4
2ND;1
COMPARATIVE;1
STATE;79
390;1
CAPITAL-;1
PROVIDING;28
DETERIORATING;2
2017;7
336B;2
FRAMEWORK-ADDRESSING-TAX-CHALLENGES-DIGITALISATIONPDF;1
INCORPORATE;11
STATISTICS;2
CFC);2
(OECD;46
FLOODING;1
BENEFIT;50
LEADS;1
OECD;76
BURDENSOME;6
DOUBT;1
TEMPLATE;4
587;1
1021B;2
325-;1
DEGREE;3
PROHIBITS;1
NON-COVERED;1
281;1
750M;2
CIT;17
CHARITIES;1
396;2
+100;1
ANTI-AVOIDANCE;4
YEAR);14
SEEN;2
QUANTITIES;1
RULES	110;1
PRIORITY);1
TYPICALLY;28
OECD/G20;15
TRANSITION-RELATED;1
DIFFICULT;13
1-3?;1
1	EXECUTIVE;1
FULFILS;1
PROPOSED;2
CALCULATION;57
(REVISED);1
[6];1
GAS;3
CONNECTION;36
GAP;1
JUDGEMENT;1
RE-CHARGE;1
SOR;10
(2015);3
371;1
GOVERNING;4
PERFECT;4
INPUTS;2
BROKERAGE;6
800M;1
SUSCEPTIBLE;5
AMORTISATION;1
FACTOR;2
LEASES;2
UNACCEPTABLE;1
PROPERLY;7
EUR-VALUE;5
632I;2
(STTR);4
INABILITY;1
SUB-NATIONAL;2
GAINS);1
INTERVENTION;1
WORTH;1
FIND;4
TRADERS;3
35%;9
SURPLUSES;2
REQUIREMENTS;29
EARNED;28
PROPORTIONATELY;4
TRANSFER;40
TRIGGERS;2
453;1
357;1
INSTRUMENT;7
355;1
CONVERTED;1
353;1
352;1
351;1
EXPERIENCING;1
ALIGNS;3
EXISTENCE;3
CONTINUED;3
INTERMEDIARY;12
USEFUL;13
CONCLUSION;4
STRONGLY;2
PERMITTING;3
ORGANISATION);1
DEAL;10
TOOL;8
REORGANISATIONS;1
ACUTE;1
ARRANGEMENT‚Äù;1
SUBMITTED;1
PILLARS;6
INTANGIBLE-RELATED;3
SUPPLIER;4
CONSISTENCY;9
TIE;1
ELIMINATED;8
41;5
NOTES	167;1
LABOUR-INTENSIVE;1
INTRODUCING;5
DIFFER;2
FACTO;18
PAYER;44
INTERVENTIONS;1
SEPTEMBER;1
BENEFICIALLY;11
TERRITORY;4
SUPPORTED;1
581;1
289;1
288;1
TAXPAYERS6;1
OVER-TAXED;1
FREEDOMS;1
FACTS;73
280;1
283;1
282;1
285;1
284;1
287;1
286;1
TICKETS;2
RE-CALCULATIONS;1
INVERSION;1
ASSESSING;1
398;1
BOLD;2
PROVE;1
EXPRESSLY;4
REDUCES;16
RESOLUTION	176;1
PROFIT-SIZE;1
263;1
262;1
REDUCTION;26
PLANNING;7
DOWN‚Äù;1
BUILD;6
265;1
264;2
POOLS;2
SCOPE;88
269;1
RECEIVING;7
TRANSFEROR;1
REDUCED;20
RESOURCES;28
SAFE-HARBOURS;1
BINARY;2
GLOBE);2
ADDITIVE;1
933D;4
ETC;1
DOUBLE;58
CODIFY;2
ASSET‚ÄôS;1
CREDITED;1
CHART;12
GULF;1
LATE;1
MATTERS;8
LENGTH;14
259;1
EXPERIENCES;1
DISPLACE;2
SPECIFIED;8
MODIFICATION;12
‚Ç¨40;6
TAX	124;1
TAX	125;1
BRANCH);1
11%;11
CONSIDERABLY;1
SAFE-HARBOUR	104;1
NON-EMPLOYEES;2
CHALLENGE;1
BACK-STOP;6
FOREIGN;107
CONFIRM;1
HEADQUARTERS;2
ADMINISTER;6
114;1
117;1
116;1
111;1
110;1
113;1
112;1
UNDERPAYMENTS;1
DISCUSSES;6
119;1
118;1
CONSOLIDATE;15
KIND;1
251;1
LANGUAGE;2
MIRRORS;3
375%;6
931A;4
257;1
EXPAND;1
DEFAULTS;2
CONVENTION;46
EXIST;5
5(8);3
255;1
‚ÄúROUTINE;1
?;1
STAGE;1
70000;3
RULES‚Äù8;1
FUNCTIONS);1
RESOLVE;2
(55;1
ùëàùëôùë°ùëñùëöùëéùë°ùëí;1
DIVERGING;2
(88%;2
DSTS;1
C);9
(SPLIT;1
DEALS;3
533;1
ASSIGNMENTS;1
REALLOCATE;2
RULE5;1
EXAMPLES	179;1
PROPORTIONAL;3
MANDATED;2
RESPONSE;5
PACKAGE‚Äù;1
ùë°‚Ñéùëí;2
HIGHLIGHTED;1
PAYOR;1
REFUNDABILITY;4
ATTRIBUTE;1
DISSOLUTION;1
743;2
RCO;2
REMOVE;3
OCCUR;5
‚ÄúULTIMATE;1
APPLY19;1
UN;12
LISTED;11
CROSS-BORDER;8
(850);2
UPWARDS;1
(WHICH;5
PROPERTIES;2
COSTLY;1
588;1
OCI;10
ACCOUNT;113
TRACED;6
OPTION;19
ACCRUAL;8
SWITCHED-OFF;2
STOP;2
PURPOSES;255
CHAPTERS;10
(BEPS);4
BROKEN;2
GRANTS;21
CROSSED;5
‚ÄúCARRYING;1
VENTURE;8
MNE‚ÄôS;63
708;1
MODEL;80
CONVENTIONS;10
485;1
709;1
(NFE)‚Äù;1
484;1
A2;27
REFERENCE;34
25(1-3);1
FEE‚Äù;1
INEQUITIES;2
PRODUCES;3
604;1
OFFICE);1
DIAGRAM;2
ARM‚ÄôS;14
NUMEROUS;2
481;1
ùüêùüê;1
SCHEME;1
TWICE;1
OPERATIVE;1
(DIRECTLY;3
568;1
AGAIN;2
HIGHLY-MOBILE);1
IMPLIES;2
UPE16;1
JANUARY;4
562;1
ùëüùëíùë£ùëíùëõùë¢ùëí;2
564;1
CHOOSES;1
566;1
567;1
PAYMENTS‚Äù;1
OFFICES;1
6100;2
DESIGNING;4
8%;2
SPURS;2
UTPR;479
DEBTS;4
JUDICIAL;2
SOAK;1
ACCORDANCE;78
RECEIVE;5
‚ÄúSTATELESS‚Äù;1
FORMAT33;1
ABLE;18
¬©;1
PROFITS29;1
COMPATIBLE;5
FAILURE;4
INSTANCE16;1
REPORT);2
723;2
PAYMENT);3
QUALIFYING;1
USING;54
SPIN-OFF;3
CO-ORDINATED;9
‚ÄúGROUP‚Äù;4
774);1
HALLMARKS;2
SECURE;3
INVOKE;1
IMPAIRMENT;29
VERIFYING;1
5	SIMPLIFICATION;1
INTEGRAL;2
COUNTER-INTUITIVE;1
MNE1;1
EASEMENTS;1
WRITTEN;1
(BEAT);2
GROUPS;68
GAAP‚Äù);1
CO;449
(MINORITY);1
PROBABLE12;1
CONTENTS;1
FORMULA;10
‚ÄúINVESTMENT;2
ENTIRE;9
2‚ÄôS;1
ACCEPTED;13
EXCESSIVE;4
48;2
49;2
46;1
47;1
44;8
45;2
42;6
43;6
40;19
RENOVATION;1
ELECTS;1
4);2
476;1
NEUTRALISES;3
4%;12
RESOLUTION;7
477;1
PLAY;3
RULE8;1
PROCEED;1
D);4
ILLEGAL;2
(P19);1
475;1
2020[16]);1
(LOW-RETURN;1
RULE);3
‚Ä¢;57
VALUABLE;4
MIXED;1
GROUP?;1
BUYING;1
REGIME;61
BEGINS;2
‚Äì;92
CONSULTATIONS;4
INCREASED;15
‚ÄúREFUNDABLE‚Äù;4
MIND;1
DISTINCTIONS;2
GROUP);1
MNES;46
[B];1
472;1
473;1
INCREASES;18
471;1
BALANCING;7
REVIEWING;3
474;1
1361;1
478;1
479;1
RE-DETERMINATION;1
ùüñ%;2
