Operators;RATIO;50
Operators;RESIDUAL;27
Operators;ADOPTED;31
Operators;NAMELY;6
Operators;ADDITIONALLY;5
Operators;ADDITIONAL;42
Operators;IMPLEMENTATION;34
Operators;ENFORCING;2
Operators;CASES;199
Operators;DEDUCTIBLE;8
Operators;INVOLVES;40
Operators;DEFINE;9
Operators;FULL;28
Operators;LEAST;40
Operators;ASSESS;28
Operators;CRITERION;4
Operators;INCIDENTALLY;2
Operators;ASSESSED;6
Operators;MEASURED;6
Operators;MAY;1233
Operators;DIFFERENCES;145
Operators;INSTANCE;34
Operators;ONLY;136
Operators;ELIMINATION;3
Operators;THRESHOLDS;7
Operators;ALLOCATIONS;4
Operators;PREVENT;18
Operators;COMPARED;42
Operators;ASSUME;94
Operators;VERIFY;3
Operators;+;9
Operators;BELONG;2
Operators;DIFFERING;7
Operators;COMPARES;10
Operators;COMBINED;23
Operators;NOTWITHSTANDING;10
Operators;SO;95
Operators;INCORPORATING;2
Operators;AND/OR;48
Operators;RESPECTIVELY;4
Operators;SOLE;3
Operators;EQUALS;5
Operators;COVERED;17
Operators;ATTRIBUTABLE;17
Operators;SATISFY;21
Operators;EXTRA;2
Operators;NEVERTHELESS;12
Operators;APPROXIMATION;1
Operators;ASSUMPTIONS;16
Operators;DETERMINATION;46
Operators;AIMED;3
Operators;SUPERVISE;2
Operators;NOT;799
Operators;QUANTITATIVE;11
Operators;NOR;7
Operators;RAISE;10
Operators;ALLOCATES;2
Operators;PORTION;2
Operators;RECOMMENDATION;1
Operators;AGGREGATED;9
Operators;LIMITATIONS;30
Operators;KEPT;11
Operators;LACKING;3
Operators;&;13
Operators;TREATED;17
Operators;RECOGNIZED;29
Operators;REGULATED;5
Operators;SETS;19
Operators;WHY;15
Operators;DIFFERENT;140
Operators;APPORTION;4
Operators;AVERAGE;27
Operators;ASSUMING;22
Operators;THUS;66
Operators;CANNOT;74
Operators;COMPLY;28
Operators;EVEN;82
Operators;CORRESPONDING;15
Operators;LIKE;14
Operators;RESEMBLE;4
Operators;FORMING;1
Operators;SEPARATELY;11
Operators;ENSURE;77
Operators;REPEALED;1
Operators;CIRCUMSTANCES;178
Operators;REFLECTS;22
Operators;EXCEPTION;3
Operators;RELATIONSHIP;30
Operators;TOP;2
Operators;EXCEEDING;3
Operators;SINGLE;19
Operators;WILLING;22
Operators;TOO;17
Operators;DIFFERENTIALS;2
Operators;ESTIMATES;4
Operators;TOGETHER;29
Operators;COMPUTATION;6
Operators;FURTHER;108
Operators;ESTIMATED;3
Operators;COMPUTED;3
Operators;ASSUMED;81
Operators;FINALLY;11
Operators;ASSUMES;17
Operators;COMPARE;14
Operators;ASSOCIATE;2
Operators;OVERALL;34
Operators;NEGATIVE;8
Operators;SAME;150
Operators;SETTING;35
Operators;SUBJECT;42
Operators;DISREGARDING;2
Operators;MULTIPLE;23
Operators;INTENDED;18
Operators;CONSIST;11
Operators;SEPARATE;42
Operators;SEEMS;3
Operators;DUPLICATE;1
Operators;ALTHOUGH;37
Operators;GAP;2
Operators;PRE;3
Operators;DETERMINES;13
Operators;SIMILAR;134
Operators;CORRESPOND;2
Operators;WHOLLY;3
Operators;SAY;3
Operators;DETERMINED;63
Operators;DEMONSTRATED;4
Operators;SECONDLY;5
Operators;EXEMPTION;1
Operators;SIMILARLY;21
Operators;REVERSED;3
Operators;SHIFTING;30
Operators;CHOOSING;1
Operators;HENCE;14
Operators;FIRST;66
Operators;BECAUSE;114
Operators;COMBINATION;13
Operators;ADDITION;49
Operators;CONTAINS;7
Operators;POSED;1
Operators;EITHER;59
Operators;COMPRISE;2
Operators;APART;2
Operators;CIRCUMSTANCE;3
Operators;EXCEEDS;3
Operators;ACCEPTED;25
Operators;OBLIGATED;1
Operators;TESTS;2
Operators;REQUIRED;152
Operators;FALLS;13
Operators;MINIMUM;7
Operators;REQUIRES;51
Operators;APPLIED;110
Operators;UNLESS;25
Operators;PERCENTAGES;1
Operators;EG;110
Operators;MITIGATE;3
Operators;EX;66
Operators;APPLIES;27
Operators;MANDATORY;11
Operators;POST;35
Operators;CONVERSELY;5
Operators;GRANTING;2
Operators;QUANTIFY;2
Operators;AGGREGATION;1
Operators;INFRA;3
Operators;EVALUATING;13
Operators;WHEREBY;8
Operators;ALTERNATIVELY;19
Operators;TREATMENT;20
Operators;DEDUCTING;2
Operators;OTHERWISE;31
Operators;PRESCRIBED;4
Operators;REQUIREMENT;19
Operators;SET;85
Operators;RULE;45
Operators;INCREASE;33
Operators;INDICATE;11
Operators;LOOKS;6
Operators;DIFFERS;3
Operators;STILL;23
Operators;REVERSE;1
Operators;EXCEED;6
Operators;ENTAIL;6
Operators;SINCE;43
Operators;RAISES;4
Operators;REVERSAL;1
Operators;DIFFERENCE;39
Operators;PREVIOUS;12
Operators;REPRESENT;10
Operators;SPECIFICALLY;19
Operators;EXEMPT;7
Operators;DEEMED;9
Operators;PARTICULARLY;35
Operators;ESTABLISHES;3
Operators;DEPENDING;67
Operators;GRANTED;5
Operators;IMPLEMENTING;18
Operators;PRESCRIBING;3
Operators;EXCEEDED;2
Operators;APPROVAL;8
Operators;APPROVED;3
Operators;HEREAFTER;2
Operators;SHIFTED;6
Operators;DEPEND;40
Operators;REQUIRING;9
Operators;SELECTED;33
Operators;ALLOCATE;27
Operators;PERMIT;4
Operators;AGGREGATE;8
Operators;ESTABLISH;40
Operators;DIVISION;27
Operators;KEEPING;5
Operators;NONETHELESS;5
Operators;INCLUDES;36
Operators;REFLECTING;8
Operators;RELATION;56
Operators;RECOMMEND;1
Operators;INCLUDED;23
Operators;CONJUNCTION;2
Operators;APPLYING;60
Operators;CALCULATING;8
Operators;ANNEX;7
Operators;BESIDES;1
Operators;TEST;54
Operators;REQUESTS;13
Operators;PERMITTED;5
Operators;PAR;5
Operators;COMPARING;10
Operators;WANT;12
Operators;DEFINITIONS;3
Operators;ABSOLUTE;3
Operators;OUTCOME;25
Operators;LIMITS;7
Operators;HOWEVER;196
Operators;NEXT;15
Operators;DETERMINE;111
Operators;ALLOWED;8
Operators;ALLOCATED;23
Operators;CONSEQUENTLY;16
Operators;ADJUSTED;26
Operators;RESTRICTIONS;4
Operators;COMPLEMENT;1
Operators;RELATIVE;49
Operators;ENSURING;15
Operators;DIFFERENTLY;2
Operators;X;44
Operators;REPRESENTS;11
Operators;CONFORMS;1
Operators;AFTER;71
Operators;ALLOWS;20
Operators;REFLECTED;19
Operators;PROHIBITIVE;1
Operators;ACTUALLY;25
Operators;INCLUDING;150
Operators;YET;7
Operators;EXEMPTIONS;4
Operators;COMPARABLES;250
Operators;ENSURES;4
Operators;RETURN;119
Operators;RATIOS;24
Operators;PREVIOUSLY;8
Operators;REQUIRE;77
Operators;DECREASE;4
Operators;CONSTITUTES;4
Operators;EXCESS;3
Operators;DECREASED;1
Operators;CHANGES;37
Operators;INCLUSION;9
Operators;DISTINCT;12
Operators;BUT;184
Operators;NOTABLY;1
Operators;FULLY;23
Operators;INDICATORS;9
Operators;MEET;33
Operators;SUBSEQUENTLY;6
Operators;INCREASING;20
Operators;DEFINING;6
Operators;CONSIDERING;22
Operators;IMPOSED;18
Operators;DIVIDE;4
Operators;FOR;1916
Operators;EQUIVALENT;12
Operators;COMBINATIONS;1
Operators;IMPLEMENT;16
Operators;WHOLE;21
Operators;AND;4259
Operators;CONFORM;5
Operators;SELECTION;37
Operators;SHALL;6
Operators;INITIALLY;12
Operators;POSITIVE;8
Operators;CONNECTION;10
Operators;EXCLUDED;7
Operators;FACTOR;23
Operators;SATISFIES;3
Operators;REFERRED;40
Operators;THEN;77
Operators;FURTHERMORE;13
Operators;ETC;70
Operators;DEDUCTED;6
Operators;ALLOCATING;13
Operators;CASE;233
Operators;RESPECTIVE;27
Operators;COMPUTING;7
Operators;RATHER;48
Operators;PERFORMING;47
Operators;IDENTIFIED;50
Operators;WERE;52
Operators;DISTINGUISH;8
Operators;APPLY;91
Operators;IDENTIFIES;2
Operators;CLOSER;3
Operators;NEEDS;58
Operators;FACTORS;100
Operators;DIVIDED;22
Operators;COVER;15
Operators;SECOND;27
Operators;MOREOVER;13
Operators;WAS;104
Operators;ENFORCE;6
Operators;INCORPORATE;3
Operators;CONVERSION;6
Operators;PRESCRIBE;4
Operators;ASSUMPTION;25
Operators;DESPITE;8
Operators;ENTIRELY;4
Operators;LOWER;31
Operators;LAPSE;1
Operators;CONSEQUENCE;4
Operators;INTEGRATE;2
Operators;THEREBY;10
Operators;MEANS;38
Operators;OPTIONS;17
Operators;ELIMINATING;2
Operators;EXCLUDE;4
Operators;SUITABLE;18
Operators;MEAN;16
Operators;EXISTS;11
Operators;ENTIRE;9
Operators;WHEREAS;11
Operators;ACCORDING;15
Operators;DEDUCTION;4
Operators;EXTRACTED;1
Operators;ALLOW;32
Operators;ESTIMATE;9
Operators;IE;100
Operators;IF;433
Operators;REQUIREMENTS;99
Operators;ALWAYS;31
Operators;SHIFTS;4
Operators;ADOPTION;7
Operators;APPROVALS;1
Operators;TESTING;16
Operators;RENDER;2
Operators;THOUGH;31
Operators;APPROXIMATE;3
Operators;CONSTITUTE;14
Operators;TREAT;10
Operators;ELIMINATED;7
Operators;SUBTRACT;1
Operators;DIFFER;69
Operators;DERIVED;24
Operators;CONDITIONED;1
Operators;MANDATE;8
Operators;THRESHOLD;13
Operators;REFER;17
Operators;MULTIPLIED;2
Operators;COMPARABLE;300
Operators;ASSESSING;9
Operators;COMPUTE;1
Operators;INDEED;3
Operators;REDUCES;8
Operators;ADOPT;19
Operators;REQUEST;38
Operators;ACCORDINGLY;38
Operators;UNIQUE;35
Operators;REDUCED;14
Operators;ESPECIALLY;82
Operators;DERIVE;13
Operators;TREATS;3
Operators;DOUBLE;109
Operators;CORRESPONDS;1
Operators;LIMITING;3
Operators;NEEDED;59
Operators;SPECIFIED;14
Operators;RESPECT;63
Operators;ALTERNATIVE;23
Operators;OR;1372
Operators;PARTIALLY;5
Operators;IMPOSE;8
Operators;RELATE;12
Operators;REGARDING;45
Operators;RESTRICT;1
Operators;ALLOWING;7
Operators;ADDING;9
Operators;ADDED;17
Operators;SELECTING;10
Operators;AUTHORIZED;1
Operators;IRRESPECTIVE;7
Operators;APPEARS;6
Operators;CALCULATE;8
Operators;CONFIRM;8
Operators;LIMITATION;6
Operators;QUANTIFICATION;4
Operators;CONTAINED;13
Operators;INSTEAD;16
Operators;MANDATED;3
Operators;PRESUMED;5
Operators;SUBTRACTED;2
Operators;REMOVE;1
Operators;INTRA;1
Operators;REPRESENTED;6
Operators;THEREFORE;107
Operators;EVALUATE;15
Operators;SUM;7
Operators;RECOMMENDATIONS;6
Operators;STOP;1
Operators;EVALUATED;7
Operators;WHILE;111
Operators;REFERENCES;3
Operators;NET;124
Operators;EQUALLY;7
Operators;ATTRIBUTION;2
Operators;CALCULATED;16
Operators;DEPENDS;29
Operators;CONTRARY;4
Operators;PROXY;6
Operators;RESULTED;6
Operators;SOLELY;12
Operators;IMPLIES;2
Operators;DENIED;2
Operators;MAXIMUM;8
Operators;EXCEPTIONS;6
Operators;ADD;5
Operators;OTHERS;24
Operators;NEED;120
Operators;REDUCING;12
Operators;GREATER;52
Operators;ACCORDANCE;28
Operators;PROPORTION;9
Operators;SUBMIT;4
Operators;CREDITS;1
Operators;ADJUST;31
Operators;IDENTIFICATION;43
Operators;EXCLUSION;2
Operators;IDENTIFYING;32
Operators;EQUAL;14
Operators;COMPARISONS;12
Operators;SEEM;5
Operators;MINIMAL;3
Operators;EXCLUSIVE;6
Operators;SPLITTING;1
Operators;ALSO;357
Operators;ALIKE;3
Operators;ADOPTING;9
Operators;CONCERNING;15
Operators;EVENTUALLY;7
Operators;REGARDLESS;9
Operators;CONSULTS;1
Operators;QUANTIFIED;3
Operators;DENY;1
Operators;HOW;99
Operators;AS;1351
Operators;NEARLY;3
Operators;BEFORE;43
Operators;=;18
Operators;DEPENDENCE;3
Operators;INCREASES;7
Operators;BALANCING;17
Operators;COMBINING;1
Operators;SUBTRACTING;1
Operands;LIFE;23
Operands;FUNDAMENTALLY;1
Operands;POSITIONS;9
Operands;EXPLAIN;7
Operands;UNCERTAINTY;18
Operands;MODIFICATIONS;6
Operands;ENVIRONMENT;31
Operands;EFFICIENCY;13
Operands;DEMAND;12
Operands;ACQUIRING;10
Operands;SUPERVISION;1
Operands;ALTERS;1
Operands;ENGAGE;20
Operands;IMPERFECT;4
Operands;BASELINE;1
Operands;INBOUND;9
Operands;PRODUCING;7
Operands;AGE;8
Operands;TRANSACTIONS;558
Operands;TAXES;29
Operands;HAND;48
Operands;CURRENT;36
Operands;TAXED;3
Operands;APPEAR;6
Operands;MANUFACTURE;9
Operands;MAP;108
Operands;ASSETS;215
Operands;GUIDANCE;123
Operands;ANNUAL;32
Operands;PRIMARY;15
Operands;FRANCE;8
Operands;PERSON;13
Operands;VALUES;18
Operands;PROPERTY;111
Operands;GAIN;8
Operands;DOCTRINES;1
Operands;INTELLECTUAL;14
Operands;273;1
Operands;FIGURES;4
Operands;INNOVATIVE;3
Operands;COMPLIANCE;94
Operands;BEHAVIOUR;2
Operands;GUARD;1
Operands;COMMON;51
Operands;UNDERTAKE;15
Operands;PROPOSAL;2
Operands;CLEARLY;13
Operands;ADDRESSING;16
Operands;PARIS;4
Operands;SOLD;56
Operands;SYSTEMS;30
Operands;ACTIVE;8
Operands;ACCOUNTING;82
Operands;105;1
Operands;PARTICIPATING;5
Operands;STARTUP;23
Operands;CONTROLS;19
Operands;PUBLIC;30
Operands;PATENT;6
Operands;FORMATION;2
Operands;SELLS;20
Operands;INTRODUCED;19
Operands;DETAILED;53
Operands;MEXICO;2
Operands;TRADEMARKS;14
Operands;DOCUMENTED;11
Operands;INTERMEDIARIES;6
Operands;METHODS;158
Operands;MEMBER;38
Operands;INVOLVING;82
Operands;TAXABLE;48
Operands;TABLE;47
Operands;INTERPRETATIONS;2
Operands;GOODS;118
Operands;ITALY;3
Operands;CONCLUSIONS;9
Operands;VARY;21
Operands;EXPENSES;143
Operands;98;1
Operands;UNITS;19
Operands;90;6
Operands;NONFINANCIAL;2
Operands;DISADVANTAGE;11
Operands;ABUSEDEEMING;2
Operands;INSPECTION;3
Operands;ORGANIZED;8
Operands;MULTIYEAR;2
Operands;EARLY;15
Operands;EXPENDITURE;7
Operands;WIDELY;15
Operands;DECLARATION;1
Operands;NOTICE;9
Operands;COPYRIGHT;2
Operands;UNFAIR;5
Operands;PEER;2
Operands;PERIODICALLY;5
Operands;GUIDE;16
Operands;PARAMETERS;5
Operands;SEGMENTS;3
Operands;NATURE;65
Operands;COMPETITION;11
Operands;MAINTAIN;9
Operands;REACHED;7
Operands;LOANS;6
Operands;EXAMINES;4
Operands;FORM;59
Operands;KEYS;14
Operands;EXAMINED;15
Operands;INHERENTLY;4
Operands;ASCERTAIN;3
Operands;ANTE;32
Operands;FOUND;36
Operands;REFERS;8
Operands;PASSIVE;7
Operands;PRAGMATIC;3
Operands;SALES;195
Operands;INSTANCES;15
Operands;CALL;16
Operands;LICENSING;16
Operands;REFORMS;1
Operands;CONTRIBUTION;38
Operands;FUNCTIONS;268
Operands;UNILATERAL;10
Operands;CHALLENGES;26
Operands;LIMIT;17
Operands;JUSTIFIED;9
Operands;SUFFER;4
Operands;TRUE;10
Operands;ECONOMY;18
Operands;HEAVY;3
Operands;PARTNERS;15
Operands;RELY;13
Operands;GAAP;2
Operands;SOURCED;1
Operands;PLATFORM;1
Operands;INFLUENCE;15
Operands;SOURCES;38
Operands;BEHAVIOURS;1
Operands;LICENCE;10
Operands;400;7
Operands;NORWAY;2
Operands;PERTAIN;1
Operands;SYNERGIES;11
Operands;BALANCES;7
Operands;SAMPLE;3
Operands;ISSUE;93
Operands;PROPERTIES;4
Operands;CLAIM;11
Operands;EXPENDITURES;5
Operands;AUSTRALIA;8
Operands;OBJECTIVES;22
Operands;ATTACHED;7
Operands;INTERPRETED;3
Operands;CLARIFY;3
Operands;PRICING;1178
Operands;ADDRESS;30
Operands;PROGRESS;9
Operands;MARGIN;119
Operands;BRAND;18
Operands;CIRCULAR;1
Operands;COMMENCING;1
Operands;BUYSELL;3
Operands;BASED;220
Operands;CORPORATION;13
Operands;CONCERNED;28
Operands;REDUCE;39
Operands;OPERATIONAL;22
Operands;REGISTRATION;3
Operands;INDIRECT;27
Operands;OBTAINED;19
Operands;BEGIN;4
Operands;STRENGTHS;11
Operands;BURDENS;12
Operands;LONGER;16
Operands;DEVELOPING;222
Operands;PROFIT;404
Operands;SHARE;82
Operands;OVERHEAD;1
Operands;MEASUREMENT;9
Operands;SPECIAL;42
Operands;CLASSIFICATION;10
Operands;COUNTRYBYCOUNTRY;9
Operands;MAINLY;10
Operands;POSSIBLE;127
Operands;DISCOUNTS;11
Operands;DETAILS;18
Operands;COMPOUND;1
Operands;APPROPRIATENESS;2
Operands;TIMELY;8
Operands;REWARDS;2
Operands;MOBILE;1
Operands;FORECAST;1
Operands;CONTINUE;10
Operands;TIME;154
Operands;JAPAN;30
Operands;VIEW;38
Operands;DESCRIBED;30
Operands;WORKING;35
Operands;SECTION;45
Operands;WEAKNESSES;11
Operands;DESCRIBES;9
Operands;TREATMENT;20
Operands;JULY;5
Operands;174;1
Operands;AUDITED;11
Operands;LAND;4
Operands;LEVERAGE;3
Operands;AREA;31
Operands;VENTURES;2
Operands;TRADE;59
Operands;BELIEVE;7
Operands;DISTRIBUTE;3
Operands;MODELS;23
Operands;PERCENT;2
Operands;REPORTED;17
Operands;NEWLY;2
Operands;EUR;8
Operands;REPRESENT;10
Operands;ELIGIBLE;3
Operands;LENDING;1
Operands;BREAK;1
Operands;MAJORITY;5
Operands;TRADING;21
Operands;ADEQUATE;24
Operands;SAFEGUARD;3
Operands;IMPROVE;25
Operands;DEGREE;30
Operands;PURSUED;6
Operands;EXCEED;6
Operands;DETAIL;59
Operands;FINISHED;9
Operands;INTANGIBLES;304
Operands;CORPORATE;28
Operands;ACQUISITION;28
Operands;ONESIDED;4
Operands;ENHANCEMENTS;1
Operands;EXPLAINED;6
Operands;PRIVATE;12
Operands;ANTIAVOIDANCE;9
Operands;CONTRIBUTING;8
Operands;PARTICIPANTS;63
Operands;CONSULTATION;5
Operands;COMPONENTS;25
Operands;ONLINE;3
Operands;INDIRECTLY;8
Operands;LEGAL;170
Operands;DELIVERY;10
Operands;COMMENTARY;11
Operands;DETRIMENT;3
Operands;ALTER;2
Operands;VAST;4
Operands;UNDERPAYMENT;2
Operands;800;1
Operands;AGREEING;1
Operands;FACE;19
Operands;RECOGNITION;10
Operands;BREACH;4
Operands;ALIGNED;4
Operands;DECISIONS;34
Operands;EASIER;9
Operands;FACT;57
Operands;DELIVERED;5
Operands;ENABLE;8
Operands;PAY;37
Operands;FORMULATION;1
Operands;TAXPAYERS;238
Operands;UNDERSTOOD;5
Operands;NONTAXABLE;1
Operands;CHANGING;2
Operands;REVEALED;2
Operands;EXPENSE;12
Operands;INVOLVE;56
Operands;547;1
Operands;PERU;1
Operands;DISCUSSIONS;17
Operands;LOCALLY;7
Operands;PRESSURE;2
Operands;METHODOLOGY;16
Operands;TASKS;4
Operands;X;44
Operands;PARALLEL;3
Operands;FINANCIALS;5
Operands;OIL;12
Operands;TESTED;110
Operands;REGION;15
Operands;COMMENTS;4
Operands;ABUSE;5
Operands;POLICIES;27
Operands;SHARED;13
Operands;CAPTURE;4
Operands;VARIETY;12
Operands;PERSONNEL;37
Operands;MECHANISMS;13
Operands;LARGE;48
Operands;5000;4
Operands;SEEKS;11
Operands;SEARCH;32
Operands;RECOURSE;1
Operands;LEAVES;3
Operands;POSSIBILITY;18
Operands;EXCESSIVELY;5
Operands;OWNERSHIP;36
Operands;STAKEHOLDERS;10
Operands;DETERMINATIONS;3
Operands;EXTERNAL;30
Operands;INPUT;6
Operands;PROVIDED;155
Operands;FINANCIAL;193
Operands;SITUATIONS;44
Operands;UNDUE;2
Operands;INTERESTED;1
Operands;COMPLICATED;11
Operands;PROVIDES;61
Operands;PROVIDER;46
Operands;REVENUES;10
Operands;COMMERCIAL;74
Operands;ARRANGEMENTS;81
Operands;COLLECTED;7
Operands;250;10
Operands;DUPLICATION;15
Operands;ABILITY;32
Operands;UNIFORMITY;4
Operands;ACCRUAL;1
Operands;CLAIMED;3
Operands;ARRIVE;12
Operands;EXTREMELY;10
Operands;EXERCISE;27
Operands;ENTITLED;16
Operands;SIMPLICITY;4
Operands;PROFITABILITY;30
Operands;ENCOURAGE;12
Operands;REMAINING;13
Operands;MAJOR;25
Operands;RESPONDING;3
Operands;VERIFIED;1
Operands;NAME;12
Operands;PERSPECTIVE;28
Operands;VOTING;2
Operands;EVENT;20
Operands;INCENTIVES;10
Operands;REALITY;14
Operands;APPLICATIONS;6
Operands;LOW;62
Operands;ADAPTS;1
Operands;CREATE;31
Operands;INFORM;6
Operands;PAYMENTS;35
Operands;ASSESSMENT;71
Operands;CARRIED;32
Operands;INAPPROPRIATE;10
Operands;RESIDENT;24
Operands;VI;2
Operands;EFFECT;60
Operands;CRISIS;1
Operands;NOW;12
Operands;EARNS;6
Operands;INEFFICIENT;1
Operands;FOCUS;45
Operands;ACCESS;56
Operands;REFUNDING;1
Operands;SIGNIFICANCE;9
Operands;TRUST;5
Operands;INCURRING;8
Operands;PRESERVE;1
Operands;SUPPORTING;7
Operands;FAMILIAR;3
Operands;PRESERVING;3
Operands;REVIEWED;11
Operands;COMMODITIES;25
Operands;SIMPLIFY;2
Operands;STEPS;31
Operands;REALIZATION;4
Operands;PROPER;12
Operands;VEHICLES;1
Operands;CAPABILITIES;16
Operands;SPECIFIC;111
Operands;RELIABILITY;36
Operands;DEMONSTRATING;3
Operands;SECTIONS;4
Operands;PROVISIONS;47
Operands;PURCHASE;18
Operands;PROVIDE;201
Operands;OVERVIEW;11
Operands;REQUEST;38
Operands;FEATURE;9
Operands;PENALTY;11
Operands;EXPLORED;2
Operands;COSTBASED;1
Operands;BALANCE;25
Operands;CHALLENGING;3
Operands;VIEWS;8
Operands;54;1
Operands;51;1
Operands;53;2
Operands;AUTHORITIES;172
Operands;EXPLORATION;2
Operands;539;1
Operands;200;7
Operands;SUPPORT;41
Operands;PAID;40
Operands;EXPERIENCED;16
Operands;ONGOING;15
Operands;PRINCIPLE;194
Operands;DIVERGENT;2
Operands;CANADA;8
Operands;IMPEDES;2
Operands;MARKETING;113
Operands;SUGGESTS;5
Operands;REGULATION;12
Operands;PRODUCTION;52
Operands;MNE;334
Operands;INFORMATION;388
Operands;ADVERSE;3
Operands;TECHNOLOGICAL;8
Operands;ILLUSTRATIVE;6
Operands;SIZE;19
Operands;DECISIONMAKING;9
Operands;PROJECTIONS;31
Operands;INCORPORATED;10
Operands;SENSE;15
Operands;CHAINS;3
Operands;REFERENCED;5
Operands;SERVICE;246
Operands;PROBLEMS;14
Operands;OPPORTUNITIES;21
Operands;PREPARED;23
Operands;RATES;25
Operands;ALLEVIATE;1
Operands;AVOIDANCE;36
Operands;CAUSES;3
Operands;INDUSTRIES;23
Operands;CONTRACTS;33
Operands;HARBOUR;57
Operands;GERMANY;6
Operands;PRIMARILY;15
Operands;ADMINISTRATIONS;144
Operands;OVERLOOKED;1
Operands;BREAKS;1
Operands;CORE;11
Operands;LENGTHY;2
Operands;LOSSMAKING;6
Operands;RIGHT;25
Operands;229;1
Operands;PROBLEM;14
Operands;GOODWILL;21
Operands;WAYS;18
Operands;SOLUTION;17
Operands;SUBMIT;4
Operands;SAFETY;3
Operands;150;3
Operands;JUNE;4
Operands;NUMBER;90
Operands;CASEBYCASE;2
Operands;MARKETS;37
Operands;REGIMES;19
Operands;JUSTIFICATION;1
Operands;OFTEN;154
Operands;SUBSEQUENT;17
Operands;REASONABLY;29
Operands;BILLION;4
Operands;PREMIUMS;1
Operands;REASONABLE;30
Operands;TRADED;2
Operands;CYCLE;14
Operands;SHOW;9
Operands;SUGGEST;9
Operands;COMMITMENTS;1
Operands;VALUE;264
Operands;SUBSTANTIVE;10
Operands;TRADITIONAL;25
Operands;POTENTIAL;113
Operands;CORRELATION;1
Operands;ELEMENT;5
Operands;SIGNIFICANTLY;16
Operands;UNPREDICTABLE;1
Operands;FAVOUR;6
Operands;ULTIMATE;5
Operands;CALCULATIONS;3
Operands;DEVELOP;55
Operands;SIMPLE;16
Operands;TEXT;4
Operands;BORROWING;2
Operands;OBTAIN;33
Operands;FACTORING;1
Operands;APPRECIATION;1
Operands;ACCOUNTS;33
Operands;FOCUSING;5
Operands;PRECEDENT;1
Operands;INVOLVED;98
Operands;REBUTTABLE;1
Operands;ACCURACY;11
Operands;AUDIT;190
Operands;EXTENDED;7
Operands;AFFECTED;25
Operands;FIT;8
Operands;STAKE;13
Operands;COMPARABILITY;195
Operands;ONES;9
Operands;BUSINESSES;15
Operands;DAMAGES;4
Operands;PATENTS;35
Operands;LEASE;1
Operands;PROCESS;131
Operands;CONVENIENT;1
Operands;REVIEW;42
Operands;SELLERS;2
Operands;STATUTE;18
Operands;JUDICIAL;7
Operands;CLAIMS;8
Operands;ESTABLISHED;34
Operands;EVOLUTION;6
Operands;LARGELY;4
Operands;ADVICE;15
Operands;LICENSES;7
Operands;UNRELATED;58
Operands;CHEMICAL;1
Operands;SMALLER;10
Operands;CONFIDENTIALITY;10
Operands;CIVIL;11
Operands;COMPANY;442
Operands;MODIFIED;8
Operands;EXPLOITATION;31
Operands;525;1
Operands;RELIEF;9
Operands;RELIED;9
Operands;DECLINE;3
Operands;OUTLINE;5
Operands;COMMODITY;36
Operands;CONSISTENT;81
Operands;CONTRIBUTE;19
Operands;AFRICA;17
Operands;ANALYZES;25
Operands;INDIVIDUAL;27
Operands;RESULT;119
Operands;ANALYZED;13
Operands;GENERATE;4
Operands;REGARDED;13
Operands;RELIEVE;3
Operands;ENTERPRISES;313
Operands;SIDES;8
Operands;REAL;12
Operands;TRANSACTIONAL;65
Operands;HOLDS;8
Operands;MEMBERSHIP;11
Operands;COST;286
Operands;PERFORMANCE;27
Operands;REWARDED;5
Operands;LIMITATIONS;30
Operands;DEFINITION;37
Operands;REMAIN;6
Operands;COMPETITIVE;30
Operands;DETER;25
Operands;BODIES;10
Operands;PRESENCE;4
Operands;ADVANCES;1
Operands;DOMESTIC;169
Operands;OUTCOMES;18
Operands;ADVANCED;3
Operands;ULTIMATELY;17
Operands;ADMINISTRATIVE;73
Operands;STEP;56
Operands;EXERCISED;9
Operands;CHOOSE;15
Operands;PUT;18
Operands;IMMEDIATELY;7
Operands;REMUNERATION;17
Operands;IMPORTANCE;28
Operands;MATERIAL;61
Operands;FIRSTLY;3
Operands;DEDUCTIONS;5
Operands;DEALING;40
Operands;POLAND;1
Operands;FLOWS;16
Operands;PERFORMS;29
Operands;COMMENSURATE;3
Operands;SEGMENT;6
Operands;REST;4
Operands;149;2
Operands;DIGITAL;5
Operands;PRICES;119
Operands;ALREADY;23
Operands;PUBLICLY;18
Operands;COMPREHENSIVE;11
Operands;COMPLEXITY;20
Operands;123;1
Operands;HEALTH;1
Operands;EXCHANGES;1
Operands;INCIDENTAL;12
Operands;ATTEMPT;7
Operands;DIFFICULTY;10
Operands;APPROACHES;59
Operands;ROUTINE;9
Operands;ENTERED;23
Operands;JUSTIFY;6
Operands;WORLDWIDE;13
Operands;CUSTOMERS;39
Operands;OFFER;10
Operands;NAMES;13
Operands;SCO;4
Operands;PROPOSED;19
Operands;AMOUNTS;14
Operands;TURNED;1
Operands;AVOID;50
Operands;BASE;56
Operands;MECHANISM;21
Operands;ACTUAL;80
Operands;MATCHING;3
Operands;PROFITABLE;8
Operands;RETAINED;6
Operands;WISH;19
Operands;LOGICAL;1
Operands;REGULAR;10
Operands;TRANSPARENCY;12
Operands;CONSIDERS;19
Operands;UPWARDS;1
Operands;DECIDING;8
Operands;CONSTANT;1
Operands;COUNTRY;348
Operands;SOMETIMES;47
Operands;SAFEGUARDS;1
Operands;INTERACTION;5
Operands;AFFECT;57
Operands;FINAL;27
Operands;RELATIVELY;25
Operands;SYNERGY;2
Operands;FRAMEWORKS;4
Operands;STUDIES;4
Operands;HINDSIGHT;5
Operands;TRANSPARENT;14
Operands;FUNCTION;64
Operands;END;28
Operands;MONITOR;6
Operands;G;13
Operands;DOCUMENTATION;195
Operands;INTERDEPENDENT;1
Operands;PREPARATION;12
Operands;MALAYSIA;8
Operands;DEGREES;2
Operands;EXAMPLES;38
Operands;TECHNOLOGIES;16
Operands;CONTROVERSY;4
Operands;THEORETICAL;4
Operands;LEAD;36
Operands;PROFITBASED;4
Operands;COMPONENT;3
Operands;AGREEMENT;92
Operands;STRICT;2
Operands;HIGHINTENSITY;1
Operands;INTERRELATED;5
Operands;INACCURACY;1
Operands;INTEGRITY;18
Operands;1000;4
Operands;DISCLOSE;11
Operands;ORIGINS;2
Operands;REGIONAL;30
Operands;DISCREPANCIES;1
Operands;WORKINGS;5
Operands;POSSESSES;1
Operands;MECHANICS;1
Operands;FINANCE;24
Operands;ECUADOR;1
Operands;EARNINGS;4
Operands;LIGHT;15
Operands;WORLD;38
Operands;PRESENT;31
Operands;HIGHER;50
Operands;RAISED;4
Operands;CLARIFICATION;1
Operands;AFFECTS;4
Operands;ACCURATE;24
Operands;BUILDINGS;1
Operands;LOOKING;9
Operands;MANIPULATION;5
Operands;CARE;12
Operands;11;8
Operands;10;51
Operands;13;10
Operands;12;10
Operands;15;12
Operands;14;6
Operands;17;5
Operands;19;3
Operands;18;5
Operands;REVISED;8
Operands;CHINA;14
Operands;RULING;10
Operands;BRANCH;4
Operands;BOARD;9
Operands;EUROPE;1
Operands;BASIS;147
Operands;SHIFT;11
Operands;BARGAIN;2
Operands;BASIC;40
Operands;THREEYEAR;1
Operands;LOSSES;72
Operands;QUESTION;44
Operands;NOTED;52
Operands;PRODUCE;20
Operands;ORIGINAL;7
Operands;PAYING;7
Operands;THIRDPARTY;3
Operands;SUCCESSFUL;23
Operands;ZERO;1
Operands;ARGUMENT;2
Operands;REORGANIZED;1
Operands;COVERAGE;4
Operands;RECOMMEND;1
Operands;EXTENSIVE;8
Operands;FIXED;19
Operands;CONCEPT;17
Operands;VICE;6
Operands;HYBRID;3
Operands;BUREAU;1
Operands;SUBSIDIARIES;17
Operands;PREFERABLE;5
Operands;RISKS;252
Operands;REVIEWS;7
Operands;EXTENT;52
Operands;AVAILABILITY;25
Operands;CONSTRAINTS;10
Operands;STARTS;5
Operands;PENALTIES;19
Operands;COMPENSATION;31
Operands;IMPORTANT;196
Operands;NORMALLY;16
Operands;ACTIVITIES;216
Operands;RISK;489
Operands;LEVEL;118
Operands;WEAKNESS;5
Operands;RISE;18
Operands;ARRANGING;1
Operands;ENTER;59
Operands;EXCHANGING;1
Operands;OPERATE;34
Operands;ALLOCATION;97
Operands;MONITORING;11
Operands;RENTS;9
Operands;STRATEGIC;14
Operands;CULTURE;5
Operands;PROPERLY;20
Operands;AGENTS;6
Operands;HELP;53
Operands;NOTES;10
Operands;PURSUANT;2
Operands;TRANSFERRED;40
Operands;EXISTING;44
Operands;HELD;14
Operands;COMPLEX;59
Operands;DESIGN;38
Operands;WELLDEVELOPED;2
Operands;COORDINATED;7
Operands;PROCEDURES;89
Operands;CUMBERSOME;1
Operands;PARTICIPATION;5
Operands;LONGLIVED;1
Operands;MET;8
Operands;COMMONLY;22
Operands;RECORDS;6
Operands;3;152
Operands;INTRAGROUP;124
Operands;PARTICIPATE;7
Operands;CARRY;12
Operands;BLOCKBUSTER;1
Operands;24;10
Operands;EXAMINATIONS;10
Operands;PRESENTED;9
Operands;CONTRIBUTED;6
Operands;PUBLISHED;14
Operands;21;6
Operands;INTERESTS;12
Operands;UNITED;54
Operands;INDEFINITELY;1
Operands;S;6
Operands;LIABLE;2
Operands;CONCEPTUAL;1
Operands;PARTNER;9
Operands;ASSOCIATED;508
Operands;HARD;4
Operands;PES;1
Operands;60;7
Operands;62;6
Operands;63;1
Operands;65;2
Operands;66;1
Operands;69;2
Operands;RECENT;16
Operands;REORGANIZATION;2
Operands;SOURCE;23
Operands;CASH;38
Operands;PROFILES;1
Operands;BETTER;17
Operands;500;31
Operands;PARTNERSHIPS;6
Operands;CONSIDERATIONS;35
Operands;FAIR;17
Operands;MERELY;10
Operands;FIELD;7
Operands;ABSENCE;9
Operands;PORTFOLIO;1
Operands;WAY;64
Operands;FAIL;16
Operands;FOCUSES;12
Operands;CONDITIONS;83
Operands;OWNED;15
Operands;IGNORE;1
Operands;PERSONS;28
Operands;FOCUSED;9
Operands;ENHANCEMENT;11
Operands;STATISTICAL;4
Operands;DEPRECIATION;4
Operands;OWNER;29
Operands;EXAMINATION;105
Operands;TYPE;50
Operands;OVERCOME;2
Operands;MOVE;1
Operands;ACQUIRED;13
Operands;STORAGE;8
Operands;REALISTIC;12
Operands;PARTICULAR;129
Operands;ACQUIRES;6
Operands;CONTROL;84
Operands;INFORMED;6
Operands;INTRODUCE;7
Operands;NONDEDUCTIBLE;1
Operands;SUBSTANTIAL;27
Operands;REPUBLIC;9
Operands;ARISE;38
Operands;POLICY;69
Operands;CONFLICT;2
Operands;SOFTWARE;20
Operands;LEADING;3
Operands;ACCEPTABLE;22
Operands;CAPITAL;61
Operands;VARIABLE;3
Operands;HIGH;48
Operands;SECRETARIAT;2
Operands;CHOICE;19
Operands;CRITERIA;45
Operands;BOX;5
Operands;BOLIVIA;1
Operands;LEGISLATION;93
Operands;SOVEREIGN;1
Operands;EXPRESSED;9
Operands;DISCOUNT;12
Operands;REGULATORS;1
Operands;REGULATORY;16
Operands;IGNORING;1
Operands;COORDINATION;17
Operands;CONSOLIDATION;3
Operands;RELIANCE;4
Operands;POINTS;15
Operands;4;72
Operands;HISTORICALLY;5
Operands;SHOWN;7
Operands;REMUNERATED;11
Operands;SAFE;84
Operands;ILLUSTRATION;10
Operands;OBVIOUS;3
Operands;DESIGNED;20
Operands;CONVERGE;1
Operands;EROSION;11
Operands;DESIGNS;9
Operands;SPECIALIZATION;3
Operands;ILLUSTRATES;4
Operands;AUDITORS;18
Operands;ILLUSTRATED;3
Operands;CREDIT;21
Operands;COMPENSATE;3
Operands;SHAREHOLDER;13
Operands;REINSURANCE;3
Operands;DECISION;32
Operands;DERIVATIVES;1
Operands;QUALITATIVE;12
Operands;PRACTICE;71
Operands;FIND;29
Operands;BUILDS;1
Operands;DYNAMIC;1
Operands;SELLER;8
Operands;MEDIUM;12
Operands;SHEET;12
Operands;JUST;13
Operands;ARRANGEMENT;42
Operands;ACCOUNTED;1
Operands;PLACE;58
Operands;OFFSET;3
Operands;STANDPOINT;7
Operands;TAXPAYER;325
Operands;REVENUE;67
Operands;INSTRUMENTS;5
Operands;ENGAGEMENT;7
Operands;EFFECTIVELY;32
Operands;CONTROLLING;6
Operands;EMPLOYS;6
Operands;RECOVER;3
Operands;ISSUED;16
Operands;PROVEN;3
Operands;PERMANENT;16
Operands;DISTORTIONS;2
Operands;DISPLAY;1
Operands;ISSUES;231
Operands;PURCHASER;3
Operands;PURCHASES;12
Operands;EXCEPTIONAL;9
Operands;COMMUNITY;1
Operands;SOURCING;2
Operands;UNABLE;4
Operands;PURCHASED;10
Operands;CONTRIBUTIONS;107
Operands;METRIC;1
Operands;DEVELOPMENT;186
Operands;DRAW;11
Operands;750;10
Operands;COUNTRIES;539
Operands;ISOLATION;1
Operands;ASSIST;35
Operands;COSTS;277
Operands;TERRITORY;5
Operands;VALUING;5
Operands;EXERCISING;3
Operands;INTENSITY;5
Operands;LATVIA;1
Operands;BROADER;13
Operands;POWERS;4
Operands;ECONOMICALLY;37
Operands;EXTREME;4
Operands;SECTOR;19
Operands;USE;248
Operands;USD;2
Operands;EFFICIENT;24
Operands;POLITICAL;7
Operands;COMPLETELY;4
Operands;DIRECTLY;27
Operands;ARGUE;6
Operands;SEEK;24
Operands;UNCLEAR;2
Operands;COMPETITOR;2
Operands;COMPLETED;4
Operands;SUPPLIED;2
Operands;5;96
Operands;SUPPLIER;12
Operands;UNDERTAKEN;53
Operands;FACILITATE;9
Operands;PREROYALTY;2
Operands;HIGHLIGHTED;1
Operands;START;12
Operands;REMEDY;1
Operands;SIMPLIFYING;1
Operands;463;1
Operands;IMPOSSIBLE;12
Operands;PROFITS;142
Operands;SILENT;1
Operands;CENTRALIZATION;2
Operands;PRICE;395
Operands;SYSTEM;75
Operands;BRING;4
Operands;ASYMMETRY;2
Operands;CHILE;2
Operands;SEGMENTING;1
Operands;USEFUL;88
Operands;THANKS;3
Operands;CUSTOMER;28
Operands;DISTRIBUTES;3
Operands;TWOSIDED;4
Operands;EXPANDING;3
Operands;TAX;1070
Operands;ANTICIPATED;56
Operands;ACTION;44
Operands;EQUITABLE;7
Operands;BODY;5
Operands;FIGURE;34
Operands;STABLE;2
Operands;DESIGNATED;6
Operands;OCCURRED;9
Operands;REGULARLY;3
Operands;TANGIBLE;66
Operands;FORESEEN;1
Operands;ACCOMMODATE;1
Operands;CHARGE;45
Operands;SIMPLY;10
Operands;INSTITUTIONS;6
Operands;CONCERN;24
Operands;USED;289
Operands;CAMPAIGN;11
Operands;CAPITALIZED;4
Operands;SOPHISTICATION;1
Operands;CURRENCY;10
Operands;USES;18
Operands;MARKET;217
Operands;ANNUALLY;6
Operands;UNRELIEVED;3
Operands;UNCHANGED;1
Operands;CONTRACT;59
Operands;VARIES;5
Operands;TERMINOLOGY;1
Operands;POSITION;37
Operands;INDUSTRIAL;3
Operands;THREAT;1
Operands;CAPABLE;8
Operands;GENERATION;2
Operands;LOAN;2
Operands;COMPOSITION;1
Operands;VEHICLE;1
Operands;AGREE;20
Operands;IDENTITY;2
Operands;INTERAMERICAN;3
Operands;SAID;4
Operands;POSSIBLY;13
Operands;DELIVER;1
Operands;AVOIDS;3
Operands;CROSSBORDER;71
Operands;CARRYING;15
Operands;MERITS;1
Operands;RECOMMENDATION;1
Operands;EXPLORING;1
Operands;MANAGEABLE;1
Operands;CAPACITY;76
Operands;INTERIM;5
Operands;COMMITTEE;25
Operands;6;38
Operands;KNOWN;20
Operands;RECOGNIZES;6
Operands;LEFT;6
Operands;FEDERAL;1
Operands;DETERMINING;59
Operands;LEVERAGING;2
Operands;ARGENTINA;6
Operands;ACHIEVE;27
Operands;MISALLOCATION;1
Operands;ADVANTAGE;24
Operands;CAMPAIGNS;8
Operands;PROPORTIONALITY;1
Operands;CONFIRMATION;3
Operands;CONTROLLED;249
Operands;SCRUTINY;15
Operands;COHERENT;1
Operands;PROTECTIVE;2
Operands;UNDERSTAND;26
Operands;DATE;52
Operands;VAN;3
Operands;DATA;173
Operands;CORRECT;13
Operands;SIXTH;47
Operands;ASIA;4
Operands;AMOUNT;72
Operands;RESPONSIBILITY;7
Operands;RECHARGE;1
Operands;SPAIN;1
Operands;SEGMENTATION;2
Operands;MEASURES;35
Operands;CREATING;17
Operands;STUDY;30
Operands;617;2
Operands;P&L;2
Operands;INTENTION;8
Operands;SOLVE;2
Operands;CORRECTLY;3
Operands;LOWRISK;1
Operands;ADMINISTERING;3
Operands;PRODUCT;164
Operands;MANUFACTURERS;14
Operands;ANTIABUSE;4
Operands;VERSION;9
Operands;PERIODS;4
Operands;FILING;25
Operands;UNCONTROLLED;178
Operands;EXPLOITED;7
Operands;TRADEMARK;13
Operands;ENTITY;116
Operands;BANKS;1
Operands;PRACTICES;47
Operands;ARGUED;3
Operands;LINE;15
Operands;AVAILABLE;215
Operands;25;39
Operands;26;3
Operands;20;21
Operands;OFFERING;7
Operands;22;1
Operands;23;2
Operands;SEPA;8
Operands;29;2
Operands;LONG;14
Operands;PRIORITY;8
Operands;TOTAL;67
Operands;OPPORTUNITY;28
Operands;DISCLOSING;1
Operands;BROAD;31
Operands;ISOLATE;2
Operands;COLLECTION;28
Operands;DIRECTOR;10
Operands;IMPROVEMENTS;4
Operands;ADVERTISING;9
Operands;MANUFACTURES;6
Operands;ACKNOWLEDGING;1
Operands;CONDUCTING;17
Operands;CLASSIFIED;6
Operands;IMPLICATIONS;3
Operands;REGULATIONS;41
Operands;SIGNIFICANT;123
Operands;INDUSTRY;82
Operands;GENERATING;5
Operands;PRINCIPLES;44
Operands;LOCATED;29
Operands;UNLIKELY;8
Operands;TRANSLATE;2
Operands;LIABILITIES;3
Operands;REPORTING;36
Operands;BROUGHT;1
Operands;7;37
Operands;R&D;117
Operands;CONSIDERATION;67
Operands;THIRD;65
Operands;POSE;1
Operands;PROPOSALS;9
Operands;SHAREHOLDERS;2
Operands;NEUTRALITY;1
Operands;EU;20
Operands;LEGALLY;20
Operands;REWARD;4
Operands;ASPECTS;47
Operands;SECURITIZATION;1
Operands;OUTSTANDING;1
Operands;ACTING;7
Operands;SERVICING;1
Operands;INSURERS;1
Operands;INSURANCE;7
Operands;CONTINUOUS;3
Operands;PRESSING;4
Operands;CAUTION;7
Operands;SMALL;33
Operands;FREQUENTLY;8
Operands;FORMER;9
Operands;CATEGORIES;21
Operands;TECHNIQUES;14
Operands;EASILY;12
Operands;REASONS;44
Operands;MEDIAN;6
Operands;LOCATIONS;10
Operands;AIMS;6
Operands;GOVERNMENTAL;3
Operands;ASIAN;5
Operands;CAREFUL;10
Operands;DISCLOSES;1
Operands;CENTRAL;20
Operands;APPORTIONMENT;12
Operands;SUCCESS;17
Operands;JURISDICTIONS;52
Operands;PROJECTED;18
Operands;MANNER;34
Operands;UNALLOCATED;2
Operands;DEMONSTRATE;11
Operands;BEARING;17
Operands;IMPLEMENTED;24
Operands;EXAMINE;13
Operands;INCORPORATION;2
Operands;KEY;94
Operands;DIVIDENDS;2
Operands;DISTRIBUTION;53
Operands;READILY;15
Operands;DATES;1
Operands;HOUSING;1
Operands;CREATION;20
Operands;UNDESIRABLE;1
Operands;GROUNDS;3
Operands;IMPACT;26
Operands;RISKADJUSTED;2
Operands;INSTRUMENT;3
Operands;EARLIER;13
Operands;REACH;10
Operands;UNDERSTANDING;50
Operands;QUESTIONS;16
Operands;TRANSFERS;21
Operands;CLASS;1
Operands;VERY;76
Operands;BEAR;27
Operands;77;1
Operands;75;9
Operands;INTANGIBLE;220
Operands;INCONSISTENT;9
Operands;70;6
Operands;78;1
Operands;LOWVALUE;2
Operands;QUALIFIES;2
Operands;SIMPLIFICATION;5
Operands;ENGAGED;34
Operands;QUALIFIED;7
Operands;ROLE;25
Operands;DISTRIBUTOR;80
Operands;ENGAGES;9
Operands;DISCLOSED;7
Operands;COLLECTING;4
Operands;ASSET;27
Operands;TNMM;83
Operands;MATERIALLY;12
Operands;DEAL;44
Operands;DISCUSSION;30
Operands;MILLION;30
Operands;DESIRABLE;2
Operands;EXTRACTION;3
Operands;WITHDRAWAL;3
Operands;EMPLOYEE;8
Operands;EMPLOYED;30
Operands;METHOD;533
Operands;CREATED;17
Operands;PHYSICALLY;1
Operands;OWNS;15
Operands;OPERATES;21
Operands;COMPILE;4
Operands;PRACTICABLE;1
Operands;GUIDING;3
Operands;OPERATED;3
Operands;KNOWHOW;35
Operands;EXPERIENCE;64
Operands;DEFERRED;2
Operands;INCOME;137
Operands;BUYER;5
Operands;ALIGNMENT;2
Operands;319;1
Operands;GROUP;376
Operands;BRINGS;2
Operands;INTERLINKED;1
Operands;CHANGED;6
Operands;TIES;27
Operands;KOREA;9
Operands;RECONCILE;1
Operands;MARKUP;47
Operands;PLAYING;5
Operands;FRAMEWORK;26
Operands;DIFFICULTIES;18
Operands;GREATEST;4
Operands;EMPLOYEES;37
Operands;GOVERNMENTS;10
Operands;RISKTAKING;1
Operands;FUNDING;32
Operands;THEORY;6
Operands;PROMPTLY;3
Operands;PRIOR;14
Operands;MINOR;9
Operands;CONCENTRATED;3
Operands;ATTRIBUTED;6
Operands;EXPLORE;7
Operands;PURPOSE;24
Operands;INTENT;1
Operands;ANALYSING;1
Operands;CHECKS;8
Operands;ILLUSTRATING;2
Operands;WARRANTY;6
Operands;RESIDENCE;12
Operands;SUBJECTED;3
Operands;GLOBAL;69
Operands;BENEFICIARY;4
Operands;SENSITIVE;8
Operands;ELIMINATE;15
Operands;SUBSIDIARY;67
Operands;ELECTRONIC;22
Operands;CHARACTERISTICS;36
Operands;COMMENCE;1
Operands;DISTRIBUTING;5
Operands;TRUSTEE;1
Operands;VALUABLE;50
Operands;OBSERVED;9
Operands;FAIRNESS;3
Operands;EXAMPLE;315
Operands;VOLATILITY;1
Operands;EARN;11
Operands;DIVERSITY;1
Operands;INTERCOMPANY;33
Operands;MANUAL;108
Operands;RESULTS;85
Operands;STRATEGY;41
Operands;INTERNAL;50
Operands;INNOVATION;3
Operands;PROBABLY;5
Operands;CONTRAST;6
Operands;TURNOVER;15
Operands;DELINEATE;4
Operands;ACQUIRE;11
Operands;10000;4
Operands;FINDINGS;4
Operands;NONOPERATING;1
Operands;RCO;9
Operands;SIMPLIFIED;13
Operands;SITUATION;48
Operands;TERM;42
Operands;OWN;65
Operands;FAR;13
Operands;ARISING;29
Operands;RESORT;8
Operands;BROKERS;1
Operands;INTEREST;67
Operands;9;45
Operands;RETAIN;8
Operands;RETAIL;3
Operands;DEFENCE;3
Operands;OCCASIONS;1
Operands;ROUGHLY;1
Operands;CONDUCT;37
Operands;AMORTIZATION;2
Operands;LIKELIHOOD;14
Operands;FISCAL;8
Operands;PLANT;13
Operands;PLANS;3
Operands;SCENARIO;17
Operands;ATTENTION;10
Operands;PARTS;12
Operands;OPERATING;192
Operands;IMPROVING;10
Operands;ADVANTAGES;42
Operands;RELIEVING;1
Operands;ADMINISTRATION;184
Operands;REGISTERED;11
Operands;OPPOSED;3
Operands;INTERNATIONAL;139
Operands;ORDER;94
Operands;TERMS;131
Operands;GAINS;4
Operands;OFFICERS;24
Operands;TURN;7
Operands;SWEDEN;1
Operands;NOTING;2
Operands;VALUATION;50
Operands;TYPES;58
Operands;GROWTH;11
Operands;YEAR;99
Operands;APPROPRIATELY;17
Operands;COLLECT;5
Operands;AUTHORITY;85
Operands;FUTURE;52
Operands;FLUCTUATIONS;4
Operands;MAIN;39
Operands;REPATRIATION;1
Operands;MARGINAL;1
Operands;CONDUCTED;26
Operands;VARIATIONS;3
Operands;PERFORMED;131
Operands;JURISDICTIONAL;4
Operands;TECHNICALLY;3
Operands;PARENT;76
Operands;300;7
Operands;AFFILIATES;13
Operands;SUBJECTIVE;4
Operands;SUPERVISORY;3
Operands;COMPETITORS;12
Operands;FOLLOW;21
Operands;LINKED;3
Operands;BUYERS;3
Operands;DISTRICT;2
Operands;DEVELOPED;100
Operands;ADJUSTMENTS;161
Operands;74;1
Operands;DISCUSSING;1
Operands;REPUTATIONAL;5
Operands;CONFIRMED;1
Operands;SUBSTANCE;21
Operands;PREPARE;24
Operands;INTERACTIONS;3
Operands;TECHNICAL;36
Operands;REFUNDED;1
Operands;ACT;21
Operands;SERVICES;523
Operands;NEW;113
Operands;ENABLES;4
Operands;OPEN;13
Operands;PHARMACEUTICAL;8
Operands;PROLIFERATION;1
Operands;EASE;7
Operands;PARTNERSHIP;3
Operands;SALE;29
Operands;ESTABLISHMENTS;6
Operands;EASY;6
Operands;OUTLINED;10
Operands;EXCLUSIVELY;4
Operands;HIGHLY;26
Operands;DOWNSIDE;3
Operands;STATEMENT;11
Operands;TYPICAL;12
Operands;PAYABLE;12
Operands;BOOK;3
Operands;OFFSHORE;9
Operands;SUBSTANTIALLY;8
Operands;SHORTTERM;5
Operands;EVIDENCE;39
Operands;SWITZERLAND;3
Operands;RESULTING;40
Operands;INCURRED;30
Operands;CLASSIFYING;1
Operands;USERS;10
Operands;ACKNOWLEDGE;2
Operands;WELL;102
Operands;DISREGARDED;2
Operands;GROUPWIDE;2
Operands;ROYALTY;17
Operands;OPERATION;23
Operands;SUFFICIENT;29
Operands;STANDARDS;47
Operands;SPLIT;61
Operands;TIMING;10
Operands;INVESTMENTS;10
Operands;ESSENTIAL;21
Operands;OUTWEIGH;2
Operands;BROADLY;20
Operands;NOTE;18
Operands;2000;1
Operands;RATIONALE;14
Operands;2008;14
Operands;2009;28
Operands;MAINTAINING;4
Operands;SIMPLER;5
Operands;STANDALONE;3
Operands;SANCTIONS;2
Operands;PERFORM;44
Operands;ENHANCED;2
Operands;FALL;10
Operands;RESEARCH;77
Operands;VIEWED;8
Operands;ENFORCEMENT;10
Operands;OUTBOUND;11
Operands;ADDRESSED;24
Operands;CRITICAL;24
Operands;RELEVANT;166
Operands;MEASURE;32
Operands;PERIOD;67
Operands;ECONOMIC;137
Operands;RELEVANCE;11
Operands;PREMIUM;7
Operands;EXPLANATION;9
Operands;STRUCTURED;7
Operands;ADEQUACY;1
Operands;RECOGNISED;3
Operands;DISCRETION;6
Operands;LAW;99
Operands;STRUCTURES;30
Operands;REALIZE;2
Operands;AREAS;35
Operands;NETHERLANDS;12
Operands;FOREIGN;79
Operands;DEFINED;36
Operands;BRINGING;2
Operands;ORIGINALLY;4
Operands;EXPLICIT;2
Operands;MATERIALITY;8
Operands;FEASIBLE;2
Operands;APPROPRIATE;211
Operands;PRODUCTS;125
Operands;LOCATION;48
Operands;MILITARY;1
Operands;STARTING;22
Operands;SPONSOR;1
Operands;REIMBURSEMENT;2
Operands;ESSENTIALLY;8
Operands;NECESSARILY;22
Operands;ROLLBACK;2
Operands;AGREED;40
Operands;RESPONSIBLE;25
Operands;ACCURATELY;17
Operands;HIGHRISK;1
Operands;PARAGRAPH;31
Operands;FIVE;35
Operands;TECHNOLOGY;60
Operands;INVESTMENT;47
Operands;COMPLETION;2
Operands;CBC;34
Operands;38;1
Operands;32;2
Operands;30;18
Operands;37;4
Operands;36;1
Operands;35;1
Operands;34;5
Operands;GROSS;147
Operands;FEATURES;20
Operands;BINDING;8
Operands;APPLICATION;114
Operands;LEVELS;26
Operands;IDENTIFY;60
Operands;HOME;2
Operands;PUBLICATION;2
Operands;CLARIFYING;1
Operands;POINT;45
Operands;SALARIES;4
Operands;WORDS;15
Operands;CONSULT;5
Operands;EXPECTED;152
Operands;UNIQUELY;2
Operands;HEDGING;1
Operands;WEIGHT;4
Operands;SUFFICIENTLY;20
Operands;ALIGN;4
Operands;REGARD;31
Operands;FULFILMENT;1
Operands;8;34
Operands;OBJECTIVE;24
Operands;EURO;1
Operands;LOSS;42
Operands;CONFIDENCE;8
Operands;RIGHTS;63
Operands;MARK;4
Operands;SECURITIES;6
Operands;CONSISTENTLY;5
Operands;REGARDS;7
Operands;UPDATES;7
Operands;ACCUMULATED;1
Operands;PAGE;4
Operands;ALP;1
Operands;OPERATIONS;71
Operands;750000;1
Operands;LINES;20
Operands;HOLDING;7
Operands;TRYING;2
Operands;INCOUNTRY;1
Operands;ACQUISITIONS;1
Operands;CHOSEN;4
Operands;DIVERSIFICATION;1
Operands;UN;61
Operands;BECOME;20
Operands;MARGINS;80
Operands;REALLOCATED;1
Operands;NECESSARY;99
Operands;REMAINS;6
Operands;GUIDELINES;81
Operands;MULTILATERAL;16
Operands;LIQUIDITY;2
Operands;SHAREHOLDING;8
Operands;CHIEF;1
Operands;ESTABLISHING;25
Operands;GENERATED;6
Operands;WIDESPREAD;4
Operands;CYCLES;7
Operands;BACKUP;6
Operands;REFUND;1
Operands;TRANSACTION;345
Operands;TAXING;24
Operands;CERTAINTY;34
Operands;ECONOMIES;25
Operands;132;1
Operands;VALID;3
Operands;USUALLY;62
Operands;ADEQUATELY;4
Operands;HELPFUL;17
Operands;PORTIONS;1
Operands;CENTURY;4
Operands;FORESEEABLE;2
Operands;SMOOTH;1
Operands;DISCREPANCY;3
Operands;GOALS;7
Operands;COMPARATIVE;7
Operands;INSUFFICIENT;5
Operands;2017;10
Operands;2016;14
Operands;2011;9
Operands;2010;16
Operands;FOUNDATION;1
Operands;EXEMPTION;1
Operands;LOOPHOLES;1
Operands;STRENGTHEN;1
Operands;COMPANIES;151
Operands;SEGMENTED;4
Operands;RETURNS;54
Operands;BURDEN;91
Operands;ROBUST;6
Operands;TICKET;5
Operands;BEPS;42
Operands;STOCK;11
Operands;REMOTE;1
Operands;ARBITRARINESS;1
Operands;LONGTERM;4
Operands;ORDINARILY;4
Operands;VARIATION;3
Operands;EXIST;37
Operands;EFFECTS;21
Operands;ENTERPRISE;280
Operands;SERVED;1
Operands;180;1
Operands;SCALE;22
Operands;EVASION;4
Operands;PRODUCES;4
Operands;PRODUCED;15
Operands;89;1
Operands;SHARES;15
Operands;CONTEXT;56
Operands;PRIVILEGE;5
Operands;80;3
Operands;WEBSITE;4
Operands;MANAGED;6
Operands;JOINT;24
Operands;NEXUS;2
Operands;BECOMES;11
Operands;FLOW;17
Operands;EFFICIENCIES;8
Operands;VERIFICATION;5
Operands;586;1
Operands;FORMULATED;1
Operands;RANGE;64
Operands;EXPECT;9
Operands;ARRIVED;1
Operands;REGIONS;10
Operands;BENCHMARKING;15
Operands;TAXATION;170
Operands;FINANCING;10
Operands;PRACTICAL;88
Operands;POTENTIALLY;22
Operands;DECIDE;22
Operands;ALLOWANCES;1
Operands;STRONG;10
Operands;ESTABLISHMENT;11
Operands;PHYSICAL;7
Operands;DIRECTED;4
Operands;RESALE;92
Operands;MANAGEMENT;93
Operands;ODDS;1
Operands;WORK;80
Operands;AMOUNTING;2
Operands;SPREAD;5
Operands;SUSTAINED;3
Operands;BEGINNING;9
Operands;AFFAIRS;3
Operands;PROTECT;10
Operands;MANAGE;19
Operands;DUE;81
Operands;UNDERLYING;27
Operands;ADAPT;3
Operands;LIBOR;1
Operands;TERMINATION;18
Operands;EFFECTIVENESS;10
Operands;SELLING;16
Operands;TARGET;3
Operands;DISPOSAL;4
Operands;TACKLE;4
Operands;MATTER;17
Operands;PARTIES;199
Operands;REFINED;3
Operands;ADVISORY;7
Operands;PROCESSES;39
Operands;STATEMENTS;34
Operands;NETWORK;11
Operands;STATES;22
Operands;FEE;17
Operands;REALIZED;15
Operands;INVESTORS;9
Operands;MANAGING;10
Operands;RELIABLE;90
Operands;ENTITIES;88
Operands;MITIGATED;4
Operands;RELIABLY;5
Operands;AGGREGATE;8
Operands;TWOSTEP;2
Operands;EXTERNALLY;2
Operands;QUOTED;15
Operands;JURISDICTION;67
Operands;STRESS;1
Operands;QUALIFICATION;3
Operands;FORWARD;7
Operands;POOL;8
Operands;GEOGRAPHIC;23
Operands;URUGUAY;1
Operands;CONSIDERED;109
Operands;RENEGOTIATION;8
Operands;REQUESTS;13
Operands;INDICATOR;14
Operands;ACHIEVED;26
Operands;LACK;39
Operands;LICENSEE;3
Operands;LICENSED;6
Operands;ACHIEVES;1
Operands;LIKELY;59
Operands;SCOPE;20
Operands;WIDE;10
Operands;ACCRUED;4
Operands;BEST;46
Operands;GLOBE;1
Operands;STELON;12
Operands;ACTIVITY;72
Operands;RETAINING;5
Operands;NATURAL;6
Operands;HISTORICAL;3
Operands;SECTORS;11
Operands;FACILITY;1
Operands;TREATYBASED;1
Operands;120;7
Operands;GAPS;4
Operands;125;13
Operands;DEBT;18
Operands;INDEPENDENT;191
Operands;WELCOME;1
Operands;ACTIONS;38
Operands;REFLECT;58
Operands;ITEM;9
Operands;130;1
Operands;YIELDS;1
Operands;EXEMPTIONS;4
Operands;ENSURES;4
Operands;CONSOLIDATED;14
Operands;INITIAL;38
Operands;MODIFY;2
Operands;DIRECT;60
Operands;LEAVE;5
Operands;RATE;54
Operands;LISTING;1
Operands;FORMULA;7
Operands;MEASURING;3
Operands;ERRORS;2
Operands;INTRODUCTION;20
Operands;LIABILITY;16
Operands;APPROACH;157
Operands;FACED;9
Operands;INCURS;6
Operands;ORIGINATED;2
Operands;ITEMS;16
Operands;REASON;19
Operands;DISPUTES;61
Operands;OPTIONAL;2
Operands;UNIT;87
Operands;DISPUTE;88
Operands;CATEGORY;37
Operands;FLUCTUATE;1
Operands;OBTAINING;12
Operands;PURCHASING;12
Operands;DIVERSE;2
Operands;IP;1
Operands;TITLE;8
Operands;PERHAPS;18
Operands;EVALUATION;21
Operands;DISTINCTION;6
Operands;GOVERNANCE;3
Operands;QUANTUM;7
Operands;SOCALLED;10
Operands;EXCHANGE;42
Operands;SUCCESSFULLY;15
Operands;DISTRIBUTED;6
Operands;460;1
Operands;FREE;7
Operands;STANDARD;34
Operands;ANSWER;5
Operands;STATE;19
Operands;INVENTORY;34
Operands;PROVIDING;71
Operands;PERCENTAGE;9
Operands;ABUSIVE;5
Operands;BENEFIT;142
Operands;LEADS;4
Operands;OECD;148
Operands;BURDENSOME;6
Operands;MEMBERS;100
Operands;STRATEGIES;46
Operands;ROYALTIES;4
Operands;SUGGESTED;9
Operands;PRESUMPTION;1
Operands;WEIGHTED;3
Operands;ASPECT;16
Operands;AGENCIES;10
Operands;TYPICALLY;67
Operands;DIFFICULT;75
Operands;SUPPLEMENTARY;3
Operands;CONCEPTUALLY;1
Operands;BENEFITS;132
Operands;CALCULATION;11
Operands;INDIA;22
Operands;QUALIFY;7
Operands;COUNCIL;5
Operands;PERFECT;4
Operands;INPUTS;3
Operands;WHOLESALE;5
Operands;AMORTISATION;1
Operands;GLOBALIZATION;6
Operands;EARNED;34
Operands;TRANSFER;1262
Operands;NUANCES;1
Operands;YEARS;115
Operands;46;2
Operands;CONTINUED;6
Operands;INTERMEDIARY;13
Operands;CONCLUSION;12
Operands;RESOLVED;9
Operands;LICENSE;15
Operands;TOOL;6
Operands;CONSISTENCY;31
Operands;INTRODUCING;7
Operands;STRENGTH;4
Operands;MANUFACTURED;5
Operands;SEPTEMBER;2
Operands;SUPPORTED;7
Operands;TRADEOFF;2
Operands;RESPONSIBILITIES;12
Operands;HUMAN;43
Operands;FACTS;83
Operands;280;1
Operands;ILLUSTRATE;6
Operands;EASIEST;1
Operands;PROVE;13
Operands;CLEAR;39
Operands;ENGAGING;9
Operands;OVERRIDE;1
Operands;PLANNING;16
Operands;POOLS;1
Operands;PARTY;351
Operands;RECEIVING;16
Operands;TRANSFEROR;2
Operands;RESOURCES;139
Operands;LIMITED;59
Operands;OBLIGATIONS;20
Operands;PRESSURES;2
Operands;LATE;7
Operands;MATTERS;28
Operands;LENGTH;559
Operands;EXPERIENCES;7
Operands;MODIFICATION;4
Operands;SOUND;7
Operands;ADVANCE;43
Operands;CHALLENGE;13
Operands;DISCUSSED;47
Operands;ACCEPT;12
Operands;ADMINISTER;7
Operands;DEVELOPS;5
Operands;110;10
Operands;REPORT;98
Operands;DISCUSSES;11
Operands;CONSIDERABLE;7
Operands;CENTER;2
Operands;LANGUAGE;23
Operands;SETTLEMENTS;7
Operands;REBATE;1
Operands;BENCHMARKS;1
Operands;CONVENTION;40
Operands;MANUFACTURING;78
Operands;INTEGRATED;19
Operands;STAGE;29
Operands;FRAUD;2
Operands;DISTRIBUTORS;38
Operands;FUNCTIONAL;141
Operands;SUBPARAGRAPHS;1
Operands;HARMONISATION;1
Operands;NIGERIA;4
Operands;INCLUDE;130
Operands;DISADVANTAGES;17
Operands;US;9
Operands;OCCUR;25
Operands;REPUTATION;4
Operands;LISTED;18
Operands;UK;1
Operands;ACCOUNT;104
Operands;OPTION;32
Operands;DEFAULT;5
Operands;PURPOSES;109
Operands;REPORTS;39
Operands;BROKEN;3
Operands;VENTURE;8
Operands;ILLUSTRATIONS;1
Operands;BRAZIL;16
Operands;BUSINESS;355
Operands;DIAGRAM;4
Operands;CONCERNS;20
Operands;CLOSE;10
Operands;SCHEME;3
Operands;AGAIN;6
Operands;CUT;1
Operands;RECENTLY;5
Operands;RECEIVE;28
Operands;WEAK;4
Operands;DESIGNING;7
Operands;WORDING;1
Operands;TRANSITION;4
Operands;ABLE;73
Operands;ANALYSIS;377
Operands;FAILURE;16
Operands;INCUR;6
Operands;BELGIUM;1
Operands;USING;85
Operands;DISCLOSURE;14
Operands;GROUPS;36
Operands;CHANGE;13
Operands;EXCESSIVE;18
Operands;RETROSPECTIVE;1
Operands;RULES;177
Operands;40;7
Operands;PERIODIC;3
Operands;CONTROVERSIAL;4
Operands;EQUITY;22
Operands;RESOLUTION;73
Operands;RECEIVES;13
Operands;GRIEVANCES;1
Operands;RULINGS;24
Operands;PLAN;19
Operands;LOCAL;110
Operands;RESELL;2
Operands;SELL;6
Operands;DETERMINANTS;1
Operands;DESCRIPTION;32
Operands;MNES;117
Operands;FEASIBILITY;1
Operands;BECAME;6
Operands;ADMINISTERED;2
Operands;HIGHEST;2
Operands;PRINCIPAL;36
