Operators;RATIO;67
Operators;RESIDUAL;35
Operators;ADOPTED;40
Operators;NAMELY;7
Operators;ADDITIONALLY;5
Operators;ADDITIONAL;65
Operators;IMPLEMENTATION;47
Operators;ENFORCING;4
Operators;CASES;247
Operators;DEDUCTIBLE;10
Operators;INVOLVES;49
Operators;DEFINE;10
Operators;FULL;32
Operators;LEAST;44
Operators;ASSESS;31
Operators;CRITERION;6
Operators;INCIDENTALLY;3
Operators;ASSESSED;7
Operators;MEASURED;8
Operators;MAY;1335
Operators;DIFFERENCES;157
Operators;INSTANCE;35
Operators;ONLY;165
Operators;ELIMINATION;3
Operators;THRESHOLDS;7
Operators;ALLOCATIONS;4
Operators;PREVENT;22
Operators;COMPARED;49
Operators;ASSUME;97
Operators;VERIFY;5
Operators;+;19
Operators;BELONG;2
Operators;DIFFERING;7
Operators;COMPARES;12
Operators;COMBINED;30
Operators;NOTWITHSTANDING;10
Operators;SO;110
Operators;INCORPORATING;2
Operators;AND/OR;49
Operators;RESPECTIVELY;4
Operators;SOLE;4
Operators;EQUALS;5
Operators;COVERED;21
Operators;ATTRIBUTABLE;19
Operators;SATISFY;21
Operators;EXTRA;5
Operators;NEVERTHELESS;13
Operators;APPROXIMATION;1
Operators;ASSUMPTIONS;16
Operators;DETERMINATION;58
Operators;AIMED;4
Operators;SUPERVISE;2
Operators;NOT;919
Operators;QUANTITATIVE;15
Operators;NOR;11
Operators;RAISE;14
Operators;ALLOCATES;2
Operators;PORTION;4
Operators;RECOMMENDATION;3
Operators;AGGREGATED;10
Operators;LIMITATIONS;37
Operators;KEPT;12
Operators;LACKING;5
Operators;&;14
Operators;TREATED;19
Operators;RECOGNIZED;34
Operators;REGULATED;5
Operators;SETS;25
Operators;WHY;16
Operators;DIFFERENT;173
Operators;APPORTION;5
Operators;AVERAGE;42
Operators;ASSUMING;24
Operators;THUS;79
Operators;CANNOT;80
Operators;COMPLY;32
Operators;EVEN;103
Operators;CORRESPONDING;21
Operators;LIKE;21
Operators;RESEMBLE;4
Operators;FORMING;2
Operators;SEPARATELY;14
Operators;ENSURE;91
Operators;REPEALED;1
Operators;CIRCUMSTANCES;200
Operators;REFLECTS;25
Operators;EXCEPTION;5
Operators;RELATIONSHIP;35
Operators;TOP;3
Operators;CAP;1
Operators;EXCEEDING;5
Operators;SINGLE;24
Operators;WILLING;27
Operators;TOO;18
Operators;DIFFERENTIALS;2
Operators;ESTIMATES;5
Operators;TOGETHER;33
Operators;COMPUTATION;6
Operators;FURTHER;132
Operators;ESTIMATED;4
Operators;COMPUTED;6
Operators;ASSUMED;90
Operators;FINALLY;13
Operators;ASSUMES;17
Operators;COMPARE;17
Operators;ASSOCIATE;3
Operators;OVERALL;43
Operators;NEGATIVE;8
Operators;SAME;188
Operators;SETTING;35
Operators;SUBJECT;59
Operators;DISREGARDING;4
Operators;MULTIPLE;32
Operators;INTENDED;22
Operators;CONSIST;13
Operators;SEPARATE;47
Operators;SEEMS;5
Operators;DUPLICATE;4
Operators;COMBINE;2
Operators;ALTHOUGH;40
Operators;GAP;2
Operators;PRE;4
Operators;DETERMINES;15
Operators;SIMILAR;157
Operators;CORRESPOND;3
Operators;WHOLLY;3
Operators;SAY;6
Operators;DETERMINED;82
Operators;FLOOR;1
Operators;DEMONSTRATED;5
Operators;SECONDLY;6
Operators;EXEMPTION;2
Operators;SIMILARLY;23
Operators;REVERSED;4
Operators;SHIFTING;41
Operators;CHOOSING;1
Operators;HENCE;20
Operators;FIRST;85
Operators;BECAUSE;125
Operators;COMBINATION;15
Operators;ADDITION;68
Operators;CONTAINS;9
Operators;POSED;2
Operators;EITHER;70
Operators;COMPRISE;3
Operators;APART;2
Operators;CIRCUMSTANCE;4
Operators;EXCEEDS;8
Operators;ACCEPTED;28
Operators;OBLIGATED;1
Operators;TESTS;2
Operators;REQUIRED;170
Operators;FALLS;15
Operators;MINIMUM;17
Operators;REQUIRES;59
Operators;APPLIED;139
Operators;UNLESS;26
Operators;PERCENTAGES;1
Operators;EG;121
Operators;MITIGATE;4
Operators;EX;69
Operators;APPLIES;33
Operators;MANDATORY;14
Operators;POST;35
Operators;CONVERSELY;5
Operators;THEREIN;1
Operators;GRANTING;2
Operators;QUANTIFY;3
Operators;AGGREGATION;1
Operators;INFRA;3
Operators;EVALUATING;16
Operators;WHEREBY;9
Operators;ALTERNATIVELY;20
Operators;TREATMENT;20
Operators;DEDUCTING;3
Operators;OTHERWISE;34
Operators;PRESCRIBED;9
Operators;REQUIREMENT;25
Operators;SET;122
Operators;RULE;58
Operators;INCREASE;44
Operators;INDICATE;12
Operators;LOOKS;7
Operators;DIFFERS;4
Operators;STILL;36
Operators;REVERSE;2
Operators;EXCEED;7
Operators;ENTAIL;6
Operators;SINCE;61
Operators;RAISES;4
Operators;REVERSAL;1
Operators;DIFFERENCE;44
Operators;PREVIOUS;15
Operators;REPRESENT;13
Operators;SPECIFICALLY;24
Operators;EXEMPT;7
Operators;DEEMED;22
Operators;PARTICULARLY;41
Operators;ESTABLISHES;9
Operators;DEPENDING;71
Operators;GRANTED;7
Operators;IMPLEMENTING;20
Operators;PRESCRIBING;3
Operators;EXCEEDED;3
Operators;APPROVAL;15
Operators;APPROVED;7
Operators;HEREAFTER;6
Operators;SHIFTED;7
Operators;DEPEND;46
Operators;REQUIRING;19
Operators;SELECTED;36
Operators;ALLOCATE;32
Operators;PERMIT;6
Operators;AGGREGATE;9
Operators;ESTABLISH;48
Operators;DIVISION;32
Operators;KEEPING;6
Operators;NONETHELESS;7
Operators;INCLUDES;40
Operators;REFLECTING;9
Operators;RELATION;64
Operators;RECOMMEND;1
Operators;INCLUDED;35
Operators;LASTLY;1
Operators;CONJUNCTION;3
Operators;APPLYING;78
Operators;CALCULATING;8
Operators;ANNEX;7
Operators;BESIDES;4
Operators;TEST;60
Operators;REQUESTS;20
Operators;PERMITTED;7
Operators;PAR;6
Operators;COMPARING;13
Operators;WANT;12
Operators;DEFINITIONS;3
Operators;ABSOLUTE;4
Operators;OUTCOME;26
Operators;LIMITS;9
Operators;HOWEVER;229
Operators;NEXT;16
Operators;DETERMINE;146
Operators;ALLOWED;12
Operators;ALLOCATED;27
Operators;CONSEQUENTLY;16
Operators;ADJUSTED;34
Operators;RESTRICTIONS;4
Operators;COMPLEMENT;1
Operators;RELATIVE;53
Operators;DIFFERENTIATION;1
Operators;ENSURING;15
Operators;DIFFERENTLY;2
Operators;X;61
Operators;REPRESENTS;14
Operators;CONFORMS;3
Operators;AFTER;83
Operators;ALLOWS;25
Operators;REFLECTED;22
Operators;PROHIBITIVE;1
Operators;ACTUALLY;31
Operators;INCLUDING;187
Operators;YET;9
Operators;EXEMPTIONS;5
Operators;COMPARABLES;297
Operators;ENSURES;4
Operators;RETURN;156
Operators;RATIOS;25
Operators;PREVIOUSLY;11
Operators;REQUIRE;95
Operators;DECREASE;4
Operators;CONSTITUTES;4
Operators;EXCESS;5
Operators;DECREASED;1
Operators;CHANGES;43
Operators;INCLUSION;10
Operators;DISTINCT;13
Operators;BUT;208
Operators;NOTABLY;1
Operators;FRACTION;1
Operators;FULLY;26
Operators;INDICATORS;11
Operators;MEET;37
Operators;SUBSEQUENTLY;7
Operators;INCREASING;24
Operators;DEFINING;6
Operators;CONSIDERING;33
Operators;IMPOSED;19
Operators;DIVIDE;5
Operators;FOR;2394
Operators;EQUIVALENT;19
Operators;COMBINATIONS;1
Operators;IMPLEMENT;19
Operators;WHOLE;27
Operators;AND;5221
Operators;CONFORM;7
Operators;SELECTION;44
Operators;SHALL;12
Operators;INITIALLY;13
Operators;POSITIVE;10
Operators;CONNECTION;10
Operators;EXCLUDED;7
Operators;FACTOR;25
Operators;SATISFIES;3
Operators;REFERRED;51
Operators;THEN;88
Operators;FURTHERMORE;15
Operators;ETC;98
Operators;DEDUCTED;6
Operators;COMPRISES;1
Operators;ALLOCATING;13
Operators;CASE;274
Operators;RESPECTIVE;30
Operators;COMPUTING;9
Operators;RATHER;54
Operators;PERFORMING;57
Operators;IDENTIFIED;54
Operators;WERE;93
Operators;DISTINGUISH;9
Operators;APPLY;106
Operators;IDENTIFIES;2
Operators;CLOSER;3
Operators;NEEDS;67
Operators;FACTORS;120
Operators;DIVIDED;23
Operators;COVER;20
Operators;SECOND;36
Operators;MOREOVER;15
Operators;WAS;166
Operators;ENFORCE;8
Operators;INCORPORATE;3
Operators;CONVERSION;7
Operators;PRESCRIBE;5
Operators;ASSUMPTION;29
Operators;DESPITE;14
Operators;ENTIRELY;4
Operators;LOWER;44
Operators;LAPSE;1
Operators;CONSEQUENCE;5
Operators;INTEGRATE;2
Operators;THEREBY;11
Operators;MEANS;46
Operators;OPTIONS;19
Operators;ELIMINATING;2
Operators;EXCLUDE;5
Operators;SUITABLE;23
Operators;MEAN;19
Operators;EXISTS;12
Operators;ENTIRE;11
Operators;WHEREAS;12
Operators;ACCORDING;24
Operators;DEDUCTION;8
Operators;EXTRACTED;2
Operators;ALLOW;37
Operators;ESTIMATE;10
Operators;IE;121
Operators;IF;513
Operators;REQUIREMENTS;113
Operators;ALWAYS;38
Operators;SHIFTS;4
Operators;ADOPTION;9
Operators;APPROVALS;2
Operators;TESTING;18
Operators;RENDER;3
Operators;THOUGH;37
Operators;APPROXIMATE;4
Operators;CONSTITUTE;16
Operators;TREAT;11
Operators;ELIMINATED;7
Operators;SUBTRACT;1
Operators;DIFFER;73
Operators;DERIVED;33
Operators;CONDITIONED;1
Operators;MANDATE;8
Operators;THRESHOLD;20
Operators;REFER;17
Operators;MULTIPLIED;3
Operators;COMPARABLE;371
Operators;ASSESSING;10
Operators;COMPUTE;2
Operators;INDEED;4
Operators;REDUCES;9
Operators;ADOPT;19
Operators;REQUEST;54
Operators;ACCORDINGLY;48
Operators;UNIQUE;50
Operators;REDUCED;18
Operators;ESPECIALLY;88
Operators;DERIVE;15
Operators;TREATS;3
Operators;DOUBLE;125
Operators;CORRESPONDS;4
Operators;LIMITING;4
Operators;NEEDED;62
Operators;SPECIFIED;25
Operators;RESPECT;87
Operators;ALTERNATIVE;30
Operators;OR;1686
Operators;PARTIALLY;5
Operators;IMPOSE;8
Operators;RELATE;17
Operators;REGARDING;62
Operators;RESTRICT;2
Operators;ALLOWING;11
Operators;ADDING;19
Operators;ADDED;23
Operators;SELECTING;11
Operators;AUTHORIZED;4
Operators;IRRESPECTIVE;7
Operators;APPEARS;7
Operators;CALCULATE;19
Operators;CONFIRM;11
Operators;LIMITATION;12
Operators;QUANTIFICATION;8
Operators;CONTAINED;18
Operators;INSTEAD;20
Operators;MANDATED;4
Operators;PRESUMED;5
Operators;SUBTRACTED;2
Operators;INCLUSIVE;2
Operators;REMOVE;1
Operators;INTRA;2
Operators;REPRESENTED;6
Operators;THEREFORE;119
Operators;EVALUATE;19
Operators;SUM;9
Operators;RECOMMENDATIONS;16
Operators;STOP;1
Operators;EVALUATED;11
Operators;WHILE;128
Operators;REFERENCES;3
Operators;NET;164
Operators;EQUALLY;8
Operators;ATTRIBUTION;3
Operators;CALCULATED;21
Operators;DEPENDS;34
Operators;CONTRARY;5
Operators;PROXY;6
Operators;RESULTED;12
Operators;SOLELY;13
Operators;DISALLOWED;1
Operators;IMPLIES;3
Operators;DENIED;3
Operators;MAXIMUM;17
Operators;EXCEPTIONS;6
Operators;ADD;7
Operators;OTHERS;31
Operators;NEED;151
Operators;REDUCING;15
Operators;GREATER;56
Operators;ACCORDANCE;39
Operators;PROPORTION;10
Operators;SUBMIT;13
Operators;CREDITS;1
Operators;ADJUST;35
Operators;IDENTIFICATION;55
Operators;EXCLUSION;3
Operators;IDENTIFYING;34
Operators;EQUAL;20
Operators;COMPARISONS;12
Operators;SEEM;5
Operators;REGULATE;1
Operators;MINIMAL;4
Operators;EXCLUSIVE;7
Operators;SPLITTING;1
Operators;ALSO;438
Operators;ALIKE;3
Operators;ADOPTING;11
Operators;CONCERNING;18
Operators;EVENTUALLY;8
Operators;REGARDLESS;14
Operators;CONSULTS;1
Operators;QUANTIFIED;3
Operators;DENY;2
Operators;HOW;119
Operators;AS;1650
Operators;NEARLY;6
Operators;BEFORE;56
Operators;=;69
Operators;DEPENDENCE;3
Operators;INCREASES;7
Operators;DEEMS;1
Operators;BALANCING;17
Operators;COMBINING;1
Operators;SUBTRACTING;1
Operands;LIFE;24
Operands;FUNDAMENTALLY;1
Operands;POSITIONS;11
Operands;EXPLAIN;9
Operands;UNCERTAINTY;19
Operands;MODIFICATIONS;8
Operands;ENVIRONMENT;32
Operands;EFFICIENCY;15
Operands;DEMAND;18
Operands;ACQUIRING;10
Operands;SUPERVISION;2
Operands;ALTERS;1
Operands;ENGAGE;21
Operands;IMPERFECT;4
Operands;BASELINE;1
Operands;INBOUND;9
Operands;161;1
Operands;345;1
Operands;PRODUCING;8
Operands;AGE;9
Operands;TRANSACTIONS;675
Operands;TAXES;38
Operands;HAND;50
Operands;CURRENT;42
Operands;TAXED;9
Operands;APPEAR;6
Operands;MANUFACTURE;16
Operands;MAP;129
Operands;ASSETS;264
Operands;GUIDANCE;138
Operands;ANNUAL;48
Operands;PRIMARY;26
Operands;FRANCE;10
Operands;STABILITY;1
Operands;PERSON;20
Operands;VALUES;25
Operands;PROPERTY;130
Operands;GAIN;9
Operands;DOCTRINES;1
Operands;INTELLECTUAL;17
Operands;273;2
Operands;FIGURES;5
Operands;INNOVATIVE;3
Operands;COMPLIANCE;116
Operands;BEHAVIOUR;2
Operands;GUARD;1
Operands;COMMON;62
Operands;UNDERTAKE;15
Operands;STANDARDISED;1
Operands;PROPOSAL;3
Operands;CLEARLY;15
Operands;ADDRESSING;16
Operands;FUTURES;2
Operands;PARIS;4
Operands;SOLD;66
Operands;SYSTEMS;30
Operands;ACTIVE;9
Operands;ACCOUNTING;90
Operands;104;1
Operands;105;3
Operands;PARTICIPATING;8
Operands;STARTUP;23
Operands;CONTROLS;26
Operands;PUBLIC;52
Operands;PATENT;6
Operands;FORMATION;2
Operands;SELLS;21
Operands;INTRODUCED;30
Operands;DETAILED;59
Operands;MEXICO;23
Operands;TRADEMARKS;20
Operands;DOCUMENTED;11
Operands;INTERMEDIARIES;6
Operands;METHODS;195
Operands;MEMBER;49
Operands;INVOLVING;93
Operands;TAXABLE;53
Operands;TABLE;47
Operands;INTERPRETATIONS;2
Operands;GOODS;154
Operands;ITALY;3
Operands;CONCLUSIONS;10
Operands;VARY;22
Operands;EXPENSES;167
Operands;98;2
Operands;UNITS;20
Operands;90;7
Operands;94;1
Operands;NONFINANCIAL;2
Operands;DISADVANTAGE;12
Operands;ABUSEDEEMING;2
Operands;INSPECTION;5
Operands;ORGANIZED;11
Operands;MULTIYEAR;2
Operands;EARLY;17
Operands;EXPENDITURE;14
Operands;WIDELY;15
Operands;DECLARATION;3
Operands;NOTICE;21
Operands;COPYRIGHT;4
Operands;UNFAIR;6
Operands;PEER;3
Operands;PERIODICALLY;5
Operands;FINES;1
Operands;GUIDE;16
Operands;PARAMETERS;6
Operands;SEGMENTS;3
Operands;NATURE;82
Operands;COMPETITION;12
Operands;MAINTAIN;11
Operands;REACHED;13
Operands;LOANS;13
Operands;EXAMINES;6
Operands;FORM;74
Operands;KEYS;17
Operands;EXAMINED;15
Operands;INHERENTLY;4
Operands;ASCERTAIN;3
Operands;ANTE;32
Operands;FOUND;52
Operands;REFERS;10
Operands;PASSIVE;9
Operands;ELECT;1
Operands;PRAGMATIC;4
Operands;SALES;228
Operands;INSTANCES;20
Operands;CALL;17
Operands;LICENSING;17
Operands;REFORMS;3
Operands;CONTRIBUTION;50
Operands;FUNCTIONS;309
Operands;UNILATERAL;15
Operands;SPONSORSHIP;1
Operands;CHALLENGES;50
Operands;LIMIT;18
Operands;JUSTIFIED;12
Operands;SUFFER;5
Operands;TRUE;12
Operands;ECONOMY;28
Operands;HEAVY;4
Operands;PARTNERS;19
Operands;RELY;14
Operands;GAAP;2
Operands;625;1
Operands;SOURCED;1
Operands;PLATFORM;3
Operands;INFLUENCE;16
Operands;SOURCES;41
Operands;BEHAVIOURS;1
Operands;LICENCE;10
Operands;400;10
Operands;NORWAY;2
Operands;PERTAIN;1
Operands;628;1
Operands;SYNERGIES;13
Operands;BALANCES;7
Operands;HIGH;61
Operands;ISSUE;122
Operands;PROPERTIES;4
Operands;CLAIM;16
Operands;EXPENDITURES;6
Operands;AUSTRALIA;9
Operands;OBJECTIVES;24
Operands;ATTACHED;7
Operands;INTERPRETED;3
Operands;CLARIFY;7
Operands;COMPELLING;1
Operands;PRICING;1503
Operands;ADDRESS;37
Operands;PROGRESS;11
Operands;MARGIN;176
Operands;BRAND;39
Operands;CIRCULAR;4
Operands;COMMENCING;1
Operands;BUYSELL;3
Operands;BASED;250
Operands;CORPORATION;17
Operands;CONCERNED;30
Operands;REDUCE;42
Operands;OPERATIONAL;26
Operands;REGISTRATION;4
Operands;INDIRECT;34
Operands;OBTAINED;26
Operands;BEGIN;5
Operands;STRENGTHS;12
Operands;BURDENS;13
Operands;LONGER;17
Operands;DEVELOPING;283
Operands;PROFIT;518
Operands;SHARE;90
Operands;OVERHEAD;1
Operands;MEASUREMENT;10
Operands;SPECIAL;66
Operands;CLASSIFICATION;10
Operands;COUNTRYBYCOUNTRY;14
Operands;MAINLY;12
Operands;POSSIBLE;136
Operands;POSSIBLY;14
Operands;246;1
Operands;DETAILS;27
Operands;COMPOUND;1
Operands;APPROPRIATENESS;2
Operands;TIMELY;8
Operands;REWARDS;2
Operands;MOBILE;1
Operands;FORECAST;1
Operands;CONTINUE;17
Operands;TIME;172
Operands;JAPAN;34
Operands;VIEW;50
Operands;DESCRIBED;33
Operands;WORKING;40
Operands;SECTION;59
Operands;WEAKNESSES;12
Operands;DESCRIBES;9
Operands;TREATMENT;20
Operands;179;2
Operands;JULY;7
Operands;174;2
Operands;AUDITED;12
Operands;LAND;6
Operands;LEVERAGE;4
Operands;AREA;43
Operands;VENTURES;4
Operands;TRADE;71
Operands;BELIEVE;8
Operands;DISTRIBUTE;3
Operands;MODELS;24
Operands;PERCENT;2
Operands;REPORTED;19
Operands;NEWLY;3
Operands;EUR;8
Operands;REPRESENT;13
Operands;ELIGIBLE;4
Operands;LENDING;1
Operands;BREAK;1
Operands;MAJORITY;9
Operands;TRADING;24
Operands;274;1
Operands;ADEQUATE;32
Operands;SAFEGUARD;4
Operands;IMPROVE;34
Operands;DEGREE;34
Operands;PURSUED;7
Operands;EXCEED;7
Operands;DETAIL;65
Operands;FINISHED;13
Operands;INTANGIBLES;386
Operands;CORPORATE;42
Operands;ACQUISITION;28
Operands;ONESIDED;4
Operands;ENHANCEMENTS;1
Operands;EXPLAINED;11
Operands;PRIVATE;14
Operands;ANTIAVOIDANCE;28
Operands;CONTRIBUTING;10
Operands;PARTICIPANTS;66
Operands;CONSULTATION;7
Operands;COMPONENTS;28
Operands;ONLINE;3
Operands;INDIRECTLY;12
Operands;LEGAL;189
Operands;DELIVERY;10
Operands;COMMENTARY;11
Operands;DETRIMENT;3
Operands;ALTER;2
Operands;VAST;6
Operands;UNDERPAYMENT;2
Operands;800;3
Operands;AGREEING;1
Operands;FACE;20
Operands;RECOGNITION;12
Operands;BREACH;4
Operands;ALIGNED;5
Operands;DECISIONS;41
Operands;EASIER;14
Operands;FACT;66
Operands;DELIVERED;6
Operands;ENABLE;11
Operands;PAY;45
Operands;FORMULATION;1
Operands;TAXPAYERS;335
Operands;UNDERSTOOD;5
Operands;NONTAXABLE;1
Operands;CHANGING;3
Operands;REVEALED;2
Operands;EXPENSE;14
Operands;INVOLVE;59
Operands;543;1
Operands;541;1
Operands;547;2
Operands;PERU;1
Operands;DISCUSSIONS;19
Operands;LOCALLY;8
Operands;PRESSURE;2
Operands;METHODOLOGY;29
Operands;TASKS;4
Operands;X;61
Operands;PARALLEL;4
Operands;FINANCIALS;5
Operands;OIL;13
Operands;TESTED;128
Operands;REGION;15
Operands;COMMENTS;4
Operands;ABUSE;5
Operands;POLICIES;32
Operands;SHARED;17
Operands;418;1
Operands;CAPTURE;5
Operands;VARIETY;13
Operands;PERSONNEL;43
Operands;MECHANISMS;14
Operands;LARGE;65
Operands;5000;4
Operands;SEEKS;14
Operands;SEARCH;38
Operands;RECOURSE;1
Operands;LEAVES;3
Operands;POSSIBILITY;20
Operands;412;1
Operands;EXCESSIVELY;5
Operands;OWNERSHIP;46
Operands;STAKEHOLDERS;11
Operands;DETERMINATIONS;4
Operands;EXTERNAL;40
Operands;INPUT;13
Operands;PROVIDED;188
Operands;FINANCIAL;221
Operands;SITUATIONS;53
Operands;UNDUE;3
Operands;INTERESTED;2
Operands;COMPLICATED;11
Operands;PROVIDES;73
Operands;PROVIDER;54
Operands;REVENUES;11
Operands;COMMERCIAL;86
Operands;ARRANGEMENTS;83
Operands;103;1
Operands;COLLECTED;11
Operands;250;11
Operands;DUPLICATION;16
Operands;255;1
Operands;ABILITY;35
Operands;UNIFORMITY;7
Operands;ACCRUAL;1
Operands;CLAIMED;4
Operands;ARRIVE;17
Operands;EXTREMELY;11
Operands;EXERCISE;29
Operands;ENTITLED;28
Operands;SIMPLICITY;6
Operands;PROFITABILITY;42
Operands;ENCOURAGE;14
Operands;168;1
Operands;REMAINING;14
Operands;MAJOR;28
Operands;RESPONDING;4
Operands;VERIFIED;2
Operands;NAME;17
Operands;PERSPECTIVE;34
Operands;VOTING;2
Operands;EVENT;24
Operands;INCENTIVES;13
Operands;REALITY;15
Operands;APPLICATIONS;10
Operands;LOW;91
Operands;ADAPTS;1
Operands;CREATE;32
Operands;INFORM;9
Operands;PAYMENTS;56
Operands;ASSESSMENT;79
Operands;CARRIED;46
Operands;INAPPROPRIATE;10
Operands;RESIDENT;34
Operands;VI;3
Operands;EFFECT;67
Operands;MEANINGFUL;2
Operands;CRISIS;1
Operands;NOW;19
Operands;EARNS;9
Operands;INEFFICIENT;1
Operands;FOCUS;52
Operands;ACCESS;68
Operands;REFUNDING;1
Operands;SIGNIFICANCE;10
Operands;TRUST;7
Operands;INCURRING;11
Operands;PRESERVE;1
Operands;SUPPORTING;9
Operands;FAMILIAR;4
Operands;PRESERVING;3
Operands;REVIEWED;13
Operands;COMMODITIES;33
Operands;SIMPLIFY;3
Operands;STEPS;38
Operands;REALIZATION;4
Operands;PROPER;17
Operands;ENTITIES;126
Operands;VEHICLES;4
Operands;CAPABILITIES;17
Operands;SPECIFIC;161
Operands;RELIABILITY;39
Operands;DEMONSTRATING;4
Operands;SECTIONS;4
Operands;EARNING;1
Operands;PROVISIONS;72
Operands;PURCHASE;30
Operands;PROVIDE;238
Operands;OVERVIEW;14
Operands;REQUEST;54
Operands;FEATURE;9
Operands;PENALTY;14
Operands;EXPLORED;2
Operands;COSTBASED;1
Operands;BALANCE;28
Operands;CHALLENGING;4
Operands;59;1
Operands;58;1
Operands;VIEWS;11
Operands;55;1
Operands;54;2
Operands;57;1
Operands;51;3
Operands;53;3
Operands;52;1
Operands;535;1
Operands;AUTHORITIES;207
Operands;EXPLORATION;2
Operands;OATH;2
Operands;539;2
Operands;SUPPORT;49
Operands;PAID;53
Operands;EXPERIENCED;19
Operands;ONGOING;17
Operands;PRINCIPLE;247
Operands;HEADCOUNT;1
Operands;DIVERGENT;2
Operands;CANADA;11
Operands;IMPEDES;2
Operands;MARKETING;144
Operands;SUGGESTS;7
Operands;REGULATION;13
Operands;PRODUCTION;59
Operands;MNE;370
Operands;INFORMATION;464
Operands;ADVERSE;3
Operands;TECHNOLOGICAL;9
Operands;ILLUSTRATIVE;6
Operands;SIZE;21
Operands;DECISIONMAKING;11
Operands;PROJECTIONS;31
Operands;INCORPORATED;12
Operands;SENSE;16
Operands;CHAINS;3
Operands;REFERENCED;6
Operands;SERVICE;298
Operands;PROBLEMS;16
Operands;OPPORTUNITIES;23
Operands;PREPARED;29
Operands;BANKING;2
Operands;RATES;32
Operands;ALLEVIATE;1
Operands;AVOIDANCE;46
Operands;CAUSES;4
Operands;INDUSTRIES;30
Operands;CONTRACTS;35
Operands;HARBOUR;63
Operands;GERMANY;7
Operands;PRIMARILY;15
Operands;ADMINISTRATIONS;159
Operands;OVERLOOKED;2
Operands;BREAKS;1
Operands;CORE;23
Operands;LENGTHY;2
Operands;LOSSMAKING;6
Operands;229;2
Operands;PROBLEM;20
Operands;GOODWILL;21
Operands;WAYS;22
Operands;SOLUTION;22
Operands;SUBMIT;13
Operands;SAFETY;3
Operands;150;7
Operands;154;1
Operands;157;1
Operands;158;1
Operands;JUNE;6
Operands;NUMBER;108
Operands;CASEBYCASE;2
Operands;MARKETS;42
Operands;REGIMES;27
Operands;CONDUIT;2
Operands;JUSTIFICATION;1
Operands;OFTEN;182
Operands;SUBSEQUENT;21
Operands;REASONABLY;30
Operands;BILLION;8
Operands;PREMIUMS;5
Operands;REASONABLE;33
Operands;FAILURES;1
Operands;TRADED;7
Operands;CYCLE;17
Operands;SHOW;13
Operands;SUGGEST;10
Operands;COMMITMENTS;1
Operands;VALUE;331
Operands;SUBSTANTIVE;10
Operands;TRADITIONAL;27
Operands;POTENTIAL;117
Operands;CORRELATION;1
Operands;ELEMENT;7
Operands;SIGNIFICANTLY;18
Operands;UNPREDICTABLE;1
Operands;FAVOUR;6
Operands;ULTIMATE;8
Operands;CALCULATIONS;6
Operands;DEVELOP;66
Operands;SIMPLE;23
Operands;TEXT;5
Operands;BORROWING;3
Operands;OBTAIN;37
Operands;FACTORING;1
Operands;APPRECIATION;2
Operands;ACCOUNTS;35
Operands;FOCUSING;6
Operands;PRECEDENT;1
Operands;INVOLVED;113
Operands;REBUTTABLE;1
Operands;ACCURACY;12
Operands;AUDIT;229
Operands;EXTENDED;12
Operands;VAN;4
Operands;FIT;8
Operands;MEASURES;45
Operands;COMPARABILITY;237
Operands;VERSION;14
Operands;BUSINESSES;15
Operands;DAMAGES;4
Operands;REALISE;2
Operands;PATENTS;38
Operands;LEASE;2
Operands;PROCESS;164
Operands;CONVENIENT;1
Operands;REVIEW;57
Operands;SELLERS;2
Operands;STATUTE;25
Operands;JUDICIAL;10
Operands;CLAIMS;11
Operands;ESTABLISHED;53
Operands;EVOLUTION;6
Operands;LARGELY;6
Operands;ADVICE;17
Operands;LICENSES;8
Operands;UNRELATED;60
Operands;RELIES;2
Operands;CHEMICAL;4
Operands;SMALLER;10
Operands;CONFIDENTIALITY;11
Operands;CIVIL;13
Operands;COMPANY;492
Operands;MODIFIED;9
Operands;EXPLOITATION;39
Operands;525;2
Operands;RELIEF;10
Operands;522;1
Operands;RELIED;9
Operands;DECLINE;4
Operands;OUTLINE;7
Operands;COMMODITY;39
Operands;CONSISTENT;90
Operands;CONTRIBUTE;23
Operands;AFRICA;39
Operands;ANALYZES;28
Operands;INDIVIDUAL;34
Operands;RESULT;144
Operands;ANALYZED;16
Operands;GENERATE;7
Operands;REGARDED;15
Operands;ACQUIRE;12
Operands;ENTERPRISES;362
Operands;SIDES;8
Operands;REAL;16
Operands;TRANSACTIONAL;78
Operands;HOLDS;8
Operands;MEMBERSHIP;13
Operands;COST;399
Operands;PERFORMANCE;30
Operands;REWARDED;5
Operands;LIMITATIONS;37
Operands;DEFINITION;40
Operands;REMAIN;11
Operands;COMPETITIVE;30
Operands;DETER;29
Operands;BODIES;11
Operands;PRESENCE;4
Operands;ADVANCES;1
Operands;DOMESTIC;181
Operands;OUTCOMES;22
Operands;ADVANCED;5
Operands;ULTIMATELY;18
Operands;ADMINISTRATIVE;83
Operands;STEP;61
Operands;EXERCISED;9
Operands;CHOOSE;16
Operands;PUT;26
Operands;IMMEDIATELY;11
Operands;REMUNERATION;24
Operands;IMPORTANCE;36
Operands;MATERIAL;64
Operands;FIRSTLY;4
Operands;DEDUCTIONS;9
Operands;231;1
Operands;DEALING;47
Operands;POLAND;1
Operands;FLOWS;18
Operands;PERFORMS;30
Operands;COMMENSURATE;5
Operands;SEGMENT;7
Operands;146;1
Operands;144;2
Operands;142;1
Operands;143;1
Operands;140;1
Operands;141;1
Operands;REST;5
Operands;149;3
Operands;DIGITAL;5
Operands;PRICES;137
Operands;ALREADY;28
Operands;PUBLICLY;20
Operands;COMPREHENSIVE;15
Operands;COMPLEXITY;21
Operands;123;2
Operands;HEALTH;1
Operands;EXCHANGES;2
Operands;INCIDENTAL;15
Operands;ATTEMPT;7
Operands;SPENT;1
Operands;DIFFICULTY;11
Operands;APPROACHES;59
Operands;ROUTINE;18
Operands;ENTERED;29
Operands;JUSTIFY;10
Operands;WORLDWIDE;14
Operands;CUSTOMERS;46
Operands;OFFER;12
Operands;NAMES;14
Operands;SCO;4
Operands;PROPOSED;23
Operands;AMOUNTS;17
Operands;TURNED;1
Operands;AVOID;52
Operands;BASE;81
Operands;MECHANISM;27
Operands;ACTUAL;89
Operands;MATCHING;3
Operands;PROFITABLE;8
Operands;RETAINED;6
Operands;WISH;20
Operands;LOGICAL;1
Operands;REGULAR;12
Operands;TRANSPARENCY;13
Operands;CONSIDERS;24
Operands;UPWARDS;1
Operands;DECIDING;9
Operands;CONSTANT;1
Operands;COUNTRY;411
Operands;SOMETIMES;53
Operands;SAFEGUARDS;2
Operands;INTERACTION;5
Operands;AFFECT;60
Operands;FINAL;47
Operands;RELATIVELY;29
Operands;SYNERGY;2
Operands;FRAMEWORKS;4
Operands;STUDIES;4
Operands;HINDSIGHT;5
Operands;TRANSPARENT;14
Operands;FUNCTION;78
Operands;END;30
Operands;MONITOR;9
Operands;G;13
Operands;DOCUMENTATION;248
Operands;INTERDEPENDENT;1
Operands;PREPARATION;14
Operands;MALAYSIA;8
Operands;DEGREES;2
Operands;EXAMPLES;44
Operands;TECHNOLOGIES;17
Operands;CONTROVERSY;4
Operands;THEORETICAL;4
Operands;LEAD;43
Operands;PROFITBASED;4
Operands;COMPONENT;4
Operands;AGREEMENT;117
Operands;519;1
Operands;STRICT;3
Operands;HIGHINTENSITY;1
Operands;INTERRELATED;5
Operands;INACCURACY;1
Operands;INTEGRITY;18
Operands;1000;4
Operands;DISCLOSE;15
Operands;622;1
Operands;621;1
Operands;627;1
Operands;ORIGINS;2
Operands;624;1
Operands;REGIONAL;31
Operands;DISCREPANCIES;1
Operands;WORKINGS;5
Operands;POSSESSES;1
Operands;MECHANICS;1
Operands;FINANCE;30
Operands;ECUADOR;1
Operands;EARNINGS;4
Operands;LIGHT;17
Operands;WORLD;48
Operands;PRESENT;40
Operands;HIGHER;58
Operands;RAISED;5
Operands;CLARIFICATION;1
Operands;AFFECTS;6
Operands;ACCURATE;28
Operands;BUILDINGS;1
Operands;LOOKING;11
Operands;MANIPULATION;5
Operands;CARE;12
Operands;11;11
Operands;10;64
Operands;13;25
Operands;12;18
Operands;15;23
Operands;14;9
Operands;17;6
Operands;19;6
Operands;18;6
Operands;REVISED;9
Operands;CHINA;100
Operands;RULING;14
Operands;BRANCH;5
Operands;BOARD;10
Operands;EUROPE;1
Operands;BASIS;172
Operands;SHIFT;13
Operands;BARGAIN;2
Operands;BASIC;45
Operands;THREEYEAR;1
Operands;LOSSES;76
Operands;QUESTION;47
Operands;NOTED;54
Operands;ORIGINAL;10
Operands;200;10
Operands;THIRDPARTY;3
Operands;SUCCESSFUL;24
Operands;ZERO;1
Operands;ARGUMENT;2
Operands;REORGANIZED;1
Operands;COVERAGE;4
Operands;RECOMMEND;1
Operands;EXTENSIVE;9
Operands;FIXED;50
Operands;CONCEPT;23
Operands;VICE;6
Operands;HYBRID;5
Operands;BUREAU;3
Operands;SUBSIDIARIES;44
Operands;PREFERABLE;5
Operands;RISKS;292
Operands;REVIEWS;12
Operands;EXTENT;60
Operands;AVAILABILITY;30
Operands;CONSTRAINTS;11
Operands;STARTS;5
Operands;PENALTIES;19
Operands;COMPENSATION;43
Operands;IMPORTANT;217
Operands;NORMALLY;25
Operands;ACTIVITIES;264
Operands;RISK;538
Operands;PRACTITIONERS;2
Operands;LEVEL;139
Operands;WEAKNESS;7
Operands;RISE;21
Operands;ARRANGING;1
Operands;ENTER;69
Operands;EXCHANGING;1
Operands;OPERATE;36
Operands;ALLOCATION;122
Operands;MONITORING;24
Operands;RENTS;14
Operands;STRATEGIC;21
Operands;CULTURE;6
Operands;PROPERLY;25
Operands;AGENTS;6
Operands;HELP;56
Operands;NOTES;11
Operands;PURSUANT;4
Operands;TRANSFERRED;46
Operands;EXISTING;50
Operands;HELD;18
Operands;COMPLEX;67
Operands;DESIGN;40
Operands;WELLDEVELOPED;3
Operands;COORDINATED;12
Operands;PROCEDURES;102
Operands;CUMBERSOME;1
Operands;PARTICIPATION;26
Operands;LONGLIVED;1
Operands;MET;12
Operands;COMMONLY;28
Operands;RECORDS;9
Operands;3;192
Operands;INTRAGROUP;154
Operands;PARTICIPATE;10
Operands;CARRY;15
Operands;BLOCKBUSTER;1
Operands;COSTPLUS;1
Operands;24;11
Operands;EXAMINATIONS;10
Operands;PRESENTED;14
Operands;CONTRIBUTED;11
Operands;PUBLISHED;19
Operands;21;8
Operands;INTERESTS;14
Operands;UNITED;60
Operands;INDEFINITELY;1
Operands;S;6
Operands;LIABLE;3
Operands;CONCEPTUAL;1
Operands;PARTNER;14
Operands;ASSOCIATED;562
Operands;HARD;5
Operands;PES;1
Operands;60;10
Operands;61;2
Operands;62;7
Operands;63;2
Operands;64;2
Operands;65;3
Operands;66;2
Operands;67;2
Operands;68;1
Operands;69;4
Operands;RECENT;26
Operands;REORGANIZATION;3
Operands;SOURCE;24
Operands;CASH;40
Operands;PROFILES;2
Operands;BETTER;24
Operands;506;1
Operands;500;33
Operands;PARTNERSHIPS;6
Operands;CONSIDERATIONS;36
Operands;FAIR;24
Operands;MERELY;12
Operands;FIELD;8
Operands;ABSENCE;13
Operands;PORTFOLIO;1
Operands;WAY;80
Operands;FAIL;17
Operands;FOCUSES;14
Operands;ARGUED;4
Operands;CONDITIONS;93
Operands;OWNED;28
Operands;IGNORE;2
Operands;PERSONS;43
Operands;FOCUSED;11
Operands;ENHANCEMENT;20
Operands;STATISTICAL;6
Operands;DEPRECIATION;4
Operands;OWNER;33
Operands;EXAMINATION;106
Operands;TYPE;57
Operands;OVERCOME;6
Operands;MOVE;3
Operands;ACQUIRED;15
Operands;STORAGE;8
Operands;REALISTIC;13
Operands;PARTICULAR;143
Operands;ACQUIRES;6
Operands;CONTROL;119
Operands;INFORMED;8
Operands;INTRODUCE;8
Operands;NONDEDUCTIBLE;2
Operands;SUBSTANTIAL;36
Operands;REPUBLIC;12
Operands;ARISE;45
Operands;POLICY;76
Operands;CONFLICT;2
Operands;SOFTWARE;23
Operands;LEADING;4
Operands;ACCEPTABLE;29
Operands;CAPITAL;77
Operands;VARIABLE;3
Operands;SAMPLE;3
Operands;SECRETARIAT;3
Operands;CHOICE;19
Operands;CRITERIA;51
Operands;BOX;5
Operands;215;1
Operands;213;1
Operands;BOLIVIA;1
Operands;LEGISLATION;123
Operands;SOVEREIGN;3
Operands;EXPRESSED;10
Operands;DISCOUNT;12
Operands;REGULATORS;1
Operands;REGULATORY;17
Operands;IGNORING;1
Operands;COORDINATION;21
Operands;CONSOLIDATION;4
Operands;RELIANCE;4
Operands;POINTS;19
Operands;4;107
Operands;HISTORICALLY;6
Operands;SHOWN;9
Operands;REMUNERATED;11
Operands;SAFE;101
Operands;ILLUSTRATION;10
Operands;OBVIOUS;6
Operands;DESIGNED;21
Operands;CONVERGE;1
Operands;EROSION;20
Operands;DESIGNS;9
Operands;SPECIALIZATION;3
Operands;ILLUSTRATES;5
Operands;AUDITORS;19
Operands;ILLUSTRATED;3
Operands;CREDIT;29
Operands;COMPENSATE;4
Operands;SHAREHOLDER;17
Operands;REINSURANCE;3
Operands;DECISION;37
Operands;3000;1
Operands;DERIVATIVES;2
Operands;QUALITATIVE;12
Operands;PRACTICE;94
Operands;FIND;40
Operands;BUILDS;2
Operands;DYNAMIC;1
Operands;SELLER;9
Operands;PRESUMABLY;1
Operands;MEDIUM;12
Operands;SHEET;12
Operands;JUST;15
Operands;ARRANGEMENT;57
Operands;ACCOUNTED;2
Operands;PLACE;72
Operands;OFFSET;3
Operands;STANDPOINT;7
Operands;TAXPAYER;412
Operands;REVENUE;79
Operands;INSTRUMENTS;8
Operands;ENGAGEMENT;7
Operands;EFFECTIVELY;35
Operands;CONTROLLING;8
Operands;EMPLOYS;6
Operands;AUTONOMOUS;1
Operands;RECOVER;3
Operands;ISSUED;24
Operands;PROVEN;4
Operands;PERMANENT;19
Operands;DISTORTIONS;3
Operands;DISPLAY;1
Operands;ISSUES;273
Operands;PURCHASER;3
Operands;PURCHASES;13
Operands;EXCEPTIONAL;11
Operands;COMMUNITY;3
Operands;SOURCING;2
Operands;UNABLE;5
Operands;PURCHASED;10
Operands;CONTRIBUTIONS;113
Operands;METRIC;1
Operands;DEVELOPMENT;217
Operands;DRAW;12
Operands;750;11
Operands;COUNTRIES;653
Operands;ISOLATION;2
Operands;ASSIST;35
Operands;COSTS;318
Operands;TERRITORY;5
Operands;BOOKED;1
Operands;VALUING;6
Operands;REALISES;1
Operands;EXERCISING;4
Operands;INTENSITY;5
Operands;LATVIA;1
Operands;BROADER;13
Operands;POWERS;7
Operands;ECONOMICALLY;42
Operands;EXTREME;4
Operands;SECTOR;37
Operands;USE;296
Operands;606;1
Operands;EFFICIENT;25
Operands;POLITICAL;10
Operands;1200;2
Operands;COMPLETELY;5
Operands;DIRECTLY;36
Operands;ARGUE;7
Operands;SEEK;26
Operands;UNCLEAR;2
Operands;COMPETITOR;2
Operands;COMPLETED;6
Operands;SUPPLIED;4
Operands;5;112
Operands;SUPPLIER;13
Operands;UNDERTAKEN;60
Operands;FACILITATE;10
Operands;DEMPE;5
Operands;PREROYALTY;2
Operands;HIGHLIGHTED;1
Operands;START;14
Operands;REMEDY;1
Operands;SIMPLIFYING;1
Operands;FREE;14
Operands;IMPOSSIBLE;14
Operands;PROFITS;190
Operands;SILENT;1
Operands;CENTRALIZATION;2
Operands;PRICE;606
Operands;SYSTEM;105
Operands;BRING;9
Operands;ASYMMETRY;5
Operands;CHILE;2
Operands;SEGMENTING;1
Operands;USEFUL;90
Operands;GUARANTOR;1
Operands;THANKS;5
Operands;CUSTOMER;39
Operands;DISTRIBUTES;3
Operands;TWOSIDED;4
Operands;BONDS;4
Operands;EXPANDING;5
Operands;TAX;1382
Operands;ANTICIPATED;56
Operands;ACTION;65
Operands;EQUITABLE;7
Operands;BODY;5
Operands;FIGURE;41
Operands;STABLE;2
Operands;DESIGNATED;7
Operands;OCCURRED;9
Operands;REGULARLY;4
Operands;TANGIBLE;72
Operands;FORESEEN;1
Operands;ACCOMMODATE;1
Operands;CHARGE;55
Operands;SIMPLY;15
Operands;INSTITUTIONS;6
Operands;CONCERN;24
Operands;USED;344
Operands;CAMPAIGN;11
Operands;195;2
Operands;CAPITALIZED;4
Operands;SOPHISTICATION;1
Operands;CURRENCY;11
Operands;USES;23
Operands;ELECTRONICS;2
Operands;MARKET;294
Operands;ANNUALLY;7
Operands;UNRELIEVED;3
Operands;UNCHANGED;1
Operands;CONTRACT;86
Operands;VARIES;6
Operands;TERMINOLOGY;1
Operands;CENTRALISE;1
Operands;POSITION;42
Operands;INDUSTRIAL;5
Operands;THREAT;1
Operands;CAPABLE;8
Operands;GENERATION;3
Operands;LOAN;12
Operands;COMPOSITION;1
Operands;VEHICLE;2
Operands;AGREE;23
Operands;IDENTITY;2
Operands;INTERAMERICAN;3
Operands;SAID;9
Operands;DISCOUNTS;13
Operands;DELIVER;3
Operands;AVOIDS;3
Operands;CROSSBORDER;78
Operands;240;1
Operands;CARRYING;21
Operands;MERITS;2
Operands;RECOMMENDATION;3
Operands;EXPLORING;2
Operands;MANAGEABLE;1
Operands;CAPACITY;95
Operands;INTERIM;7
Operands;COMMITTEE;28
Operands;6;51
Operands;KNOWN;26
Operands;RECOGNIZES;8
Operands;LEFT;7
Operands;FEDERAL;9
Operands;DETERMINING;78
Operands;LEVERAGING;2
Operands;ARGENTINA;6
Operands;ACHIEVE;32
Operands;MISALLOCATION;1
Operands;ADVANTAGE;35
Operands;CAMPAIGNS;8
Operands;PROPORTIONALITY;1
Operands;CONFIRMATION;3
Operands;CONTROLLED;279
Operands;SCRUTINY;16
Operands;COHERENT;1
Operands;PROTECTIVE;2
Operands;UNDERSTAND;30
Operands;DATE;60
Operands;AFFECTED;25
Operands;DATA;214
Operands;CORRECT;18
Operands;SIXTH;49
Operands;ASIA;6
Operands;AMOUNT;92
Operands;RESPONSIBILITY;8
Operands;RECHARGE;1
Operands;SPAIN;1
Operands;SEGMENTATION;2
Operands;STAKE;13
Operands;CREATING;21
Operands;STUDY;31
Operands;617;3
Operands;P&L;2
Operands;INTENTION;11
Operands;SOLVE;2
Operands;CORRECTLY;3
Operands;LOWRISK;1
Operands;ADMINISTERING;4
Operands;PRODUCT;230
Operands;MANUFACTURERS;23
Operands;ANTIABUSE;4
Operands;PRODUCE;23
Operands;PERIODS;4
Operands;FILING;39
Operands;UNCONTROLLED;203
Operands;EXPLOITED;9
Operands;TRADEMARK;16
Operands;ENTITY;159
Operands;BANKS;1
Operands;PRACTICES;57
Operands;494;1
Operands;LINE;32
Operands;497;1
Operands;491;1
Operands;AVAILABLE;243
Operands;25;43
Operands;26;5
Operands;20;32
Operands;OFFERING;9
Operands;22;2
Operands;23;5
Operands;SEPA;8
Operands;29;5
Operands;LONG;20
Operands;PRIORITY;13
Operands;TOTAL;95
Operands;OPPORTUNITY;33
Operands;DISCLOSING;1
Operands;STANDARDIZATION;1
Operands;BROAD;34
Operands;ISOLATE;2
Operands;COLLECTION;34
Operands;DIRECTOR;12
Operands;IMPROVEMENTS;4
Operands;ADVERTISING;10
Operands;MANUFACTURES;7
Operands;ACKNOWLEDGING;2
Operands;CONDUCTING;21
Operands;CLASSIFIED;7
Operands;IMPLICATIONS;6
Operands;REMOTELY;2
Operands;REGULATIONS;74
Operands;SIGNIFICANT;145
Operands;INDUSTRY;108
Operands;GENERATING;5
Operands;PRINCIPLES;54
Operands;LOCATED;42
Operands;UNLIKELY;8
Operands;TRANSLATE;3
Operands;DISCOVERY;1
Operands;LIABILITIES;5
Operands;REPORTING;49
Operands;BROUGHT;3
Operands;7;51
Operands;R&D;162
Operands;CONSIDERATION;83
Operands;THIRD;73
Operands;POSE;3
Operands;PROPOSALS;10
Operands;SHAREHOLDERS;4
Operands;NEUTRALITY;1
Operands;EU;25
Operands;LEGALLY;23
Operands;REWARD;5
Operands;ASPECTS;53
Operands;SECURITIZATION;1
Operands;OUTSTANDING;2
Operands;ACTING;8
Operands;SERVICING;1
Operands;INSURERS;1
Operands;INSURANCE;7
Operands;CONTINUOUS;4
Operands;PRESSING;4
Operands;CAUTION;9
Operands;SMALL;35
Operands;FREQUENTLY;11
Operands;FORMER;10
Operands;CATEGORIES;28
Operands;TECHNIQUES;14
Operands;EASILY;12
Operands;REASONS;46
Operands;MEDIAN;16
Operands;LOCATIONS;11
Operands;AIMS;8
Operands;183;1
Operands;GOVERNMENTAL;3
Operands;181;1
Operands;ASIAN;5
Operands;185;1
Operands;CAREFUL;13
Operands;DISCLOSES;1
Operands;CENTRAL;22
Operands;APPORTIONMENT;17
Operands;SUCCESS;18
Operands;JURISDICTIONS;67
Operands;PROJECTED;18
Operands;MANNER;38
Operands;UNALLOCATED;2
Operands;DEMONSTRATE;13
Operands;BEARING;19
Operands;IMPLEMENTED;32
Operands;EXTENDING;1
Operands;EXAMINE;13
Operands;INCORPORATION;3
Operands;KEY;112
Operands;DIVIDENDS;5
Operands;DISTRIBUTION;67
Operands;READILY;18
Operands;DATES;3
Operands;HOUSING;1
Operands;CREATION;33
Operands;UNDESIRABLE;1
Operands;GROUNDS;3
Operands;IMPACT;33
Operands;RISKADJUSTED;2
Operands;INSTRUMENT;4
Operands;EARLIER;15
Operands;ADMINISTRATION;274
Operands;UNDERSTANDING;59
Operands;QUESTIONS;20
Operands;TRANSFERS;27
Operands;CLASS;2
Operands;VERY;89
Operands;BEAR;32
Operands;77;3
Operands;76;4
Operands;75;10
Operands;INTANGIBLE;245
Operands;73;1
Operands;INCONSISTENT;9
Operands;71;1
Operands;70;7
Operands;78;2
Operands;LOWVALUE;3
Operands;QUALIFIES;2
Operands;SIMPLIFICATION;6
Operands;ENGAGED;35
Operands;QUALIFIED;9
Operands;ROLE;30
Operands;DISTRIBUTOR;80
Operands;ENGAGES;10
Operands;DISCLOSED;7
Operands;COLLECTING;5
Operands;JV;6
Operands;OVERRIDE;1
Operands;PARENTS;2
Operands;ASSET;30
Operands;TNMM;89
Operands;MATERIALLY;14
Operands;DEAL;50
Operands;DISCUSSION;30
Operands;MILLION;38
Operands;BINDING;11
Operands;EXTRACTION;4
Operands;WITHDRAWAL;3
Operands;EMPLOYEE;9
Operands;EMPLOYED;36
Operands;METHOD;702
Operands;CYCLES;7
Operands;CREATED;24
Operands;PHYSICALLY;1
Operands;OWNS;15
Operands;OPERATES;23
Operands;COMPILE;4
Operands;PRACTICABLE;1
Operands;GUIDING;3
Operands;OPERATED;3
Operands;KNOWHOW;43
Operands;EXPERIENCE;77
Operands;DEFERRED;2
Operands;INCOME;188
Operands;BUYER;6
Operands;ALIGNMENT;2
Operands;319;2
Operands;GROUP;438
Operands;BRINGS;2
Operands;INTERLINKED;1
Operands;CHANGED;7
Operands;TIES;36
Operands;KOREA;11
Operands;RECONCILE;1
Operands;MARKUP;69
Operands;PLAYING;5
Operands;FRAMEWORK;31
Operands;DIFFICULTIES;21
Operands;GREATEST;5
Operands;EMPLOYEES;40
Operands;GOVERNMENTS;12
Operands;RISKTAKING;1
Operands;FUNDING;32
Operands;THEORY;6
Operands;PROMPTLY;3
Operands;PRIOR;17
Operands;MINOR;9
Operands;CONCENTRATED;3
Operands;ATTRIBUTED;7
Operands;EXPLORE;9
Operands;PURPOSE;31
Operands;INTENT;2
Operands;ANALYSING;1
Operands;CHECKS;8
Operands;ILLUSTRATING;2
Operands;WARRANTY;6
Operands;RESIDENCE;13
Operands;SUBJECTED;4
Operands;GLOBAL;79
Operands;BENEFICIARY;5
Operands;SENSITIVE;11
Operands;ELIMINATE;23
Operands;SUBSIDIARY;99
Operands;ELECTRONIC;23
Operands;CHARACTERISTICS;44
Operands;COMMENCE;1
Operands;DISTRIBUTING;5
Operands;TRUSTEE;1
Operands;VALUABLE;54
Operands;OBSERVED;10
Operands;FAIRNESS;3
Operands;EXAMPLE;359
Operands;VOLATILITY;2
Operands;EARN;13
Operands;DIVERSITY;1
Operands;INTERCOMPANY;47
Operands;MANUAL;120
Operands;RESULTS;102
Operands;STRATEGY;44
Operands;INTERNAL;58
Operands;INNOVATION;3
Operands;PROBABLY;5
Operands;CONTRAST;6
Operands;TURNOVER;21
Operands;DELINEATE;4
Operands;RELIEVE;4
Operands;10000;5
Operands;FINDINGS;4
Operands;NONOPERATING;1
Operands;RCO;9
Operands;SIMPLIFIED;19
Operands;SITUATION;59
Operands;TERM;47
Operands;OWN;75
Operands;FAR;19
Operands;ARISING;45
Operands;MEASURING;3
Operands;RESORT;8
Operands;BROKERS;1
Operands;INTEREST;86
Operands;9;59
Operands;RETAIN;10
Operands;RETAIL;7
Operands;DEFENCE;4
Operands;OCCASIONS;1
Operands;ROUGHLY;1
Operands;CONDUCT;45
Operands;AMORTIZATION;3
Operands;LIKELIHOOD;14
Operands;FISCAL;18
Operands;PLANT;14
Operands;PLANS;4
Operands;SCENARIO;19
Operands;ATTENTION;11
Operands;PARTS;23
Operands;OPERATING;211
Operands;IMPROVING;10
Operands;ADVANTAGES;60
Operands;RELIEVING;1
Operands;REACH;10
Operands;REGISTERED;11
Operands;OPPOSED;5
Operands;INTERNATIONAL;181
Operands;ORDER;128
Operands;TERMS;151
Operands;GAINS;4
Operands;OFFICERS;27
Operands;TURN;11
Operands;SWEDEN;1
Operands;NOTING;2
Operands;VALUATION;56
Operands;TYPES;69
Operands;GROWTH;14
Operands;YEAR;129
Operands;APPROPRIATELY;17
Operands;COLLECT;5
Operands;AUTHORITY;97
Operands;FUTURE;58
Operands;FLUCTUATIONS;4
Operands;MAIN;48
Operands;REPATRIATION;1
Operands;MARGINAL;2
Operands;CONDUCTED;37
Operands;VARIATIONS;4
Operands;PERFORMED;147
Operands;JURISDICTIONAL;4
Operands;TECHNICALLY;4
Operands;PARENT;111
Operands;300;8
Operands;302;1
Operands;CONVENTIONAL;2
Operands;AFFILIATES;18
Operands;SUBJECTIVE;5
Operands;SUPERVISORY;3
Operands;COMPETITORS;12
Operands;FOLLOW;24
Operands;LINKED;5
Operands;BUYERS;4
Operands;DISTRICT;2
Operands;DEVELOPED;141
Operands;ADJUSTMENTS;198
Operands;74;2
Operands;DISCUSSING;1
Operands;REPUTATIONAL;5
Operands;72;1
Operands;CONFIRMED;1
Operands;SUBSTANCE;26
Operands;PREPARE;36
Operands;INTERACTIONS;4
Operands;TECHNICAL;44
Operands;REFUNDED;1
Operands;SUFFICE;1
Operands;ACT;32
Operands;SERVICES;624
Operands;NEW;126
Operands;ENABLES;6
Operands;OPEN;16
Operands;PHARMACEUTICAL;16
Operands;PROLIFERATION;1
Operands;EASE;8
Operands;PARTNERSHIP;3
Operands;SALE;37
Operands;ESTABLISHMENTS;8
Operands;EASY;7
Operands;OUTLINED;12
Operands;EXCLUSIVELY;4
Operands;HIGHLY;30
Operands;DOWNSIDE;4
Operands;STATEMENT;13
Operands;TYPICAL;14
Operands;117;1
Operands;PAYABLE;13
Operands;BOOK;4
Operands;OFFSHORE;12
Operands;SUBSTANTIALLY;8
Operands;SHORTTERM;5
Operands;EVIDENCE;42
Operands;SWITZERLAND;3
Operands;RESULTING;52
Operands;INCURRED;44
Operands;CLASSIFYING;1
Operands;USERS;10
Operands;ACKNOWLEDGE;2
Operands;WELL;126
Operands;DISREGARDED;2
Operands;GROUPWIDE;2
Operands;ROYALTY;35
Operands;OPERATION;31
Operands;SUFFICIENT;35
Operands;STANDARDS;50
Operands;SPLIT;80
Operands;TIMING;11
Operands;INVESTMENTS;12
Operands;ESSENTIAL;23
Operands;OUTWEIGH;2
Operands;BROADLY;24
Operands;NOTE;26
Operands;2000;2
Operands;RATIONALE;16
Operands;2008;14
Operands;2009;29
Operands;MAINTAINING;4
Operands;SIMPLER;5
Operands;STANDALONE;4
Operands;SANCTIONS;2
Operands;PERFORM;54
Operands;ENHANCED;7
Operands;FALL;13
Operands;RESEARCH;93
Operands;VIEWED;8
Operands;ENFORCEMENT;12
Operands;OUTBOUND;19
Operands;ADDRESSED;29
Operands;CRITICAL;26
Operands;RELEVANT;194
Operands;MEASURE;43
Operands;PERIOD;80
Operands;ECONOMIC;172
Operands;RELEVANCE;11
Operands;PREMIUM;17
Operands;EXPLANATION;13
Operands;STRUCTURED;8
Operands;ADEQUACY;1
Operands;RECOGNISED;3
Operands;DISCRETION;6
Operands;LAW;176
Operands;STRUCTURES;33
Operands;REALIZE;2
Operands;AREAS;44
Operands;NETHERLANDS;12
Operands;FOREIGN;126
Operands;DEFINED;47
Operands;BRINGING;2
Operands;ORIGINALLY;5
Operands;EXPLICIT;2
Operands;MATERIALITY;8
Operands;FEASIBLE;6
Operands;APPROPRIATE;251
Operands;PRODUCTS;154
Operands;LOCATION;82
Operands;MILITARY;1
Operands;STARTING;25
Operands;SPONSOR;1
Operands;REIMBURSEMENT;2
Operands;ESSENTIALLY;8
Operands;NECESSARILY;23
Operands;ROLLBACK;6
Operands;AGREED;48
Operands;RESPONSIBLE;29
Operands;ACCURATELY;19
Operands;HIGHRISK;3
Operands;PARAGRAPH;34
Operands;FIVE;39
Operands;TECHNOLOGY;66
Operands;INVESTMENT;54
Operands;COMPLETION;2
Operands;CBC;53
Operands;39;1
Operands;38;3
Operands;33;1
Operands;32;3
Operands;31;4
Operands;30;35
Operands;37;5
Operands;36;3
Operands;35;2
Operands;34;6
Operands;GROSS;181
Operands;ONES;11
Operands;FEATURES;24
Operands;DESIRABLE;2
Operands;APPLICATION;152
Operands;LEVELS;36
Operands;IDENTIFY;70
Operands;HOME;2
Operands;PUBLICATION;2
Operands;CLARIFYING;3
Operands;POINT;49
Operands;SALARIES;5
Operands;WORDS;18
Operands;CONSULT;7
Operands;EXPECTED;162
Operands;UNIQUELY;3
Operands;HEDGING;1
Operands;WEIGHT;4
Operands;SUFFICIENTLY;22
Operands;SOLID;1
Operands;ALIGN;5
Operands;REGARD;51
Operands;FULFILMENT;1
Operands;8;52
Operands;OBJECTIVE;28
Operands;EURO;2
Operands;LOSS;42
Operands;CONFIDENCE;8
Operands;RIGHTS;71
Operands;MARK;7
Operands;SECURITIES;6
Operands;CONSISTENTLY;6
Operands;REGARDS;9
Operands;UPDATES;7
Operands;ACCUMULATED;1
Operands;CENTRALISED;2
Operands;PAGE;4
Operands;ALP;10
Operands;OPERATIONS;102
Operands;750000;1
Operands;LINES;20
Operands;HOLDING;15
Operands;TRYING;3
Operands;INCOUNTRY;1
Operands;ACQUISITIONS;2
Operands;CHOSEN;6
Operands;DIVERSIFICATION;1
Operands;UN;69
Operands;BECOME;24
Operands;MARGINS;134
Operands;REALLOCATED;1
Operands;NECESSARY;114
Operands;REMAINS;11
Operands;GUIDELINES;106
Operands;MULTILATERAL;19
Operands;LIQUIDITY;2
Operands;SHAREHOLDING;9
Operands;GENERATES;1
Operands;CHIEF;3
Operands;ESTABLISHING;32
Operands;GENERATED;9
Operands;WIDESPREAD;5
Operands;GEOGRAPHIC;24
Operands;BACKUP;6
Operands;REFUND;5
Operands;TRANSACTION;414
Operands;TAXING;25
Operands;CERTAINTY;40
Operands;ECONOMIES;31
Operands;133;1
Operands;132;2
Operands;VALID;3
Operands;137;2
Operands;136;1
Operands;135;1
Operands;134;1
Operands;USUALLY;77
Operands;139;1
Operands;138;1
Operands;ADEQUATELY;5
Operands;HELPFUL;19
Operands;PORTIONS;2
Operands;CENTURY;5
Operands;FORESEEABLE;2
Operands;SMOOTH;1
Operands;DISCREPANCY;3
Operands;GOALS;7
Operands;COMPARATIVE;10
Operands;INSUFFICIENT;7
Operands;2017;11
Operands;2016;20
Operands;2011;11
Operands;2010;16
Operands;FOUNDATION;1
Operands;EXEMPTION;2
Operands;LOOPHOLES;1
Operands;STRENGTHEN;3
Operands;COMPANIES;243
Operands;SEGMENTED;4
Operands;RETURNS;62
Operands;BURDEN;99
Operands;ROBUST;9
Operands;TICKET;5
Operands;BEPS;93
Operands;STOCK;12
Operands;REMOTE;1
Operands;ARBITRARINESS;1
Operands;LONGTERM;6
Operands;ORDINARILY;5
Operands;VARIATION;3
Operands;EXIST;40
Operands;EFFECTS;22
Operands;ENTERPRISE;334
Operands;SERVED;2
Operands;INSPECTIONS;1
Operands;180;6
Operands;SCALE;25
Operands;EVASION;5
Operands;PRODUCES;4
Operands;PRODUCED;15
Operands;89;3
Operands;SHARES;16
Operands;CONTEXT;59
Operands;PRIVILEGE;7
Operands;83;1
Operands;80;5
Operands;86;1
Operands;87;1
Operands;84;2
Operands;85;1
Operands;WEBSITE;7
Operands;MANAGED;7
Operands;JOINT;29
Operands;NEXUS;2
Operands;BECOMES;17
Operands;FLOW;17
Operands;EFFICIENCIES;10
Operands;VERIFICATION;5
Operands;586;2
Operands;FORMULATED;1
Operands;583;1
Operands;RANGE;95
Operands;EXPECT;11
Operands;QUARTERLY;1
Operands;WITHHOLDING;2
Operands;ARRIVED;2
Operands;REGIONS;14
Operands;BENCHMARKING;17
Operands;TAXATION;203
Operands;454;1
Operands;FINANCING;12
Operands;PRACTICAL;106
Operands;POTENTIALLY;23
Operands;DECIDE;22
Operands;ALLOWANCES;1
Operands;STRONG;13
Operands;ESTABLISHMENT;11
Operands;PHYSICAL;9
Operands;DIRECTED;4
Operands;RESALE;159
Operands;MANAGEMENT;105
Operands;ODDS;1
Operands;WORK;97
Operands;AMOUNTING;2
Operands;SPREAD;9
Operands;SUSTAINED;3
Operands;BEGINNING;10
Operands;AFFAIRS;5
Operands;PROTECT;11
Operands;MANAGE;22
Operands;DUE;96
Operands;UNDERLYING;27
Operands;ADAPT;4
Operands;LIBOR;3
Operands;TERMINATION;18
Operands;EFFECTIVENESS;10
Operands;SELLING;19
Operands;TARGET;3
Operands;DISPOSAL;5
Operands;TACKLE;5
Operands;MATTER;23
Operands;PARTIES;256
Operands;REFINED;3
Operands;ADVISORY;7
Operands;PROCESSES;42
Operands;STATEMENTS;35
Operands;NETWORK;14
Operands;STATES;33
Operands;FEE;20
Operands;REALIZED;16
Operands;INVESTORS;9
Operands;MANAGING;11
Operands;RELIABLE;105
Operands;322;1
Operands;323;1
Operands;321;1
Operands;326;1
Operands;RELIABLY;5
Operands;AGGREGATE;9
Operands;TWOSTEP;2
Operands;EXTERNALLY;2
Operands;SHELTERING;1
Operands;QUOTED;17
Operands;JURISDICTION;81
Operands;STRESS;1
Operands;QUALIFICATION;4
Operands;FORWARD;8
Operands;MITIGATED;4
Operands;POOL;12
Operands;RIGHT;29
Operands;URUGUAY;1
Operands;CONSIDERED;130
Operands;RENEGOTIATION;8
Operands;REQUESTS;20
Operands;INDICATOR;21
Operands;ACHIEVED;29
Operands;LACK;49
Operands;LICENSEE;3
Operands;LICENSED;7
Operands;ACHIEVES;1
Operands;LIKELY;68
Operands;SCOPE;22
Operands;WIDE;15
Operands;ACCRUED;4
Operands;BEST;53
Operands;GLOBE;2
Operands;STELON;12
Operands;ACTIVITY;83
Operands;RETAINING;5
Operands;NATURAL;7
Operands;HISTORICAL;3
Operands;SECTORS;20
Operands;FACILITY;2
Operands;TREATYBASED;2
Operands;120;8
Operands;GAPS;4
Operands;125;14
Operands;126;1
Operands;127;1
Operands;128;1
Operands;DEBT;19
Operands;INDEPENDENT;222
Operands;WELCOME;3
Operands;ACTIONS;53
Operands;REFLECT;62
Operands;ITEM;10
Operands;130;2
Operands;YIELDS;2
Operands;EXEMPTIONS;5
Operands;ENSURES;4
Operands;ROLLED;1
Operands;CONSOLIDATED;18
Operands;INITIAL;40
Operands;MODIFY;4
Operands;DIRECT;71
Operands;LEAVE;7
Operands;RATE;82
Operands;LISTING;1
Operands;FORMULA;15
Operands;PAYING;8
Operands;ERRORS;3
Operands;INTRODUCTION;29
Operands;LIABILITY;18
Operands;ALLOWANCE;1
Operands;APPROACH;202
Operands;FACED;11
Operands;INCURS;7
Operands;ORIGINATED;2
Operands;ITEMS;17
Operands;REASON;26
Operands;DISPUTES;77
Operands;OPTIONAL;3
Operands;UNIT;98
Operands;DISPUTE;97
Operands;CATEGORY;38
Operands;FLUCTUATE;1
Operands;OBTAINING;13
Operands;PURCHASING;13
Operands;DIVERSE;2
Operands;PREMISE;1
Operands;REALISED;4
Operands;IP;10
Operands;TITLE;8
Operands;PERHAPS;20
Operands;ORGANISATIONS;1
Operands;SOLVENCY;1
Operands;EVALUATION;25
Operands;USD;2
Operands;DISTINCTION;6
Operands;GOVERNANCE;4
Operands;QUANTUM;9
Operands;SOCALLED;12
Operands;EXCHANGE;51
Operands;SUCCESSFULLY;15
Operands;DISTRIBUTED;6
Operands;460;2
Operands;463;2
Operands;STANDARD;45
Operands;ANSWER;6
Operands;STATE;30
Operands;INVENTORY;36
Operands;PROVIDING;80
Operands;PERCENTAGE;10
Operands;ABUSIVE;6
Operands;BENEFIT;162
Operands;LEADS;4
Operands;OECD;187
Operands;BURDENSOME;6
Operands;MEMBERS;108
Operands;STRATEGIES;48
Operands;ROYALTIES;12
Operands;SUGGESTED;12
Operands;PRESUMPTION;2
Operands;WEIGHTED;6
Operands;ASPECT;20
Operands;AGENCIES;10
Operands;ASSERTED;1
Operands;TYPICALLY;70
Operands;DIFFICULT;88
Operands;SUPPLEMENTARY;3
Operands;CONCEPTUALLY;1
Operands;BENEFITS;152
Operands;CALCULATION;21
Operands;INDIA;74
Operands;QUALIFY;7
Operands;COUNCIL;6
Operands;PERFECT;4
Operands;INPUTS;16
Operands;WHOLESALE;7
Operands;AMORTISATION;1
Operands;GLOBALIZATION;6
Operands;INABILITY;1
Operands;48;1
Operands;EARNED;39
Operands;TRANSFER;1605
Operands;NUANCES;2
Operands;YEARS;148
Operands;RULES;226
Operands;EXPERIENCING;1
Operands;CONTINUED;9
Operands;INTERMEDIARY;13
Operands;CONCLUSION;15
Operands;RESOLVED;10
Operands;LICENSE;15
Operands;TOOL;7
Operands;PILLARS;1
Operands;CONSISTENCY;35
Operands;INTRODUCING;8
Operands;STRENGTH;4
Operands;MANUFACTURED;7
Operands;SEPTEMBER;6
Operands;SUPPORTED;9
Operands;TRADEOFF;2
Operands;RESPONSIBILITIES;16
Operands;HUMAN;44
Operands;FACTS;95
Operands;280;2
Operands;ILLUSTRATE;6
Operands;EASIEST;1
Operands;PROVE;14
Operands;CLEAR;46
Operands;ENGAGING;12
Operands;262;1
Operands;PLANNING;19
Operands;POOLS;1
Operands;PARTY;442
Operands;RECEIVING;20
Operands;TRANSFEROR;2
Operands;RESOURCES;150
Operands;LIMITED;81
Operands;OBLIGATIONS;25
Operands;PRESSURES;3
Operands;LATE;10
Operands;MATTERS;35
Operands;LENGTH;720
Operands;EXPERIENCES;10
Operands;MODIFICATION;7
Operands;SOUND;9
Operands;ADVANCE;59
Operands;CHALLENGE;29
Operands;DISCUSSED;53
Operands;ACCEPT;13
Operands;ADMINISTER;8
Operands;DEVELOPS;5
Operands;110;11
Operands;113;1
Operands;REPORT;134
Operands;DISCUSSES;11
Operands;CONSIDERABLE;8
Operands;CENTER;2
Operands;LANGUAGE;24
Operands;SETTLEMENTS;7
Operands;REBATE;1
Operands;BENCHMARKS;1
Operands;CONVENTION;46
Operands;MANUFACTURING;123
Operands;INTEGRATED;21
Operands;STAGE;33
Operands;FRAUD;2
Operands;DISTRIBUTORS;41
Operands;FUNCTIONAL;149
Operands;SUBPARAGRAPHS;1
Operands;HARMONISATION;1
Operands;NIGERIA;4
Operands;INCLUDE;155
Operands;DISADVANTAGES;18
Operands;CLAIMING;3
Operands;US;21
Operands;OCCUR;26
Operands;REPUTATION;4
Operands;LISTED;26
Operands;UK;3
Operands;ACCOUNT;122
Operands;OPTION;39
Operands;DEFAULT;6
Operands;PURPOSES;116
Operands;REPORTS;52
Operands;BROKEN;3
Operands;VENTURE;8
Operands;ILLUSTRATIONS;1
Operands;BRAZIL;33
Operands;BUSINESS;394
Operands;DIAGRAM;4
Operands;CONCERNS;22
Operands;CLOSE;12
Operands;SCHEME;8
Operands;AGAIN;6
Operands;CUT;1
Operands;RECENTLY;9
Operands;RECEIVE;30
Operands;WEAK;4
Operands;565;1
Operands;DESIGNING;9
Operands;WORDING;1
Operands;TRANSITION;4
Operands;ABLE;87
Operands;ANALYSIS;427
Operands;FAILURE;17
Operands;VIETNAM;1
Operands;INCUR;7
Operands;BELGIUM;1
Operands;USING;107
Operands;DISCLOSURE;16
Operands;GROUPS;51
Operands;CHANGE;18
Operands;EXCESSIVE;19
Operands;RETROSPECTIVE;1
Operands;49;2
Operands;46;5
Operands;47;2
Operands;44;2
Operands;45;1
Operands;42;8
Operands;43;2
Operands;40;14
Operands;41;1
Operands;PERIODIC;4
Operands;CONTROVERSIAL;4
Operands;EQUITY;29
Operands;RESOLUTION;84
Operands;RECEIVES;13
Operands;GRIEVANCES;1
Operands;RULINGS;25
Operands;PLAN;20
Operands;LOCAL;158
Operands;RESELL;2
Operands;SELL;7
Operands;DETERMINANTS;1
Operands;DESCRIPTION;38
Operands;MNES;156
Operands;FEASIBILITY;1
Operands;BECAME;7
Operands;INDONESIA;1
Operands;ADMINISTERED;2
Operands;HIGHEST;4
Operands;PRINCIPAL;40
