Dodd-Frank Wall Street Reform Consumer Protection Act;0
5136 Revised Statutes United States (12 U.S.C. 24);0
Farm Credit Act 1971 (12 U.S.C. 2001 et seq.);0
Small Business Act of 1958 (15 U.S.C. 662);0
Federal Reserve Act (12 U.S.C. 461(b)(7));0
Advisers Act 1940 (15 U.S.C. 80b-3(m));0
Federal Reserve Act (12 U.S.C. 371c-1);0
Federal Reserve Act (12 U.S.C. 248a);0
Federal Reserve Act (12 U.S.C. 371c);0
International Banking Act of 1978;1
Financial Stability Act of 2010;1
Internal Revenue Code of 1986;1
Federal Act (12 U.S.C. 1813);0
International Banking Act;1
