in connection with;4
in accordance with;1
with respect to;6
notwithstanding;1
with regards to;1
to the extent;4
provided that;3
commensurate;1
Definitions;1
principally;4
pursuant to;9
appropriate;26
applicable;4
particular;1
respective;1
identified;1
aggregated;1
individual;1
comparable;1
equivalent;1
additional;11
constitute;2
In General;1
in no case;1
condition;2
construed;3
including;6
primarily;1
regarding;3
deduction;1
described;9
aggregate;3
determine;9
whenever;1
deducted;1
specific;1
Extended;1
include;2
jointly;2
related;3
outside;2
between;2
general;10
even if;1
Nothing;1
similar;3
defined;11
solely;6
extend;3
except;4
within;1
exceed;4
Unless;1
while;1
total;1
after;12
means;8
other;43
meet;1
only;3
more;5
such;42
each;3
part;2
than;8
near;2
same;4
when;1
with;21
all;5
not;25
and;130
any;57
for;34
if;13
or;183
no;23
