limited,EconomicOperands
consolidated,EconomicOperands
bear,EconomicOperands
committee on the judiciary,EconomicOperands
facilities,EconomicOperands
act (12 u.s.c. 1462),LegalReferences
assembled,EconomicOperands
defraud,EconomicOperands
violate,EconomicOperands
granting,RegulatoryOperators
eligible,EconomicOperands
section 552a,LegalReferences
relates to,LogicalConnectors
disability,EconomicOperands
contravention,EconomicOperands
presents,EconomicOperands
protections,EconomicOperands
whatsoever,FunctionWords
"$1,000,000",Attributes
alternating,EconomicOperands
applied,EconomicOperands
updated,EconomicOperands
promulgated,RegulatoryOperators
legislators,EconomicOperands
void,EconomicOperands
rise,Other
entitlements,EconomicOperands
handling,EconomicOperands
financial firms,EconomicOperands
govern,EconomicOperands
affect,EconomicOperands
owning,EconomicOperands
pooled,EconomicOperands
on behalf of,FunctionWords
contemplated,EconomicOperands
companies,EconomicOperands
convenience,EconomicOperands
notifying,EconomicOperands
delegate,EconomicOperands
succession,EconomicOperands
indices,EconomicOperands
enhance,EconomicOperands
inaction,EconomicOperands
heading,Other
concise,EconomicOperands
construed,Other
consistent,Attributes
guidelines,EconomicOperands
direct,EconomicOperands
feasibility,EconomicOperands
surrounding,EconomicOperands
likely,Attributes
in concert,EconomicOperands
naic,EconomicOperands
established,RegulatoryOperators
simultaneously maintaining,EconomicOperands
supplied,EconomicOperands
in the case of,LogicalConnectors
establishes,RegulatoryOperators
new,EconomicOperands
net,EconomicOperands
increasing,EconomicOperands
seeks,EconomicOperands
commingling,EconomicOperands
deemed,RegulatoryOperators
simultaneously,EconomicOperands
evaluating,EconomicOperands
interstate,EconomicOperands
error,EconomicOperands
refinement,EconomicOperands
protection,EconomicOperands
proceeds credited,EconomicOperands
represented,EconomicOperands
affiliated,EconomicOperands
gao audit,EconomicOperands
section 11a,LegalReferences
contraction,EconomicOperands
commonly known as,FunctionWords
substance,EconomicOperands
"june 8, 2002",Attributes
forum,EconomicOperands
inception,EconomicOperands
items,EconomicOperands
study,EconomicOperands
economics,EconomicOperands
bureau of labor statistics,EconomicOperands
expedited,EconomicOperands
harass,EconomicOperands
permit,RegulatoryOperators
adopting,EconomicOperands
settled,EconomicOperands
managing member,EconomicOperands
eliminating expectations,EconomicOperands
appropriately,Attributes
sections 5(c)(1),LegalReferences
secure,EconomicOperands
discontinuous,EconomicOperands
highly,Attributes
brought,EconomicOperands
refuse,EconomicOperands
referred to,FunctionWords
agreement to repurchase,EconomicOperands
apportionment,EconomicOperands
public law 10173; 103 stat. 440,LegalReferences
negative,EconomicOperands
occupying,EconomicOperands
program,EconomicOperands
call,EconomicOperands
recommend,EconomicOperands
strike,Other
carried out,EconomicOperands
administering,EconomicOperands
type,EconomicOperands
reevaluate,EconomicOperands
standardized,EconomicOperands
successful,EconomicOperands
120 days,Attributes
hereby,FunctionWords
ascribe,EconomicOperands
award,EconomicOperands
disruption,EconomicOperands
85 percent,Attributes
real-time,EconomicOperands
continual,EconomicOperands
hold,EconomicOperands
tariff,EconomicOperands
circumstances,EconomicOperands
net worth,EconomicOperands
conflicting supervisory,EconomicOperands
unaffiliated,EconomicOperands
act (12 u.s.c. 1467a(a)(1)(d)(ii)),LegalReferences
work,EconomicOperands
straddle,EconomicOperands
incubator,EconomicOperands
60 days,Attributes
exceptions,RegulatoryOperators
revenues,EconomicOperands
committees on agriculture,EconomicOperands
conservatorship,EconomicOperands
proposed accounting,EconomicOperands
give,FunctionWords
household,EconomicOperands
preserving,EconomicOperands
organized,EconomicOperands
audit trail,EconomicOperands
implementations,EconomicOperands
involve,EconomicOperands
currency,EconomicOperands
reviewing,EconomicOperands
appointment,EconomicOperands
organizes,EconomicOperands
attract,EconomicOperands
guarantee,EconomicOperands
sought,Other
end,Other
recovery,EconomicOperands
chapter 35,LegalReferences
provide,EconomicOperands
verify,EconomicOperands
travel,EconomicOperands
10 percent,Attributes
house of representatives,EconomicOperands
real estate investments,EconomicOperands
answer,EconomicOperands
continuing qualification,EconomicOperands
comptroller general,EconomicOperands
gaming,EconomicOperands
commencing,EconomicOperands
regional,EconomicOperands
description,EconomicOperands
subpenaed,EconomicOperands
earlier,Attributes
loyalty,EconomicOperands
self-regulatory bodies,EconomicOperands
predicates,EconomicOperands
president,EconomicOperands
types,EconomicOperands
existing reports,EconomicOperands
attempt,EconomicOperands
third,Attributes
attracts,EconomicOperands
maintain,EconomicOperands
enter,EconomicOperands
inhabitant,EconomicOperands
operate,EconomicOperands
order,EconomicOperands
operations,EconomicOperands
restriction,RegulatoryOperators
executed,EconomicOperands
interpretation,EconomicOperands
alternative nationwide,EconomicOperands
prospective,Other
consent,EconomicOperands
concurrence,EconomicOperands
committees on financial services and ways and means,EconomicOperands
satisfied,RegulatoryOperators
eligible deferred,EconomicOperands
deducted,EconomicOperands
risk-related,EconomicOperands
technologically practicable,EconomicOperands
misconduct,EconomicOperands
margining,EconomicOperands
cross-marketing,EconomicOperands
personal,EconomicOperands
fix,EconomicOperands
"50,000",Attributes
writing,EconomicOperands
written bilateral,EconomicOperands
september 30,Attributes
nonpublic,EconomicOperands
approve,RegulatoryOperators
omitted,EconomicOperands
weeks,EconomicOperands
(1)(f),LegalReferences
15 percent,Attributes
flood disaster protection act of 1973,LegalReferences
affected,EconomicOperands
combination,EconomicOperands
accruing,EconomicOperands
safe,EconomicOperands
academics,EconomicOperands
divesting,EconomicOperands
advise,EconomicOperands
bank,EconomicOperands
structural,EconomicOperands
conditioned on,LogicalConnectors
notified,EconomicOperands
inventory,EconomicOperands
reasonably,Attributes
classified,EconomicOperands
legally binding agreement,EconomicOperands
nonadmitted insurance,EconomicOperands
capricious,EconomicOperands
reasonable,Attributes
fitness,EconomicOperands
written agreement,EconomicOperands
material fact,EconomicOperands
summarily,EconomicOperands
side,EconomicOperands
notifies,EconomicOperands
consolidate,EconomicOperands
interruption,EconomicOperands
schemes,EconomicOperands
financial,EconomicOperands
directly,Attributes
meets,EconomicOperands
series,EconomicOperands
12 u.s.c. 1701p1,LegalReferences
carry,EconomicOperands
used,EconomicOperands
trading,EconomicOperands
section 10a (12 u.s.c. 1848a),LegalReferences
substantially,FunctionWords
clauses,EconomicOperands
grandfather,LegalReferences
ring,EconomicOperands
borne,FunctionWords
culturally diverse pool,EconomicOperands
investment company act of 1940,LegalReferences
source of strength,EconomicOperands
open,EconomicOperands
waive,RegulatoryOperators
6 years,Attributes
electronic matching platform,EconomicOperands
adjust,EconomicOperands
adapt,EconomicOperands
assignment,EconomicOperands
interconnectedness,EconomicOperands
financial industry regulatory authority,EconomicOperands
forth,FunctionWords
45 days,Attributes
act (12 u.s.c. 1467a(o),LegalReferences
merchandising,EconomicOperands
nonprudential,EconomicOperands
associate,EconomicOperands
certifies,EconomicOperands
"committee on banking, housing, and urban affairs",EconomicOperands
free,EconomicOperands
managerial,EconomicOperands
disputes,EconomicOperands
formation,EconomicOperands
does not,FunctionWords
estimate,EconomicOperands
reinstatement,EconomicOperands
certified,EconomicOperands
conform,RegulatoryOperators
incorporates,EconomicOperands
created,EconomicOperands
priorities,EconomicOperands
creates,EconomicOperands
ministries,EconomicOperands
deems,RegulatoryOperators
incorporated,EconomicOperands
signature,EconomicOperands
reserving,Other
code of federal regulations,LegalReferences
repealed,RegulatoryOperators
validated complaints,EconomicOperands
already,Attributes
suspension,EconomicOperands
thereon,FunctionWords
knowingly fail,EconomicOperands
interlocks,EconomicOperands
section 25a,LegalReferences
primary,EconomicOperands
thereof,FunctionWords
hearing,EconomicOperands
restrict,RegulatoryOperators
electronic,EconomicOperands
to the extent,LogicalConnectors
activities,EconomicOperands
rejects,EconomicOperands
engagement,EconomicOperands
needed,EconomicOperands
rates,EconomicOperands
listed,FunctionWords
prudential aspects,EconomicOperands
percentage,EconomicOperands
transmittal,EconomicOperands
enhancing,EconomicOperands
(12 u.s.c. 1828(g)),LegalReferences
serve,EconomicOperands
negotiating,EconomicOperands
federal energy regulatory commission,EconomicOperands
section 18(g),LegalReferences
eligible employer,EconomicOperands
to the extent feasible,Attributes
12 u.s.c. 1437 note,LegalReferences
programs,EconomicOperands
national credit union administration board,EconomicOperands
matter,Other
classes,EconomicOperands
mitigating,EconomicOperands
enables,EconomicOperands
jurisdictional disputes,EconomicOperands
acquisition,EconomicOperands
bridge,EconomicOperands
anticipates owning,EconomicOperands
mitigatory,EconomicOperands
effectuate,EconomicOperands
disseminated,EconomicOperands
section 4(j)(2)(a),LegalReferences
manner,Other
qualitatively,EconomicOperands
regulate,RegulatoryOperators
seek,EconomicOperands
traditionally,EconomicOperands
transacts,EconomicOperands
responsible,EconomicOperands
desist,EconomicOperands
causing,EconomicOperands
transmit,EconomicOperands
recordkeeping,EconomicOperands
greatest,LogicalConnectors
"september 30, 1996",Attributes
shall,RegulatoryOperators
object,EconomicOperands
subpoenas,EconomicOperands
optimized,EconomicOperands
involving,EconomicOperands
organization,EconomicOperands
retaining,EconomicOperands
inconsistency,EconomicOperands
reimbursement,EconomicOperands
mitigate,RegulatoryOperators
june 30,Attributes
antitrust,EconomicOperands
330-day,Attributes
calculated,EconomicOperands
clearing house,EconomicOperands
metal,EconomicOperands
possesses,EconomicOperands
table of contents,FunctionWords
accounted,EconomicOperands
place,EconomicOperands
enterprise,EconomicOperands
voting,EconomicOperands
registrants,EconomicOperands
public law 93100,LegalReferences
relative to,LogicalConnectors
advisory,EconomicOperands
amending,Other
standardized algorithmic descriptions,EconomicOperands
meetings,EconomicOperands
margin-setting,EconomicOperands
nominated,EconomicOperands
ending,EconomicOperands
undue,Attributes
implying,EconomicOperands
chartered,EconomicOperands
fewer than,LogicalConnectors
participate,EconomicOperands
endowment,EconomicOperands
certification materially,EconomicOperands
holder,EconomicOperands
guidance,EconomicOperands
90 days,Attributes
completes,EconomicOperands
computer-readable,EconomicOperands
screening,EconomicOperands
as soon as,LogicalConnectors
adequate,Attributes
protocols governing,EconomicOperands
do,FunctionWords
section 10(b)(2),LegalReferences
10,Attributes
quarterly listing of alien insurers,EconomicOperands
scalable,EconomicOperands
in favor of the,FunctionWords
report,EconomicOperands
15,Attributes
comply,RegulatoryOperators
volatility,EconomicOperands
covering,EconomicOperands
harmonized,EconomicOperands
twice,Attributes
analytical,EconomicOperands
movement,EconomicOperands
steal,EconomicOperands
respond,EconomicOperands
programmatic,EconomicOperands
mandatory,EconomicOperands
disaster,EconomicOperands
reference,EconomicOperands
consummation,EconomicOperands
evolving,EconomicOperands
calculate net,EconomicOperands
result,EconomicOperands
period beginning,EconomicOperands
15 u.s.c. 80b2(a)(11),LegalReferences
discussions,EconomicOperands
extend,EconomicOperands
best,EconomicOperands
antifraud,EconomicOperands
de minimis,Other
said,EconomicOperands
capacity,EconomicOperands
inappropriate,EconomicOperands
appropriated moneys,EconomicOperands
eligibility,EconomicOperands
unable,EconomicOperands
underserved communities,EconomicOperands
discovery,EconomicOperands
terms,Other
anticipates incurring,EconomicOperands
district of columbia circuit,EconomicOperands
nature,EconomicOperands
confusion,EconomicOperands
capital levels,EconomicOperands
authorizing,RegulatoryOperators
civil service,EconomicOperands
extent,EconomicOperands
carbon,EconomicOperands
convertible,EconomicOperands
stricter,EconomicOperands
linkage,EconomicOperands
improve,EconomicOperands
received,EconomicOperands
(12 u.s.c. 248a),LegalReferences
providing,EconomicOperands
prudential,EconomicOperands
reported,EconomicOperands
country,EconomicOperands
extracts,EconomicOperands
conclusions,EconomicOperands
participating,EconomicOperands
software containing intellectual,EconomicOperands
receives,EconomicOperands
receiver,EconomicOperands
surplus lines eligibility,EconomicOperands
requests,EconomicOperands
admission,EconomicOperands
deter abuses,EconomicOperands
negotiation,EconomicOperands
character,EconomicOperands
noninsured,EconomicOperands
2nd,Attributes
initiative,EconomicOperands
applicability,FunctionWords
environmental protection agency,EconomicOperands
per diem,EconomicOperands
basis,Other
holdings,EconomicOperands
affecting prudential,EconomicOperands
holding companies,EconomicOperands
been,FunctionWords
mutual holding companies,EconomicOperands
commission,EconomicOperands
mitigation,EconomicOperands
detrimental,EconomicOperands
basic,EconomicOperands
expected,EconomicOperands
entered,EconomicOperands
succession planning,EconomicOperands
market share,EconomicOperands
duties,EconomicOperands
volume,EconomicOperands
website,EconomicOperands
obtained,EconomicOperands
life,EconomicOperands
30-day,Attributes
dismiss,EconomicOperands
personally,EconomicOperands
deliberations,EconomicOperands
commerce,EconomicOperands
exception,RegulatoryOperators
seniority status,EconomicOperands
publicly,EconomicOperands
affirm,EconomicOperands
nonwithdrawable,EconomicOperands
balances maintained,EconomicOperands
employ,EconomicOperands
moratorium,Other
applies,FunctionWords
aid,EconomicOperands
balance,EconomicOperands
procedure,EconomicOperands
changed,EconomicOperands
capital purchase program,EconomicOperands
experts,EconomicOperands
reports,EconomicOperands
comparative,EconomicOperands
moderate-income,EconomicOperands
1-year,Attributes
trustee,EconomicOperands
listed in,Other
containing,EconomicOperands
4-year,Attributes
perform,EconomicOperands
make,FunctionWords
clearly,EconomicOperands
supplements,EconomicOperands
potentially,Other
damages,EconomicOperands
evaluate,RegulatoryOperators
block trades),EconomicOperands
bid,EconomicOperands
entitled,EconomicOperands
independent,EconomicOperands
counterparty,EconomicOperands
governors,EconomicOperands
section 10(c)(9)(d),LegalReferences
numerical,EconomicOperands
workforce,EconomicOperands
action,EconomicOperands
court of appeals,EconomicOperands
subgroups,EconomicOperands
pari-mutuel,EconomicOperands
prescribed,RegulatoryOperators
kept,EconomicOperands
whereby,FunctionWords
not-for-profit,EconomicOperands
immaterial,EconomicOperands
unconditionally,LogicalConnectors
rescinded,EconomicOperands
"august 3, 1994",Attributes
written representations,EconomicOperands
academic,EconomicOperands
materials,EconomicOperands
subpoena,EconomicOperands
quantitative,EconomicOperands
the,FunctionWords
investments,EconomicOperands
consultant retained,EconomicOperands
stringent,Attributes
proposed,EconomicOperands
sentence,Other
raise novel,EconomicOperands
proposes,EconomicOperands
identify,EconomicOperands
facts,EconomicOperands
electronically,EconomicOperands
previous,FunctionWords
adding,Other
enters,EconomicOperands
workplace flexibility,EconomicOperands
assassination,EconomicOperands
had,FunctionWords
rescission,EconomicOperands
spread,EconomicOperands
advanced,EconomicOperands
technological,EconomicOperands
has,FunctionWords
grandfathering,FunctionWords
designate,EconomicOperands
applicable to,FunctionWords
municipal,EconomicOperands
inconsistent with,LogicalConnectors
low-income,EconomicOperands
breaks,EconomicOperands
posed,EconomicOperands
possible,Attributes
with relation to,FunctionWords
telework,EconomicOperands
supervisory,EconomicOperands
imposed,EconomicOperands
riskiness,EconomicOperands
occurring,EconomicOperands
county,EconomicOperands
committee on financial services,EconomicOperands
performing,EconomicOperands
subclause (a)(ii),LegalReferences
comparability,EconomicOperands
securities,EconomicOperands
steps,EconomicOperands
officer,EconomicOperands
majority vote,EconomicOperands
arbitrary,EconomicOperands
in excess of,LogicalConnectors
consider waived,EconomicOperands
right,EconomicOperands
deal,EconomicOperands
rehabilitation expenditures,EconomicOperands
reviewable,EconomicOperands
consultants,EconomicOperands
nonmember,EconomicOperands
election,EconomicOperands
17 c.f.r. parts 275.2042,LegalReferences
fiduciary,EconomicOperands
indirect,EconomicOperands
30 legislative days,Attributes
reinsures,EconomicOperands
short-term,EconomicOperands
denies,EconomicOperands
specific,FunctionWords
participations,EconomicOperands
10 years,Attributes
for,FunctionWords
notification,EconomicOperands
investigations,EconomicOperands
electronic trading platforms,EconomicOperands
comments,EconomicOperands
as opposed to,LogicalConnectors
trustees,EconomicOperands
allocate,EconomicOperands
investment activities,EconomicOperands
functionally,EconomicOperands
section 3c,LegalReferences
participation,EconomicOperands
core,EconomicOperands
knew,EconomicOperands
meanings,Other
judicial district,EconomicOperands
marketing,EconomicOperands
pose,EconomicOperands
confer,EconomicOperands
for any reason,LogicalConnectors
brokerage,EconomicOperands
post,EconomicOperands
manufacturing,EconomicOperands
permitted,RegulatoryOperators
codified,EconomicOperands
chapter,Other
citizens,EconomicOperands
misleading,EconomicOperands
ensure,RegulatoryOperators
accurate trade reconstructions,EconomicOperands
efforts,EconomicOperands
considerations,EconomicOperands
discharging,EconomicOperands
respondent,EconomicOperands
civil,EconomicOperands
believes affects,EconomicOperands
intellectual,EconomicOperands
balances,EconomicOperands
accommodate,EconomicOperands
thrift depositor protection oversight board of the resolution trust corporation,EconomicOperands
furnishing,EconomicOperands
balanced,EconomicOperands
priority status,EconomicOperands
antimanipulation,EconomicOperands
defendants,EconomicOperands
existed,EconomicOperands
rely,EconomicOperands
preemption,EconomicOperands
federal insurance office act of 2010,LegalReferences
support,EconomicOperands
initial,EconomicOperands
legislation,EconomicOperands
class,EconomicOperands
authorized,RegulatoryOperators
was,FunctionWords
war,EconomicOperands
head,EconomicOperands
therefrom,FunctionWords
offering,EconomicOperands
offer,EconomicOperands
forming,EconomicOperands
becoming,Other
differences,EconomicOperands
actively traded,EconomicOperands
ceded,EconomicOperands
clause heading,Other
timing,EconomicOperands
understandable,EconomicOperands
syndicate,EconomicOperands
sustained,EconomicOperands
safeguard,EconomicOperands
attesting,EconomicOperands
counsel,EconomicOperands
responding,EconomicOperands
market-making-related,EconomicOperands
bids,EconomicOperands
maximum,Attributes
12 u.s.c. 1841(c)(2)(f)(v),LegalReferences
streamlined,EconomicOperands
back-up,EconomicOperands
part-time work,EconomicOperands
informational partitions,EconomicOperands
submitting,EconomicOperands
unusually,EconomicOperands
firewalls,EconomicOperands
rulemakings,Other
indemnification agreement,EconomicOperands
originating,EconomicOperands
fulfills,EconomicOperands
strengthening,EconomicOperands
semicolon,Other
disclosing,EconomicOperands
exist,EconomicOperands
accounting,EconomicOperands
negotiations,EconomicOperands
physical,EconomicOperands
"1,000",Attributes
discriminate,EconomicOperands
floor,EconomicOperands
agreeing,EconomicOperands
imparting,EconomicOperands
setting,EconomicOperands
"committees on agriculture, nutrition, and forestry",EconomicOperands
holding,EconomicOperands
papers,EconomicOperands
test,EconomicOperands
permitting,RegulatoryOperators
trade matching,EconomicOperands
liquidate,EconomicOperands
preceding,FunctionWords
update,EconomicOperands
(12 u.s.c. 1817(j)),LegalReferences
concurrent,EconomicOperands
intent,EconomicOperands
authorities,EconomicOperands
proceeding,EconomicOperands
270 days,Attributes
disaster recovery,EconomicOperands
reorganization,EconomicOperands
longer,LogicalConnectors
public law 102550; 106 stat. 3798,LegalReferences
good faith,EconomicOperands
assume,EconomicOperands
annuity,EconomicOperands
placement agent,EconomicOperands
daily,Attributes
withhold,EconomicOperands
premiums,EconomicOperands
investigative,EconomicOperands
time,EconomicOperands
adverse circumstances,EconomicOperands
breadth,EconomicOperands
managed,EconomicOperands
relieve,EconomicOperands
focus,EconomicOperands
leads,EconomicOperands
supplement,EconomicOperands
on the grounds that,LogicalConnectors
global rulemaking timeframe,EconomicOperands
to the fullest extent possible,Attributes
displaying,EconomicOperands
2 months,Attributes
conditionally,LogicalConnectors
clarification,EconomicOperands
"september 30, 2011",Attributes
certification,EconomicOperands
freedom of information act,LegalReferences
nonvoting member,EconomicOperands
hereof,FunctionWords
promoting,EconomicOperands
determinations,Other
employment structures,EconomicOperands
untrue statement,EconomicOperands
"september 30, 2012",Attributes
oversight,EconomicOperands
advises,EconomicOperands
adviser,EconomicOperands
findings conclusions,EconomicOperands
act (12 u.s.c. 1467a(b)(2),LegalReferences
terrorism insurance program,EconomicOperands
terminate,EconomicOperands
furnish copies,EconomicOperands
liability,EconomicOperands
price movements,EconomicOperands
advised,EconomicOperands
section 10(e)(2),LegalReferences
fullest,EconomicOperands
in the future,Attributes
proposed determination,EconomicOperands
18-month,Attributes
level,EconomicOperands
did,FunctionWords
proposals,EconomicOperands
"external audit findings, self-reported errors",EconomicOperands
item,Other
settle,EconomicOperands
proximately caused,EconomicOperands
depository,EconomicOperands
jurisdictional,EconomicOperands
prevent,RegulatoryOperators
tracking uncleared,EconomicOperands
occurrence,EconomicOperands
findings,EconomicOperands
dealing,EconomicOperands
nondepository,EconomicOperands
measurable,EconomicOperands
sign,EconomicOperands
threshold,EconomicOperands
antievasion,EconomicOperands
substitute,EconomicOperands
educate,EconomicOperands
appear,EconomicOperands
"december 1, 2009",Attributes
assistance,EconomicOperands
foregoing,EconomicOperands
shares,EconomicOperands
uniform,EconomicOperands
current,FunctionWords
virgin islands,EconomicOperands
90-day,Attributes
shared,EconomicOperands
appeal,EconomicOperands
savings and loan holding company,EconomicOperands
filled,EconomicOperands
satisfy,EconomicOperands
supporting,EconomicOperands
sold short,EconomicOperands
processing,EconomicOperands
transportation,EconomicOperands
section 10(b),LegalReferences
force majeure,EconomicOperands
clerk,EconomicOperands
contemplate,EconomicOperands
address,EconomicOperands
deceit,EconomicOperands
monies,EconomicOperands
appears,Other
change,EconomicOperands
look backs,EconomicOperands
diverse backgrounds,EconomicOperands
exemption,RegulatoryOperators
redemption,EconomicOperands
expressly,Other
funded,EconomicOperands
petitioner,EconomicOperands
thereunder,FunctionWords
trial,EconomicOperands
simultaneous,EconomicOperands
emergency homeowners' relief act,LegalReferences
therein,Other
legal certainty,EconomicOperands
12-month,Attributes
purchaser,EconomicOperands
useful,EconomicOperands
confidentiality,EconomicOperands
inducing,EconomicOperands
marked,EconomicOperands
modifying,EconomicOperands
nondelegable,EconomicOperands
farm credit administration,EconomicOperands
accredited college,EconomicOperands
1st,Attributes
operational,EconomicOperands
associated with,FunctionWords
executing trades,EconomicOperands
working,EconomicOperands
12 u.s.c. 1461 et seq,LegalReferences
rims fellow,EconomicOperands
unregulated combination,EconomicOperands
properties,EconomicOperands
territories,EconomicOperands
fully guaranteed,EconomicOperands
handler,EconomicOperands
criteria,EconomicOperands
cited,Other
separately accounted,EconomicOperands
commissioner,EconomicOperands
sharing,EconomicOperands
enhance accessibility,EconomicOperands
instrument sold,EconomicOperands
financial condition,EconomicOperands
acceptable,Attributes
approving,RegulatoryOperators
employee,EconomicOperands
cases,FunctionWords
effort,EconomicOperands
mid-sized,EconomicOperands
avoiding,EconomicOperands
originally,Other
cap,EconomicOperands
modified,FunctionWords
believes,EconomicOperands
reviews,EconomicOperands
incidents,EconomicOperands
believed,EconomicOperands
making,FunctionWords
dispute,EconomicOperands
nearest,EconomicOperands
months,EconomicOperands
of any kind,LogicalConnectors
subsidies,EconomicOperands
posing,EconomicOperands
performed,EconomicOperands
council,EconomicOperands
exclude,EconomicOperands
offense,EconomicOperands
enter into force,EconomicOperands
restitution,EconomicOperands
office of thrift supervision,EconomicOperands
preempted,EconomicOperands
standardized algorithmic,EconomicOperands
care insurance,EconomicOperands
secured,EconomicOperands
means,Other
premium taxes,EconomicOperands
institutional safeguards,EconomicOperands
producer database,EconomicOperands
"october 2, 1999",Attributes
allowable,RegulatoryOperators
subsidiaries,EconomicOperands
parameter,EconomicOperands
economy,EconomicOperands
staying,EconomicOperands
"$20,000,000",Attributes
impartial,EconomicOperands
spot,EconomicOperands
membership,EconomicOperands
produce,EconomicOperands
designee,EconomicOperands
designed,EconomicOperands
national alliance for insurance education & research,EconomicOperands
date,EconomicOperands
data,EconomicOperands
stress,EconomicOperands
in light of,FunctionWords
natural,EconomicOperands
commodity,EconomicOperands
applicant,EconomicOperands
borrowing,EconomicOperands
complaining,EconomicOperands
taking,EconomicOperands
invests,EconomicOperands
2 years,Attributes
typical,EconomicOperands
exclusive,EconomicOperands
serving,EconomicOperands
shield,EconomicOperands
furnished,EconomicOperands
thresholds,EconomicOperands
regional transmission organization,EconomicOperands
unacceptable,Attributes
years,EconomicOperands
course,EconomicOperands
cross-currency,EconomicOperands
statistical,EconomicOperands
statements,EconomicOperands
alleges discharge,EconomicOperands
accepted,EconomicOperands
group,EconomicOperands
monitor,EconomicOperands
hearing examining,EconomicOperands
how,FunctionWords
decreases,EconomicOperands
forms,EconomicOperands
platform,EconomicOperands
offers,EconomicOperands
constitutes,EconomicOperands
listing,EconomicOperands
mail,EconomicOperands
main,EconomicOperands
undermines,EconomicOperands
petition,EconomicOperands
fellowship program,EconomicOperands
electronically capture,EconomicOperands
conveying,EconomicOperands
non,LogicalConnectors
limited to,LogicalConnectors
qualifies,EconomicOperands
"$140,000",Attributes
recipients,EconomicOperands
views,EconomicOperands
executory,EconomicOperands
bound,EconomicOperands
warranted,EconomicOperands
qualified,EconomicOperands
compelled,EconomicOperands
not,LogicalConnectors
spend,EconomicOperands
discuss,EconomicOperands
expedite,EconomicOperands
enacted,EconomicOperands
administer,EconomicOperands
term,Other
attorneys,EconomicOperands
name,EconomicOperands
defining technical,EconomicOperands
corners,EconomicOperands
responsible for,EconomicOperands
12 u.s.c. 1463 note,LegalReferences
repositories,EconomicOperands
promulgate,EconomicOperands
establishing,EconomicOperands
receivership,EconomicOperands
beneficial owner,EconomicOperands
individually,EconomicOperands
significantly,Attributes
de novo,FunctionWords
receipt,EconomicOperands
consumer price index for all urban consumers,EconomicOperands
self-reported errors,EconomicOperands
not later than,LogicalConnectors
dissenting,EconomicOperands
sponsor,EconomicOperands
entering,EconomicOperands
year,EconomicOperands
assumption,EconomicOperands
reorganized,EconomicOperands
adequately,Attributes
accomplish,EconomicOperands
factors,EconomicOperands
profit,EconomicOperands
(12 u.s.c. 371c),LegalReferences
operates,EconomicOperands
abide,EconomicOperands
flexible work,EconomicOperands
contained,EconomicOperands
investigation,EconomicOperands
computer hardware,EconomicOperands
receiving,EconomicOperands
assurance,EconomicOperands
predominant line,EconomicOperands
"$25,000,000",Attributes
officer performing,EconomicOperands
governing,EconomicOperands
due regard,EconomicOperands
recordings,EconomicOperands
expert witness,EconomicOperands
repayable,EconomicOperands
care,EconomicOperands
advance,EconomicOperands
training,EconomicOperands
flexible work schedules,EconomicOperands
impose,RegulatoryOperators
motion,EconomicOperands
initiate,EconomicOperands
section 2(a)(5)(f),LegalReferences
act (12 u.s.c. 1467a(c)(2)),LegalReferences
frequent,EconomicOperands
first,Attributes
suspend,EconomicOperands
striking,Other
statutes governing,EconomicOperands
clause,LegalReferences
municipality,EconomicOperands
administrative,EconomicOperands
temporarily,Attributes
commissioners,EconomicOperands
intrastate,EconomicOperands
suspended,EconomicOperands
tax-qualified,EconomicOperands
vote,EconomicOperands
demote,EconomicOperands
disputes arising,EconomicOperands
appealed,EconomicOperands
city,EconomicOperands
section 18(c)(5),LegalReferences
necessarily,EconomicOperands
officials,EconomicOperands
district,EconomicOperands
participates,EconomicOperands
households,EconomicOperands
physically,EconomicOperands
2,Attributes
legally,EconomicOperands
participated,EconomicOperands
"january 1, 2013",Attributes
gives,FunctionWords
30 percent,Attributes
acquisitions,EconomicOperands
potential consequences,EconomicOperands
15 u.s.c. 80b1 et seq,LegalReferences
"$100,000",Attributes
risk-mitigating,EconomicOperands
depository institutions,EconomicOperands
accurately,Attributes
nonoccurrence,EconomicOperands
relative position,EconomicOperands
eliminated,FunctionWords
copy,EconomicOperands
representing,EconomicOperands
specify,EconomicOperands
population,EconomicOperands
wide,EconomicOperands
illegality,EconomicOperands
internal revenue code of 1986,EconomicOperands
executive officer,EconomicOperands
require,RegulatoryOperators
transferred,EconomicOperands
childcare assistance,EconomicOperands
public law 101647; 104 stat. 4890,LegalReferences
protected,EconomicOperands
were,FunctionWords
damages proximately caused,EconomicOperands
oath,EconomicOperands
gathering,EconomicOperands
register,EconomicOperands
remained,EconomicOperands
career reserved,EconomicOperands
locations,EconomicOperands
subsection (c)(9)(c),LegalReferences
recover,EconomicOperands
short sale,EconomicOperands
nondefaulting,EconomicOperands
conversion,EconomicOperands
committee on agriculture,EconomicOperands
efficient,EconomicOperands
note,EconomicOperands
intends,EconomicOperands
potential,EconomicOperands
take,FunctionWords
personalized,EconomicOperands
financially settle,EconomicOperands
registered,EconomicOperands
begin,EconomicOperands
multiple,EconomicOperands
earlier of,LogicalConnectors
normal,EconomicOperands
price,EconomicOperands
incidence,EconomicOperands
insureds taxable premium,EconomicOperands
paid,EconomicOperands
detect,EconomicOperands
comment rulemaking,EconomicOperands
undertakings,EconomicOperands
cleared,EconomicOperands
precludes,EconomicOperands
considered,EconomicOperands
adopt,EconomicOperands
predominantly engaged,EconomicOperands
systemically,EconomicOperands
federal,EconomicOperands
sunset,Other
civil money penalty,EconomicOperands
duplication,EconomicOperands
typically,FunctionWords
filing,Other
quantity,EconomicOperands
subject to,LogicalConnectors
surplus,EconomicOperands
360 days,Attributes
show,EconomicOperands
filed,EconomicOperands
side letters,EconomicOperands
inconsistent,EconomicOperands
federal insurance office,EconomicOperands
enterprise operated,EconomicOperands
ground,EconomicOperands
in the context of,FunctionWords
removed,EconomicOperands
agreements,EconomicOperands
title,Other
standard-setting,EconomicOperands
soliciting,EconomicOperands
only,LogicalConnectors
treasury,EconomicOperands
rule of construction,Other
unsatisfied portion,EconomicOperands
congressional,EconomicOperands
october 30,Attributes
7 u.s.c. 1a et seq,LegalReferences
12 u.s.c. 1467a note,LegalReferences
designated,RegulatoryOperators
greater than,LogicalConnectors
commonly known,FunctionWords
cannot,RegulatoryOperators
28 u.s.c. 509 note,LegalReferences
hedge,EconomicOperands
distortion,EconomicOperands
reveal,EconomicOperands
confirmation,EconomicOperands
resource,EconomicOperands
scheduled maturity,EconomicOperands
neighborhood reinvestment corporation act,LegalReferences
yield,EconomicOperands
summary,EconomicOperands
fulfilling,EconomicOperands
liable,EconomicOperands
5 years,Attributes
declared,EconomicOperands
section 44(b)(4)(b),LegalReferences
imposing,EconomicOperands
"january 1, 2010",Attributes
violated,EconomicOperands
"january 1, 2015",Attributes
capitalized,EconomicOperands
elected,EconomicOperands
undesignated,Other
reevaluation,EconomicOperands
eliminating,EconomicOperands
global risk management institute,EconomicOperands
violates,EconomicOperands
concern,EconomicOperands
fails,EconomicOperands
budgeted expenditures,EconomicOperands
voluntary,EconomicOperands
mortgage,EconomicOperands
ways,EconomicOperands
subsequent,FunctionWords
review,EconomicOperands
representatives,EconomicOperands
sponsorship,EconomicOperands
enumerated,EconomicOperands
affecting,EconomicOperands
policyholder,EconomicOperands
electronic trading,EconomicOperands
notice,EconomicOperands
parent,EconomicOperands
approvals,RegulatoryOperators
employer,EconomicOperands
17 c.f.r. 275.206(4)2(b)(6),LegalReferences
tuition program,EconomicOperands
awards,EconomicOperands
concentrated,EconomicOperands
acquiring,EconomicOperands
taxpayer,EconomicOperands
resides,EconomicOperands
avoid,EconomicOperands
residence,EconomicOperands
trader,EconomicOperands
trades,EconomicOperands
self-interest,EconomicOperands
dedicate,EconomicOperands
designees,EconomicOperands
deduction,EconomicOperands
12 u.s.c. 1757(8),LegalReferences
concentrate,EconomicOperands
workplace,EconomicOperands
expended,EconomicOperands
designations,EconomicOperands
holders,EconomicOperands
traded,EconomicOperands
rehabilitated,EconomicOperands
risk-related factors,EconomicOperands
duty,EconomicOperands
section 10(c)(9)(c),LegalReferences
mails,EconomicOperands
exchange ratio,EconomicOperands
effective,RegulatoryOperators
period,EconomicOperands
satisfaction,EconomicOperands
9 months,Attributes
board of trade,EconomicOperands
uncleared,EconomicOperands
cancel,EconomicOperands
associated,EconomicOperands
endeavor,EconomicOperands
calendar year,EconomicOperands
two-year,Attributes
considers,EconomicOperands
custody,EconomicOperands
unusual,Attributes
section 2(a)(5)(e),LegalReferences
education initiatives,EconomicOperands
informed,EconomicOperands
territorial,EconomicOperands
mark,EconomicOperands
production,EconomicOperands
punished,EconomicOperands
judicial review,EconomicOperands
500,Attributes
disclosed,EconomicOperands
direction,EconomicOperands
enable,EconomicOperands
subjecting,RegulatoryOperators
anticipates providing,EconomicOperands
declaration,EconomicOperands
instant,EconomicOperands
consist of,EconomicOperands
sound,EconomicOperands
contumacy,EconomicOperands
predominately,Attributes
developing,EconomicOperands
amend,EconomicOperands
consultant,EconomicOperands
cash,EconomicOperands
squeezes,EconomicOperands
cast,EconomicOperands
10 days,Attributes
ongoing,EconomicOperands
2-year,Attributes
expertise,EconomicOperands
interconnected,EconomicOperands
technical,EconomicOperands
department of justice,EconomicOperands
engaged,EconomicOperands
telephone,EconomicOperands
14 days,Attributes
bias,EconomicOperands
advanced training,EconomicOperands
settlement supervision,EconomicOperands
section 5(c)(2),LegalReferences
different,FunctionWords
develop,EconomicOperands
indebtedness,EconomicOperands
pay,EconomicOperands
expired,EconomicOperands
same,FunctionWords
surveillance,EconomicOperands
inquiry,EconomicOperands
deference,Other
document,EconomicOperands
relied upon,Other
intermediary,EconomicOperands
status,EconomicOperands
extended,EconomicOperands
assist,EconomicOperands
set forth,RegulatoryOperators
statutory,EconomicOperands
solicitation,EconomicOperands
validate,EconomicOperands
relies,EconomicOperands
trading conventions,EconomicOperands
mortgagee,EconomicOperands
intermittent,EconomicOperands
minimize,EconomicOperands
mistakenly transmitting,EconomicOperands
8 months,Attributes
amounts,EconomicOperands
relief,EconomicOperands
components,EconomicOperands
coordinate,EconomicOperands
termination,EconomicOperands
model,EconomicOperands
primary residence,EconomicOperands
bodies,EconomicOperands
scholarship,EconomicOperands
being,FunctionWords
money,EconomicOperands
guided,EconomicOperands
unconstitutional,Attributes
self-funded,EconomicOperands
safeguards,EconomicOperands
anticipates,EconomicOperands
redesignating,Other
cease,EconomicOperands
anti-evasion,Other
differentiation,EconomicOperands
award program,EconomicOperands
in the case,LogicalConnectors
withhold votes entitled,EconomicOperands
securities and exchange act of 1934,LegalReferences
presumption,EconomicOperands
mutual holding company,EconomicOperands
application,EconomicOperands
except,LogicalConnectors
confirmed,EconomicOperands
instrument,EconomicOperands
"commonwealth of the northern mariana islands, american samoa, guam",EconomicOperands
treatment,EconomicOperands
disputing,EconomicOperands
disrupt,EconomicOperands
scheduled,EconomicOperands
aspects,EconomicOperands
read,Other
income,EconomicOperands
sums,EconomicOperands
inflation,EconomicOperands
back office,EconomicOperands
using,EconomicOperands
execution,EconomicOperands
threaten,EconomicOperands
receive dividends,EconomicOperands
meaning,Other
heightened,EconomicOperands
identifying,EconomicOperands
lawfully accruing,EconomicOperands
collective,EconomicOperands
maintained,EconomicOperands
serves,EconomicOperands
annually,Attributes
waiving,RegulatoryOperators
served,EconomicOperands
dilution,EconomicOperands
reduced,EconomicOperands
specifies,EconomicOperands
venture capital,EconomicOperands
demonstrates intentional,EconomicOperands
exposed,EconomicOperands
political subdivision,EconomicOperands
policyholders,EconomicOperands
specified,RegulatoryOperators
duration,EconomicOperands
"financial institutions reform, recovery, and enforcement act of 1989",LegalReferences
organizing,EconomicOperands
matching,EconomicOperands
provided,LogicalConnectors
confirm,EconomicOperands
ability,EconomicOperands
recorded,EconomicOperands
reverse repurchase agreements,EconomicOperands
legal,EconomicOperands
disciplinary,EconomicOperands
critical,EconomicOperands
provides,EconomicOperands
interagency working,EconomicOperands
affiliate,EconomicOperands
staffs,EconomicOperands
contingent,EconomicOperands
retains,EconomicOperands
equivalent,Attributes
communicate,EconomicOperands
utilities,EconomicOperands
supporting materials relied upon,EconomicOperands
leadership,EconomicOperands
inherent,EconomicOperands
refers,EconomicOperands
manufactures,EconomicOperands
section 2(c)(2)(h),LegalReferences
comparison,EconomicOperands
conducting,EconomicOperands
industry,EconomicOperands
industry input,EconomicOperands
generated,EconomicOperands
executive schedule,EconomicOperands
practical,EconomicOperands
dually,EconomicOperands
supervised,EconomicOperands
practicable,EconomicOperands
testimony,EconomicOperands
mixed,EconomicOperands
invested,EconomicOperands
instrumentality,EconomicOperands
backup,EconomicOperands
or,LogicalConnectors
consolidated tape,EconomicOperands
referenced,Other
commingled,EconomicOperands
investigative proceedings,EconomicOperands
prohibit,RegulatoryOperators
communication,EconomicOperands
spreading,EconomicOperands
skilled,EconomicOperands
due diligence,EconomicOperands
equality,EconomicOperands
employed intermittently,EconomicOperands
references,EconomicOperands
determine,RegulatoryOperators
parties,EconomicOperands
implement conflict-of-interest,EconomicOperands
to the maximum extent,Attributes
prepare,EconomicOperands
area,EconomicOperands
cftcsec,EconomicOperands
strictly,Attributes
there,FunctionWords
alleged,EconomicOperands
(12 u.s.c. 371a),LegalReferences
"may 1, 2010",Attributes
deposited,EconomicOperands
support infrastructure,EconomicOperands
section 10(a)(1)(d)(ii),LegalReferences
less frequently than,LogicalConnectors
earlier than,LogicalConnectors
complete,EconomicOperands
vested,EconomicOperands
unsettled,EconomicOperands
regard,EconomicOperands
united states code,LegalReferences
5 percent,Attributes
manipulative,EconomicOperands
two-thirds,Attributes
elimination,EconomicOperands
promote,EconomicOperands
buying,EconomicOperands
agricultural producer,EconomicOperands
applying,EconomicOperands
improved,EconomicOperands
circulation,EconomicOperands
affirmative vote,EconomicOperands
bucket,EconomicOperands
emissions,EconomicOperands
netting,EconomicOperands
administrative ruling,EconomicOperands
depositing,EconomicOperands
mutually agree,EconomicOperands
agree,EconomicOperands
annual gross revenues derived,EconomicOperands
5-year,Attributes
detailed,EconomicOperands
vehicles,EconomicOperands
12 u.s.c. 2709,LegalReferences
describe,Other
exigent,Attributes
examine,EconomicOperands
deem,RegulatoryOperators
file,EconomicOperands
aids,EconomicOperands
corresponding,EconomicOperands
inspections,EconomicOperands
casualty,EconomicOperands
amendments,Other
assessing,EconomicOperands
raised,EconomicOperands
administered,EconomicOperands
procure temporary,EconomicOperands
storage,EconomicOperands
field,EconomicOperands
valid,EconomicOperands
offered,EconomicOperands
requested,RegulatoryOperators
standardize,EconomicOperands
congress,EconomicOperands
separate,EconomicOperands
important,EconomicOperands
coverage,EconomicOperands
serious,Attributes
included,EconomicOperands
equitable,Attributes
spouse,EconomicOperands
resell,EconomicOperands
pool,EconomicOperands
building,EconomicOperands
15 u.s.c. 80b11,LegalReferences
requires,RegulatoryOperators
posts,EconomicOperands
repay,EconomicOperands
complying with,RegulatoryOperators
oral,EconomicOperands
original,EconomicOperands
waiver,RegulatoryOperators
represent,EconomicOperands
externally,EconomicOperands
consider,EconomicOperands
caused,EconomicOperands
dollar,EconomicOperands
month,EconomicOperands
internal financial,EconomicOperands
executing,EconomicOperands
systemic,EconomicOperands
deadline,EconomicOperands
welfare,EconomicOperands
follow,EconomicOperands
settlement,EconomicOperands
decisions,EconomicOperands
synthetic,EconomicOperands
content,Other
commencement,EconomicOperands
united states trade representative,EconomicOperands
pledged,EconomicOperands
acting,EconomicOperands
foster,EconomicOperands
nonpublicly,EconomicOperands
solicit,EconomicOperands
block trades,EconomicOperands
health,EconomicOperands
software developed,EconomicOperands
belonging,EconomicOperands
being taken,Other
premium,EconomicOperands
written finding,EconomicOperands
confidential,EconomicOperands
committee on ways and means,EconomicOperands
induce,EconomicOperands
unregulated,EconomicOperands
novel,EconomicOperands
bona fide market-making,EconomicOperands
decide,EconomicOperands
revolving,EconomicOperands
condition,EconomicOperands
block trade),EconomicOperands
audited financial statements,EconomicOperands
subpenas,EconomicOperands
evaluation,EconomicOperands
gramm-leach-bliley act,LegalReferences
list,EconomicOperands
applicable,FunctionWords
executive level,EconomicOperands
large,EconomicOperands
manages,EconomicOperands
form,EconomicOperands
small,EconomicOperands
external audit finding,EconomicOperands
economically,EconomicOperands
exemptions,RegulatoryOperators
margining conforming,EconomicOperands
wall street,EconomicOperands
(12 u.s.c. 1813(q)),LegalReferences
penalties,EconomicOperands
rate,EconomicOperands
design,EconomicOperands
layover,EconomicOperands
section 23a,LegalReferences
delivered,EconomicOperands
functioning,EconomicOperands
maintain metrics,EconomicOperands
investment,EconomicOperands
state-chartered,EconomicOperands
accreditation,EconomicOperands
investing,EconomicOperands
disruptions,EconomicOperands
section,Other
attempted manipulation,EconomicOperands
witnesses,EconomicOperands
conveyance,EconomicOperands
statutory disqualification,EconomicOperands
cease and desist,EconomicOperands
signed statement,EconomicOperands
retention,EconomicOperands
designating documents,EconomicOperands
public,EconomicOperands
maturities suitable,EconomicOperands
multinational,EconomicOperands
compromise position,EconomicOperands
full,EconomicOperands
nonapplicability,Other
modify,EconomicOperands
market maker short,EconomicOperands
operating,EconomicOperands
adopted nationwide uniform,EconomicOperands
interest-bearing transaction,EconomicOperands
concluding,EconomicOperands
proceeding instituted,EconomicOperands
counterparties,EconomicOperands
publishes,EconomicOperands
search,EconomicOperands
northern mariana islands,EconomicOperands
conviction,EconomicOperands
identifiable,EconomicOperands
allows,RegulatoryOperators
qualify,EconomicOperands
experience,EconomicOperands
memorandum,LegalReferences
prior,EconomicOperands
amount,EconomicOperands
periodic,Attributes
advertising,EconomicOperands
published,EconomicOperands
cessation,EconomicOperands
options,EconomicOperands
hart-scott-rodino,LegalReferences
authorize,RegulatoryOperators
invalidate,Other
identification,EconomicOperands
family,EconomicOperands
merchandises,EconomicOperands
requiring,RegulatoryOperators
enactment,Other
backed,EconomicOperands
analyzing,EconomicOperands
send,EconomicOperands
establish,RegulatoryOperators
select,EconomicOperands
readily,EconomicOperands
employ personnel,EconomicOperands
attendance,EconomicOperands
proceed,EconomicOperands
contains,EconomicOperands
charge,EconomicOperands
audit,EconomicOperands
nondomiciliary,EconomicOperands
taken,Other
permanently,Attributes
authorization,RegulatoryOperators
more,LogicalConnectors
knows,EconomicOperands
initiated,EconomicOperands
countercyclical,EconomicOperands
as the case may be,LogicalConnectors
quarterly,Attributes
controlling,EconomicOperands
particular,FunctionWords
known,Other
improving consistency,EconomicOperands
disapproved,RegulatoryOperators
presumed,RegulatoryOperators
willfully,EconomicOperands
this,FunctionWords
special damages sustained,EconomicOperands
remain,EconomicOperands
paragraph,Other
raises novel,EconomicOperands
in which case,LogicalConnectors
provides assistance,EconomicOperands
secretary of agriculture,EconomicOperands
section 19(i),LegalReferences
prompt,Attributes
dual,EconomicOperands
division,EconomicOperands
90 percent,Attributes
share,EconomicOperands
accept,EconomicOperands
minimum,Attributes
purchased,EconomicOperands
arise,EconomicOperands
sharp,EconomicOperands
allocated,EconomicOperands
alleging discharge,EconomicOperands
respective,EconomicOperands
promote pre-trade,EconomicOperands
processors,EconomicOperands
imminent,Attributes
mid-tier,EconomicOperands
stayed,EconomicOperands
commercial,EconomicOperands
earnings,EconomicOperands
relevant to,LogicalConnectors
intended,EconomicOperands
advice,EconomicOperands
derived,EconomicOperands
reflect,EconomicOperands
unsound,EconomicOperands
catalog,EconomicOperands
as follows,FunctionWords
essential long-term,EconomicOperands
remediation,EconomicOperands
participant,EconomicOperands
evaluations,EconomicOperands
managerial strength,EconomicOperands
response,EconomicOperands
securities-based,EconomicOperands
subitems,LegalReferences
short,EconomicOperands
documentation,EconomicOperands
in any such case,LogicalConnectors
procured,EconomicOperands
responsibility,EconomicOperands
underserved,EconomicOperands
media,EconomicOperands
exclusions,LogicalConnectors
excepted,RegulatoryOperators
rounded,EconomicOperands
help,EconomicOperands
developed,EconomicOperands
rulemaking,Other
licensure,EconomicOperands
held,EconomicOperands
preempt,EconomicOperands
appeals,EconomicOperands
deterring,EconomicOperands
in connection therewith,LogicalConnectors
committed,EconomicOperands
reported publicly,EconomicOperands
existence,EconomicOperands
discloses,EconomicOperands
20,Attributes
"$30,000,000",Attributes
possessions,EconomicOperands
susceptible,EconomicOperands
fined,EconomicOperands
reemployed,EconomicOperands
24 months,Attributes
absence,EconomicOperands
individuals,EconomicOperands
certified historic structure,EconomicOperands
pre-trade,EconomicOperands
fifth january,Attributes
alter,EconomicOperands
fines,EconomicOperands
holding company,EconomicOperands
impair,EconomicOperands
return,EconomicOperands
seeking,EconomicOperands
propose,EconomicOperands
adoption,EconomicOperands
contingent capital,EconomicOperands
reflected,EconomicOperands
permissible,Attributes
party,EconomicOperands
communities,EconomicOperands
instructions,EconomicOperands
designation,EconomicOperands
fully,EconomicOperands
presented,EconomicOperands
semiannual,Attributes
evade,EconomicOperands
courses,EconomicOperands
found,Other
15 u.s.c. 80b10(c),LegalReferences
permutation,EconomicOperands
american institute for cpcu,EconomicOperands
harm,EconomicOperands
relating to,FunctionWords
complies with,RegulatoryOperators
energy,EconomicOperands
reduce,EconomicOperands
engaging,EconomicOperands
furtherance,EconomicOperands
undertake,EconomicOperands
operation,EconomicOperands
insurance,EconomicOperands
leave,EconomicOperands
initiatives,EconomicOperands
act (12 u.s.c. 1468),LegalReferences
chapter 51,LegalReferences
chapter 53,LegalReferences
testify,EconomicOperands
publish,EconomicOperands
participants,EconomicOperands
safety,EconomicOperands
7,Attributes
90 calendar days,Attributes
daily trading,EconomicOperands
refusal,EconomicOperands
belief,EconomicOperands
circumstance,EconomicOperands
enforcing,RegulatoryOperators
confidence,EconomicOperands
houses,EconomicOperands
reason,EconomicOperands
contrivance,EconomicOperands
disposition,EconomicOperands
put,Other
attendant,EconomicOperands
in connection with,FunctionWords
beginning,LogicalConnectors
home owners' loan act,LegalReferences
owners,EconomicOperands
retained,EconomicOperands
omit,EconomicOperands
enforce,RegulatoryOperators
conducted,EconomicOperands
elective,EconomicOperands
circuit,EconomicOperands
consequence,EconomicOperands
contingency,EconomicOperands
bucket shop,EconomicOperands
financed,EconomicOperands
noncash collateral,EconomicOperands
workplace flexibilities,EconomicOperands
january 1,Attributes
proposed acquisition,EconomicOperands
mistakenly,EconomicOperands
guam,EconomicOperands
number,EconomicOperands
curtail trading,EconomicOperands
instances,EconomicOperands
dilute,EconomicOperands
done,EconomicOperands
notify,EconomicOperands
negotiated,EconomicOperands
recorded communications,EconomicOperands
arbitration,EconomicOperands
leverage,EconomicOperands
guaranteeing,EconomicOperands
15 months,Attributes
threatening,EconomicOperands
obtainable,EconomicOperands
utilitys,EconomicOperands
statement,EconomicOperands
compromise,EconomicOperands
together with,LogicalConnectors
lease,EconomicOperands
shifted,EconomicOperands
complained,EconomicOperands
selling,EconomicOperands
option,EconomicOperands
office of financial research,EconomicOperands
immediate,EconomicOperands
transaction,EconomicOperands
favorable,EconomicOperands
fall,EconomicOperands
translation,EconomicOperands
believe,EconomicOperands
look-back,EconomicOperands
executed bilaterally,EconomicOperands
excessive speculation,EconomicOperands
financing,EconomicOperands
scheme,EconomicOperands
determines,RegulatoryOperators
act (12 u.s.c. 1467a(b)),LegalReferences
instant messages,EconomicOperands
with regards to,FunctionWords
proposed conversion,EconomicOperands
municipal securities rulemaking board,EconomicOperands
recording,EconomicOperands
stability-related,EconomicOperands
national credit union administration,EconomicOperands
determined,RegulatoryOperators
contrary,Other
beneficial,EconomicOperands
in general,FunctionWords
treated,RegulatoryOperators
providing personalized,EconomicOperands
procedural,EconomicOperands
consented,EconomicOperands
outstanding,EconomicOperands
strengthen,EconomicOperands
"demonstrated good faith effort, resolve",EconomicOperands
substantial,Attributes
substantive,EconomicOperands
sell,EconomicOperands
u.s,EconomicOperands
procurement,EconomicOperands
officers,EconomicOperands
housing and urban-rural recovery act of 1983,LegalReferences
client,EconomicOperands
conforming,Other
majority,EconomicOperands
entirety,EconomicOperands
subpena,EconomicOperands
chairman,EconomicOperands
comptroller of the currency,EconomicOperands
finding,EconomicOperands
contractual,EconomicOperands
voidable,EconomicOperands
added,Other
consulting,EconomicOperands
"december 6, 1997",Attributes
effecting,EconomicOperands
supporting materials relied,EconomicOperands
exempted,RegulatoryOperators
sponsored,EconomicOperands
plan,EconomicOperands
significant,Attributes
undertaken,EconomicOperands
accepting,EconomicOperands
acquired,EconomicOperands
in lieu of,LogicalConnectors
subparagraph,Other
stringency,EconomicOperands
clear,EconomicOperands
cover,EconomicOperands
unreasonable,EconomicOperands
traditional,EconomicOperands
divestiture,EconomicOperands
legal text,EconomicOperands
in conjunction with,FunctionWords
section 2(c)(2)(d),LegalReferences
bulletin,EconomicOperands
differentiate,EconomicOperands
sector,EconomicOperands
chapter 7,LegalReferences
12 u.s.c. 1464 note,LegalReferences
chapter 5,LegalReferences
rtc,Other
consult,EconomicOperands
accommodations,EconomicOperands
knowingly,EconomicOperands
session,EconomicOperands
businesses,EconomicOperands
renegotiate,EconomicOperands
multilateral,EconomicOperands
completion,EconomicOperands
additions,Other
reimbursable,EconomicOperands
judge,EconomicOperands
asset backed security,EconomicOperands
parameters,EconomicOperands
distributed,EconomicOperands
penalty,EconomicOperands
affiliations,EconomicOperands
contractually committed,EconomicOperands
knowledgeable,EconomicOperands
merged,EconomicOperands
invoke,EconomicOperands
permission,EconomicOperands
dependent,EconomicOperands
ceasing,EconomicOperands
imparted,EconomicOperands
reinvesting,EconomicOperands
"$50,000,000,000",Attributes
remedy,EconomicOperands
actions,EconomicOperands
theft,EconomicOperands
international,EconomicOperands
referencing,EconomicOperands
merchandise,EconomicOperands
target,EconomicOperands
commensurate,EconomicOperands
transitional,FunctionWords
retaliation,EconomicOperands
posting,EconomicOperands
investigate,EconomicOperands
prescribing,EconomicOperands
common,FunctionWords
recommendations,RegulatoryOperators
close out,EconomicOperands
named insureds,EconomicOperands
anticipate,EconomicOperands
assigned to,EconomicOperands
set,Other
disapproving,RegulatoryOperators
achieved,EconomicOperands
principal,EconomicOperands
startup,EconomicOperands
achieves,EconomicOperands
interstate acquisitions,EconomicOperands
individual,EconomicOperands
are,FunctionWords
commonwealth of puerto rico,EconomicOperands
materially,EconomicOperands
centralizing,EconomicOperands
preparation,EconomicOperands
threats,EconomicOperands
expert,EconomicOperands
exchange,EconomicOperands
coordination,EconomicOperands
respectively,FunctionWords
spoofing,EconomicOperands
narrow-based,EconomicOperands
conditions,EconomicOperands
adopt nationwide uniform,EconomicOperands
knowing,EconomicOperands
career reserved position,EconomicOperands
creating,EconomicOperands
"special advisory, technical",EconomicOperands
risk-based,EconomicOperands
sold,EconomicOperands
attention,EconomicOperands
correspondence,EconomicOperands
dividend,EconomicOperands
validated complaint,EconomicOperands
activities conducted,EconomicOperands
minimizing,EconomicOperands
full-time,EconomicOperands
tangible,EconomicOperands
license,EconomicOperands
appropriations,EconomicOperands
oversee,EconomicOperands
solely,LogicalConnectors
annual,EconomicOperands
minorities,EconomicOperands
sensitive,EconomicOperands
connection,EconomicOperands
became,EconomicOperands
rules of construction,Other
context,Other
testimony touching,EconomicOperands
long-term,EconomicOperands
mean,Other
whole,FunctionWords
finds,EconomicOperands
headed,EconomicOperands
reasons,EconomicOperands
3-year,Attributes
congestion,EconomicOperands
revised statutes of the united states,LegalReferences
reemployed annuitants,EconomicOperands
senior executive service,EconomicOperands
mission,EconomicOperands
nonfinancial,EconomicOperands
oral argument,EconomicOperands
decline,EconomicOperands
ensures,EconomicOperands
described,Other
publishing,EconomicOperands
calendar year preceding,EconomicOperands
create,EconomicOperands
acceptance,EconomicOperands
political,EconomicOperands
due,Attributes
successors-in-interest,EconomicOperands
reduction,EconomicOperands
subchapter,Other
initiation,EconomicOperands
maintenance,EconomicOperands
"accurate confirmation, processing, netting, documentation",EconomicOperands
subchapter iii,LegalReferences
territory,EconomicOperands
meeting,EconomicOperands
budgeted,EconomicOperands
generating,EconomicOperands
proprietary,EconomicOperands
transferring,EconomicOperands
based upon,EconomicOperands
deter,EconomicOperands
gao,EconomicOperands
understand,EconomicOperands
representative,EconomicOperands
bidding,EconomicOperands
"$10,000,000,000",Attributes
referrals,EconomicOperands
advocating,EconomicOperands
judicial,EconomicOperands
reliable,EconomicOperands
electronic mail,EconomicOperands
budget,EconomicOperands
deferred,EconomicOperands
good faith mistakes,EconomicOperands
behavior,EconomicOperands
formats,EconomicOperands
ferc,EconomicOperands
carry out,EconomicOperands
advising,EconomicOperands
owed,EconomicOperands
concurrently,EconomicOperands
keep books,EconomicOperands
wagering,EconomicOperands
binding,EconomicOperands
tests,EconomicOperands
encountered,EconomicOperands
100 percent,Attributes
commonly,FunctionWords
triple,Attributes
regulation d,LegalReferences
clerical,EconomicOperands
grant,EconomicOperands
wall street transparency and accountability act of 2010,LegalReferences
wherein,FunctionWords
shorter,Attributes
farm credit system,EconomicOperands
waived,EconomicOperands
copying,EconomicOperands
9,Attributes
predispute arbitration agreement,EconomicOperands
composition,EconomicOperands
higher,LogicalConnectors
restricting,RegulatoryOperators
contravene,EconomicOperands
currencies,EconomicOperands
temporary,EconomicOperands
comprehensive,EconomicOperands
negotiate,EconomicOperands
censure,EconomicOperands
solicited,EconomicOperands
levels,EconomicOperands
3(c)(7),LegalReferences
user,EconomicOperands
section 6c(d),LegalReferences
implementation,EconomicOperands
robust,Attributes
recent,EconomicOperands
lower,EconomicOperands
supersede,Other
database,EconomicOperands
studies,EconomicOperands
analysis,EconomicOperands
position reductions,EconomicOperands
no longer,Attributes
equal to,LogicalConnectors
regulating,EconomicOperands
withdraw,EconomicOperands
consistency,EconomicOperands
clears,EconomicOperands
entry,EconomicOperands
clearance,EconomicOperands
stating,EconomicOperands
thrift lenders,EconomicOperands
box office,EconomicOperands
judgments,EconomicOperands
examining,EconomicOperands
commodity trading adviser,EconomicOperands
competitive,EconomicOperands
reviewed,EconomicOperands
segregate,EconomicOperands
intervals,EconomicOperands
notional,EconomicOperands
elect,EconomicOperands
alternative,EconomicOperands
reliance,EconomicOperands
based,Other
discipline,EconomicOperands
settles,EconomicOperands
retirement,EconomicOperands
disseminate,EconomicOperands
advisers,EconomicOperands
workers,EconomicOperands
advertisements,EconomicOperands
federal agricultural mortgage corporation,EconomicOperands
exclusively,FunctionWords
large financial firms,EconomicOperands
governmental,EconomicOperands
internal,EconomicOperands
location,EconomicOperands
conclude proceedings,EconomicOperands
input,EconomicOperands
guarantees,EconomicOperands
submissions,EconomicOperands
complaint,EconomicOperands
victims,EconomicOperands
amended,Other
format,EconomicOperands
over-the-counter,EconomicOperands
showing,EconomicOperands
advocate,EconomicOperands
optimal structure,EconomicOperands
matters,FunctionWords
culturally,EconomicOperands
necessary,Attributes
projects,EconomicOperands
"june 1, 2010",Attributes
short title,Other
pertinent,EconomicOperands
submission,EconomicOperands
phased retirement,EconomicOperands
incidental,EconomicOperands
material anticompetitive burden,EconomicOperands
separately,EconomicOperands
collect,EconomicOperands
continue,EconomicOperands
motion picture,EconomicOperands
unsecured,EconomicOperands
10 business days,Attributes
uniform national database,EconomicOperands
senate,EconomicOperands
over-accumulation,EconomicOperands
imprisoned,EconomicOperands
global,EconomicOperands
economic,EconomicOperands
pricing,EconomicOperands
effective date,EconomicOperands
modernize,EconomicOperands
prosecutes,EconomicOperands
scale,EconomicOperands
describing,EconomicOperands
affects,EconomicOperands
decision,EconomicOperands
transactions,EconomicOperands
(12 u.s.c. 1831u(b)(4)(b)),LegalReferences
exceeding,LogicalConnectors
seller,EconomicOperands
fdic insured,EconomicOperands
discharge,EconomicOperands
eliminate,EconomicOperands
minimal,Attributes
exercising,EconomicOperands
inserting,Other
be,FunctionWords
varying,FunctionWords
resource package,EconomicOperands
consisting of,FunctionWords
continuing,EconomicOperands
agreement,EconomicOperands
nonbank,EconomicOperands
easily accessible,EconomicOperands
become,EconomicOperands
major,FunctionWords
2/3,Attributes
abroad,EconomicOperands
goods,EconomicOperands
violators,EconomicOperands
completing,EconomicOperands
range,EconomicOperands
regular,EconomicOperands
extensions,EconomicOperands
biennial,EconomicOperands
positive,EconomicOperands
netting agreement,EconomicOperands
recommended,EconomicOperands
amendment,Other
off-balance-sheet,EconomicOperands
computing resources,EconomicOperands
republication,EconomicOperands
abusive,EconomicOperands
within,LogicalConnectors
integral,EconomicOperands
appropriate,Attributes
primarily,Attributes
artifice,EconomicOperands
arbitrage,EconomicOperands
inventories,EconomicOperands
renewal,EconomicOperands
take effect,RegulatoryOperators
question,EconomicOperands
submit,EconomicOperands
accountability,EconomicOperands
consultation,EconomicOperands
grave,Attributes
suit,EconomicOperands
forward,EconomicOperands
analyze,EconomicOperands
sections,Other
high-risk trading,EconomicOperands
record,EconomicOperands
files,EconomicOperands
proper functioning,EconomicOperands
bond,EconomicOperands
interagency,EconomicOperands
governs,EconomicOperands
adjusting,EconomicOperands
functionally regulated subsidiaries,EconomicOperands
forwards,EconomicOperands
properly,Attributes
segregation,EconomicOperands
back pay,EconomicOperands
line,EconomicOperands
raising,EconomicOperands
posted,EconomicOperands
directed,RegulatoryOperators
licensees,EconomicOperands
requesting,EconomicOperands
american samoa,EconomicOperands
english translation,EconomicOperands
conferred,EconomicOperands
verification,EconomicOperands
in the alternative,LogicalConnectors
similar,FunctionWords
ordered,EconomicOperands
corrective,EconomicOperands
flow,EconomicOperands
unsafe,EconomicOperands
letter of credit,EconomicOperands
vice chairman,EconomicOperands
commercial firms,EconomicOperands
single,EconomicOperands
diverse,EconomicOperands
one year,Attributes
organizational,EconomicOperands
quality,EconomicOperands
denying,RegulatoryOperators
3 days,Attributes
streamlining,EconomicOperands
objection,EconomicOperands
overseeing,EconomicOperands
orderly,EconomicOperands
invalid,Attributes
preventing,RegulatoryOperators
collective bargaining agreement,EconomicOperands
generally describe,Other
subsistence,EconomicOperands
department,EconomicOperands
in lieu thereof),FunctionWords
order-matching,EconomicOperands
section 15a,LegalReferences
elements,EconomicOperands
generates,EconomicOperands
180 days,Attributes
prosecution,EconomicOperands
prepared,EconomicOperands
in favor of,FunctionWords
allowing,RegulatoryOperators
reinsurance,EconomicOperands
unenforceable,EconomicOperands
aggregated,EconomicOperands
structure,EconomicOperands
methodologies,EconomicOperands
28 days,Attributes
required,RegulatoryOperators
resolving,EconomicOperands
section 7a(c)(8),LegalReferences
2003,Attributes
ascertained,EconomicOperands
implied,EconomicOperands
broad,EconomicOperands
subclause,LegalReferences
having,FunctionWords
initiating,EconomicOperands
section 3(d)(1)(a),LegalReferences
preenactment,EconomicOperands
code,LegalReferences
issued,EconomicOperands
results,EconomicOperands
existing,EconomicOperands
shortcomings,EconomicOperands
broader,EconomicOperands
retesting,EconomicOperands
compact,EconomicOperands
excludes,Other
maturity offered,EconomicOperands
concerned,EconomicOperands
enjoined,EconomicOperands
ill-suited,Attributes
excluded,EconomicOperands
bureau of consumer financial protection,EconomicOperands
include,LogicalConnectors
resources,EconomicOperands
overlaps,EconomicOperands
jurisdiction,EconomicOperands
presently,Attributes
organizations,EconomicOperands
reserved,EconomicOperands
thereof has been,FunctionWords
avoid duplication,EconomicOperands
continued,EconomicOperands
categories,EconomicOperands
single type,EconomicOperands
timely,Attributes
antidisruptive,EconomicOperands
augment,EconomicOperands
central registration depository,EconomicOperands
transmission,EconomicOperands
positions,EconomicOperands
order issued,EconomicOperands
threat,EconomicOperands
registers,EconomicOperands
demonstrated,EconomicOperands
multilateral agreement,EconomicOperands
dealt,EconomicOperands
inspection,EconomicOperands
section 2(c)(2)(f),LegalReferences
logistics,EconomicOperands
housing act of 1948,LegalReferences
safeguards implemented,EconomicOperands
compensated,EconomicOperands
crop,EconomicOperands
licensed,EconomicOperands
recruitment,EconomicOperands
licenses,EconomicOperands
imposing prudential,EconomicOperands
inaccurate,EconomicOperands
software,EconomicOperands
plays,EconomicOperands
finds good,EconomicOperands
giving,FunctionWords
master agreement contains,EconomicOperands
marketed,EconomicOperands
expressed,EconomicOperands
manufactured,EconomicOperands
firms,EconomicOperands
principally invest,EconomicOperands
prime brokerage,EconomicOperands
exercise,EconomicOperands
body,EconomicOperands
avoids,EconomicOperands
led,EconomicOperands
voluntarily,EconomicOperands
degree,EconomicOperands
premium attributed,EconomicOperands
placing,EconomicOperands
workforce flexibility,EconomicOperands
prescribe,RegulatoryOperators
jointly,FunctionWords
delivering,EconomicOperands
objects,EconomicOperands
separation,EconomicOperands
others,EconomicOperands
consideration,EconomicOperands
education initiatives designed,EconomicOperands
implicit,EconomicOperands
extreme,EconomicOperands
settling,EconomicOperands
convert,EconomicOperands
engage,EconomicOperands
securing,EconomicOperands
receive,EconomicOperands
involved,EconomicOperands
overseen,EconomicOperands
leaving,EconomicOperands
closeout,EconomicOperands
evading,EconomicOperands
bachelors degree,EconomicOperands
resulting,EconomicOperands
oversees,EconomicOperands
principally,EconomicOperands
opinion,EconomicOperands
implement,EconomicOperands
makes,FunctionWords
maker,EconomicOperands
"$100,000,000",Attributes
composed,EconomicOperands
redesignated,Other
manage,EconomicOperands
addressed,EconomicOperands
names,EconomicOperands
accepting bids,EconomicOperands
apply,RegulatoryOperators
manipulate,EconomicOperands
pursuant to,FunctionWords
use,EconomicOperands
fee,EconomicOperands
securities-related,EconomicOperands
guideline,EconomicOperands
assuring,EconomicOperands
certified mail,EconomicOperands
vehicle,EconomicOperands
afforded,EconomicOperands
validated,EconomicOperands
proposed decision,EconomicOperands
defendant,EconomicOperands
possession,EconomicOperands
flexibilities,EconomicOperands
becomes,EconomicOperands
factor,EconomicOperands
occurred,EconomicOperands
carrying,EconomicOperands
dedicated legal,EconomicOperands
procuring,EconomicOperands
appointed,EconomicOperands
specifying trading,EconomicOperands
conversion implements,EconomicOperands
reducing,EconomicOperands
lapse,EconomicOperands
clients,EconomicOperands
participant creating,EconomicOperands
gross revenues,EconomicOperands
take into consideration,EconomicOperands
industrial,EconomicOperands
fulfill,EconomicOperands
closing,EconomicOperands
purports,EconomicOperands
indemnify,EconomicOperands
rehabilitation,EconomicOperands
prohibiting,RegulatoryOperators
providers,EconomicOperands
calculation,EconomicOperands
allowed,RegulatoryOperators
promotional,EconomicOperands
effectively,Other
fulfillment,EconomicOperands
employs,EconomicOperands
broad spectrum,EconomicOperands
actively seek,EconomicOperands
recklessly,EconomicOperands
individual prevailing,EconomicOperands
contempt,EconomicOperands
approved,EconomicOperands
nationwide,EconomicOperands
maturities,EconomicOperands
reverse repurchase agreement,EconomicOperands
broad-based eligibility,EconomicOperands
holds,EconomicOperands
traders,EconomicOperands
located,EconomicOperands
responsibilities,EconomicOperands
master agreements,EconomicOperands
hedgers,EconomicOperands
establishment,RegulatoryOperators
stock,EconomicOperands
profile,EconomicOperands
appropriation,EconomicOperands
timeframes,EconomicOperands
title 5,LegalReferences
written request,EconomicOperands
specifications,EconomicOperands
act,LegalReferences
collection,EconomicOperands
original appointment,EconomicOperands
abuse,EconomicOperands
recognizes,EconomicOperands
experienced shifts,EconomicOperands
section 10(c)(2),LegalReferences
institute,RegulatoryOperators
withhold votes,EconomicOperands
lines,EconomicOperands
processor,EconomicOperands
commodities,EconomicOperands
chief,EconomicOperands
advocates,EconomicOperands
legally binding,EconomicOperands
allow,RegulatoryOperators
quotations,EconomicOperands
discussion,EconomicOperands
furnish,EconomicOperands
preparing,EconomicOperands
15 days,Attributes
unlawful,Attributes
produces,EconomicOperands
institutional,EconomicOperands
revoke,EconomicOperands
interpreted,EconomicOperands
nonadmitted,EconomicOperands
comma,Other
(12 u.s.c. 1467a(m)(3)),LegalReferences
subpoenaed,EconomicOperands
agricultural,EconomicOperands
facilitates,EconomicOperands
voluntary pilot program,EconomicOperands
anonymously,EconomicOperands
permanent self-funding,EconomicOperands
treat,EconomicOperands
insofar as,LogicalConnectors
attributable to,FunctionWords
inclusion,LogicalConnectors
dispose,EconomicOperands
grand jury,EconomicOperands
united states court of appeals,EconomicOperands
interested parties,EconomicOperands
25 percent,Attributes
permanent,EconomicOperands
choose,EconomicOperands
covered,EconomicOperands
criminal,EconomicOperands
conformance,LegalReferences
2010,Attributes
violating,EconomicOperands
(12 u.s.c. 1464(b)(1)(b)),LegalReferences
later,FunctionWords
material,EconomicOperands
disrupted,EconomicOperands
resolve,EconomicOperands
hands,EconomicOperands
trade,EconomicOperands
day,EconomicOperands
strive,EconomicOperands
retained earnings,EconomicOperands
voting member,EconomicOperands
university,EconomicOperands
identified,FunctionWords
merge,EconomicOperands
transmitted,EconomicOperands
disregard,EconomicOperands
accompanied,EconomicOperands
identifies,EconomicOperands
30 days,Attributes
experienced,EconomicOperands
commonwealth,EconomicOperands
doing,FunctionWords
registration,EconomicOperands
administrator,EconomicOperands
related,FunctionWords
180-day,Attributes
depositor,EconomicOperands
frequency,EconomicOperands
in every case,LogicalConnectors
registrant,EconomicOperands
special,EconomicOperands
standardizing,EconomicOperands
category,EconomicOperands
acknowledgment,EconomicOperands
relate,EconomicOperands
enforceable,Attributes
wholly,EconomicOperands
centralized recordkeeping,EconomicOperands
impart,EconomicOperands
12 months,Attributes
subchapter ii,LegalReferences
real time,EconomicOperands
disclose,EconomicOperands
trade agreements program,EconomicOperands
proviso,Other
interactions,EconomicOperands
maintains,EconomicOperands
margined,EconomicOperands
offeror,EconomicOperands
promptly,Attributes
ministerial,EconomicOperands
ban,EconomicOperands
approaches,EconomicOperands
advisor,EconomicOperands
receipts,EconomicOperands
prevention,EconomicOperands
segregated,EconomicOperands
concerns,EconomicOperands
determining,EconomicOperands
subparagraphs,LegalReferences
keep,EconomicOperands
normal course,EconomicOperands
length,EconomicOperands
retain,EconomicOperands
secretary of the treasury,EconomicOperands
appropriateness,EconomicOperands
facilitate,EconomicOperands
domiciled,EconomicOperands
extraterritorial,EconomicOperands
owned,EconomicOperands
improving,EconomicOperands
improvements,EconomicOperands
proposing,EconomicOperands
owner,EconomicOperands
predispute arbitration agreements,EconomicOperands
policyholder protection,EconomicOperands
legislative,EconomicOperands
explain,EconomicOperands
long,EconomicOperands
deceptive,EconomicOperands
publication,EconomicOperands
privacy,EconomicOperands
extrinsic,EconomicOperands
foreign-based,EconomicOperands
detailing,Other
swap markets,EconomicOperands
adopted,Other
telephone calls,EconomicOperands
clearinghouses,EconomicOperands
intermediate,EconomicOperands
gather,EconomicOperands
cease and desist order,EconomicOperands
final,EconomicOperands
accompany,EconomicOperands
explanation,EconomicOperands
acquire,EconomicOperands
depressing,EconomicOperands
environmental,EconomicOperands
state-based,EconomicOperands
reflecting,EconomicOperands
manipulation,EconomicOperands
diminish,EconomicOperands
commence,EconomicOperands
plausible,EconomicOperands
hearings,EconomicOperands
collectively,EconomicOperands
readily susceptible,EconomicOperands
(15 u.s.c. 80a-1 et seq.),LegalReferences
submitted,EconomicOperands
limiting,RegulatoryOperators
treat functionally,EconomicOperands
bona fide,EconomicOperands
grandfathered,EconomicOperands
carries out,EconomicOperands
federally,EconomicOperands
negatively,Attributes
referral,EconomicOperands
descriptions,EconomicOperands
collecting,EconomicOperands
enforced,EconomicOperands
false,EconomicOperands
delay,EconomicOperands
federal deposit insurance act,LegalReferences
explicit,EconomicOperands
thereto,FunctionWords
based on,Other
have,FunctionWords
electric energy approved,EconomicOperands
written petition requesting,EconomicOperands
element,EconomicOperands
assurances,EconomicOperands
linked,EconomicOperands
prohibits,RegulatoryOperators
documents,EconomicOperands
sections 408,LegalReferences
attorney general,EconomicOperands
inform,EconomicOperands
"november 23, 2009",Attributes
purchasing,EconomicOperands
cross-border,EconomicOperands
issuing,EconomicOperands
sufficiency,EconomicOperands
subject,EconomicOperands
competence,EconomicOperands
home owners loan act,LegalReferences
accuracy,EconomicOperands
unless,LogicalConnectors
written explanation,EconomicOperands
procure,EconomicOperands
longer than,LogicalConnectors
full faith,EconomicOperands
different classes,FunctionWords
representation,EconomicOperands
device,EconomicOperands
undesignated matter,Other
intrinsic,EconomicOperands
why,LogicalConnectors
fair,EconomicOperands
statute,Other
deny,EconomicOperands
placement,EconomicOperands
consequences,EconomicOperands
insured,EconomicOperands
chief executive officer,EconomicOperands
collateral,EconomicOperands
section 4b,LegalReferences
request,EconomicOperands
crediting,EconomicOperands
12 u.s.c. 1818 note,LegalReferences
proceedings,EconomicOperands
fact,EconomicOperands
emerging,EconomicOperands
selection,EconomicOperands
agreed,EconomicOperands
supported,EconomicOperands
board of governors,EconomicOperands
centralized,EconomicOperands
vacancy,EconomicOperands
bring,EconomicOperands
planning,EconomicOperands
associate in risk management,EconomicOperands
agrees,EconomicOperands
staff,EconomicOperands
litigation,EconomicOperands
30 months,Attributes
cleared option,EconomicOperands
knowledge,EconomicOperands
voting shares,EconomicOperands
pressures,EconomicOperands
anti-manipulation,EconomicOperands
credited,EconomicOperands
in conformance with,RegulatoryOperators
internal treasury,EconomicOperands
entities,EconomicOperands
candidates,EconomicOperands
nonenforceability,EconomicOperands
employed,EconomicOperands
achieve,EconomicOperands
participant direction,EconomicOperands
regularly,Attributes
prosecute,EconomicOperands
insurance institute of america,EconomicOperands
as soon as practicable,Attributes
21 days,Attributes
bonds,EconomicOperands
prohibition,RegulatoryOperators
become effective,EconomicOperands
joint,EconomicOperands
buyer,EconomicOperands
entity,EconomicOperands
procedures,EconomicOperands
areas,EconomicOperands
misappropriate,EconomicOperands
processes,EconomicOperands
themself,Other
execution facilities,EconomicOperands
unauthorized,EconomicOperands
hiring,EconomicOperands
taxes,EconomicOperands
processed,EconomicOperands
allegation,EconomicOperands
contain,EconomicOperands
including,LogicalConnectors
fixed,EconomicOperands
conversions,EconomicOperands
available,EconomicOperands
unreasonable restraint,EconomicOperands
commercial firm,EconomicOperands
exists,EconomicOperands
affirmations,EconomicOperands
packer,EconomicOperands
national,EconomicOperands
respect,Other
matter de novo,Other
fictitious,EconomicOperands
computer,EconomicOperands
enhanced,EconomicOperands
operated,EconomicOperands
financing corporation,EconomicOperands
situation,EconomicOperands
imposition,EconomicOperands
reform,EconomicOperands
tend,EconomicOperands
premises,EconomicOperands
written,EconomicOperands
december 31,Attributes
dividends,EconomicOperands
trading volumes,EconomicOperands
comparable,EconomicOperands
sole,LogicalConnectors
producing,EconomicOperands
opening,EconomicOperands
deliver,EconomicOperands
agencies,EconomicOperands
interfere,EconomicOperands
implementing,RegulatoryOperators
job,EconomicOperands
advisability,EconomicOperands
approval,RegulatoryOperators
exclusion,EconomicOperands
restrictions,RegulatoryOperators
interpretations,EconomicOperands
exemptive,EconomicOperands
revoked,EconomicOperands
diligent,EconomicOperands
career,EconomicOperands
attached,EconomicOperands
invited,EconomicOperands
attributed,EconomicOperands
deferred shipment,EconomicOperands
investment advisers act of 1940,LegalReferences
national producer database,EconomicOperands
illiquid,EconomicOperands
separated,EconomicOperands
surplus lines,EconomicOperands
grounds,EconomicOperands
comment,EconomicOperands
disqualification,Other
adjusted,EconomicOperands
relevant,Attributes
subtitle,Other
trade reconstructions,EconomicOperands
15 u.s.c. 78c(a)(10),LegalReferences
"audit findings, self-reported errors",EconomicOperands
accredited,EconomicOperands
maximize,EconomicOperands
table,Other
ordinary course,EconomicOperands
withdrawn,EconomicOperands
excess insurance,EconomicOperands
affording,EconomicOperands
discrimination,EconomicOperands
copies,EconomicOperands
underlying,EconomicOperands
in the light of,FunctionWords
by virtue of,FunctionWords
elects,EconomicOperands
resolve disputes,EconomicOperands
indicators,EconomicOperands
proposal,EconomicOperands
recurring,EconomicOperands
18 months,Attributes
define,EconomicOperands
remedies,EconomicOperands
controlled,EconomicOperands
sufficient,Attributes
24 hours,Attributes
in accordance with,LogicalConnectors
protect,EconomicOperands
assert,EconomicOperands
adequacy,EconomicOperands
ensuring,RegulatoryOperators
confers,RegulatoryOperators
coordinated,EconomicOperands
last,Attributes
present,FunctionWords
advising special,EconomicOperands
therefor,FunctionWords
defining,EconomicOperands
advisors,EconomicOperands
expiration,EconomicOperands
owns,EconomicOperands
guaranteed,EconomicOperands
advisable,Attributes
total consolidated,EconomicOperands
60-day,Attributes
complied,EconomicOperands
external audit findings,EconomicOperands
resident,EconomicOperands
disapprove,RegulatoryOperators
security-based,EconomicOperands
disputants,EconomicOperands
partner,EconomicOperands
inspector,EconomicOperands
federal reserve act,LegalReferences
greater,LogicalConnectors
capture,EconomicOperands
denial,EconomicOperands
thereby,LogicalConnectors
third-party,EconomicOperands
administration,EconomicOperands
member,EconomicOperands
adverse,EconomicOperands
largest,LogicalConnectors
units,EconomicOperands
soundness,EconomicOperands
terrorism,EconomicOperands
nonprice,EconomicOperands
borrowed agreement,EconomicOperands
noncompliance,EconomicOperands
conflicting,EconomicOperands
reporting,EconomicOperands
exist novel,EconomicOperands
issuance,EconomicOperands
judgment,EconomicOperands
collar,EconomicOperands
identity,EconomicOperands
insure,EconomicOperands
appropriated,EconomicOperands
undertakes,EconomicOperands
promulgating,EconomicOperands
well,Attributes
17 c.f.r. 275.206(4)2,LegalReferences
patterns,EconomicOperands
personnel,EconomicOperands
by reason of,FunctionWords
position,EconomicOperands
memoranda,EconomicOperands
alaska native claims settlement act,LegalReferences
arising,EconomicOperands
meet,EconomicOperands
excessive,EconomicOperands
high-risk,EconomicOperands
compel,EconomicOperands
accurate,EconomicOperands
obtain,EconomicOperands
concluded,EconomicOperands
interim,EconomicOperands
books,EconomicOperands
day-to-day,EconomicOperands
protecting,EconomicOperands
skill,EconomicOperands
answer questions,EconomicOperands
section 10a,LegalReferences
committed to,EconomicOperands
rapid,EconomicOperands
transparent,EconomicOperands
simple,EconomicOperands
extends,EconomicOperands
exempt,RegulatoryOperators
adherence,EconomicOperands
possess,EconomicOperands
warrant,EconomicOperands
recklessly evades,EconomicOperands
identical,Attributes
disgorgement,EconomicOperands
global analyst research settlements,EconomicOperands
increased,EconomicOperands
assignable,EconomicOperands
severability,Other
execute,EconomicOperands
revenues generated,EconomicOperands
historic,EconomicOperands
know,Other
burden,EconomicOperands
supervise,RegulatoryOperators
immediately,Attributes
(12 u.s.c. 84(b)),LegalReferences
keeps books,EconomicOperands
insert,Other
department of labor,EconomicOperands
success,EconomicOperands
publicly traded,EconomicOperands
less than,LogicalConnectors
admitted,EconomicOperands
faca,LegalReferences
taxpayers,EconomicOperands
district of columbia,EconomicOperands
adopt nationwide,EconomicOperands
undertaking,EconomicOperands
divest,EconomicOperands
rescind,EconomicOperands
preclude,EconomicOperands
accessible,EconomicOperands
exceed,EconomicOperands
liquidation,EconomicOperands
guaranty,EconomicOperands
authority,EconomicOperands
actual damages,EconomicOperands
software containing,EconomicOperands
recommendation,EconomicOperands
proper,EconomicOperands
home,EconomicOperands
employment,EconomicOperands
recognition,EconomicOperands
assisting,EconomicOperands
6 months,Attributes
third parties,EconomicOperands
lead,EconomicOperands
sufficiently,Attributes
solicits,EconomicOperands
demonstrates,EconomicOperands
leveraged,EconomicOperands
interdependencies,EconomicOperands
overlap,EconomicOperands
manipulations,EconomicOperands
consents,EconomicOperands
assuming,EconomicOperands
7 years,Attributes
limitations,RegulatoryOperators
obey,EconomicOperands
comptroller general of the united states,EconomicOperands
schedule,EconomicOperands
authorizes,RegulatoryOperators
selecting,EconomicOperands
off-balance sheet,EconomicOperands
"$50,000,000",Attributes
pressure,EconomicOperands
expire,EconomicOperands
resources devoted,EconomicOperands
offset,EconomicOperands
wall street transparency and accountability act,LegalReferences
in no case,LogicalConnectors
analyses,EconomicOperands
substantive differences,EconomicOperands
periodically,Attributes
enhancements,EconomicOperands
payout,EconomicOperands
actual,EconomicOperands
carried,EconomicOperands
extension,EconomicOperands
balance sheet,EconomicOperands
universe,EconomicOperands
expel,EconomicOperands
physical deliveries,EconomicOperands
unusually lengthy,EconomicOperands
parental leave,EconomicOperands
insufficient,Attributes
securitize,EconomicOperands
revise,EconomicOperands
executives,EconomicOperands
successor,EconomicOperands
own,FunctionWords
fourth day,Attributes
creativity,EconomicOperands
december 2008,Attributes
closing ranges,EconomicOperands
assess,EconomicOperands
weather,EconomicOperands
lawful,EconomicOperands
(12 u.s.c. 1467a(e)(2)),LegalReferences
managing,EconomicOperands
utility,EconomicOperands
convicted,EconomicOperands
prudent,Attributes
additional,EconomicOperands
12 u.s.c. 1812 note,LegalReferences
disapproval,RegulatoryOperators
intention,EconomicOperands
accountant,EconomicOperands
self-reported,EconomicOperands
commodity exchange act,LegalReferences
terminates,EconomicOperands
foia,EconomicOperands
qualified thrift lender,EconomicOperands
fiscal,EconomicOperands
nonbanks,EconomicOperands
buy,EconomicOperands
assistant secretary,EconomicOperands
insurer,EconomicOperands
directing,EconomicOperands
overlapping,EconomicOperands
delivery,EconomicOperands
collected,EconomicOperands
buy-to-cover,EconomicOperands
automated,EconomicOperands
backstop,EconomicOperands
highest,Attributes
constitute,EconomicOperands
made,FunctionWords
financial statements,EconomicOperands
whether,LogicalConnectors
official,EconomicOperands
signed,EconomicOperands
resolved,EconomicOperands
placed,EconomicOperands
converted,EconomicOperands
affirmance,EconomicOperands
invest,EconomicOperands
demonstrate,EconomicOperands
informational,EconomicOperands
firm,EconomicOperands
marketplace,EconomicOperands
speculators,EconomicOperands
inadequate,Attributes
contribute,EconomicOperands
dissemination,EconomicOperands
continuing eligibility,EconomicOperands
resumption,EconomicOperands
"committee on agriculture, nutrition, and forestry",EconomicOperands
duplicative,EconomicOperands
education,EconomicOperands
pit,EconomicOperands
proceeds,EconomicOperands
effected,EconomicOperands
mutual,EconomicOperands
revocation,EconomicOperands
contest,EconomicOperands
initiating negotiations,EconomicOperands
claiming,EconomicOperands
fraudulent,EconomicOperands
book,EconomicOperands
witness,EconomicOperands
branch,EconomicOperands
predominant,Attributes
conclusion,EconomicOperands
thereafter,FunctionWords
variation,EconomicOperands
stay,EconomicOperands
intermediate holding company,EconomicOperands
insureds,EconomicOperands
administrative law judge,EconomicOperands
extinguishing,EconomicOperands
appoint,EconomicOperands
pools,EconomicOperands
recruit individuals,EconomicOperands
portion,EconomicOperands
theretofore,FunctionWords
pension,EconomicOperands
determination,EconomicOperands
indirectly,Attributes
disruptive,EconomicOperands
