limited,Attributes
quorum call,EconomicOperands
code,EconomicOperands
consider,FunctionWords
ceases,FunctionWords
issued,FunctionWords
facilities,EconomicOperands
chair,EconomicOperands
decisions,EconomicOperands
eligible,Attributes
pledged,FunctionWords
ranking members,EconomicOperands
passage,EconomicOperands
charge,FunctionWords
program,EconomicOperands
include,FunctionWords
oversight,FunctionWords
case,FunctionWords
incurs,FunctionWords
far,FunctionWords
updates,FunctionWords
be decided,FunctionWords
timely,Attributes
recommit,FunctionWords
notes,EconomicOperands
list,EconomicOperands
applicable,Attributes
personal privacy,EconomicOperands
race,FunctionWords
employees,EconomicOperands
has provided,FunctionWords
leaders,EconomicOperands
findings,FunctionWords
consistent,Attributes
likely,FunctionWords
shall be kept,FunctionWords
financial assistance,EconomicOperands
established,FunctionWords
assistance,FunctionWords
current,Attributes
version,FunctionWords
90-day,Attributes
ensure protection,FunctionWords
exercise,FunctionWords
collateral,EconomicOperands
deemed,FunctionWords
justification,FunctionWords
exchange,EconomicOperands
eligibility,FunctionWords
prescribe,FunctionWords
orderly fashion,Attributes
protection,EconomicOperands
address,FunctionWords
represented,FunctionWords
consideration,FunctionWords
preamble,LegalReferences
appears,FunctionWords
section 11b,LegalReferences
borrowers,EconomicOperands
exemption,EconomicOperands
items,EconomicOperands
has been,FunctionWords
expedited,FunctionWords
prior,Attributes
amount,EconomicOperands
action,FunctionWords
changes,FunctionWords
presidents,EconomicOperands
enactment,FunctionWords
companion measures,EconomicOperands
names,EconomicOperands
apply,FunctionWords
auditing,EconomicOperands
establish,FunctionWords
use,FunctionWords
proceed,FunctionWords
foia exemption,EconomicOperands
net loss,EconomicOperands
administering,FunctionWords
type,FunctionWords
authorization,RegulatoryOperators
becomes,FunctionWords
maiden lane,EconomicOperands
approving,FunctionWords
commenced,FunctionWords
carrying,FunctionWords
chief executive officer,EconomicOperands
had been,FunctionWords
known,FunctionWords
introduced not,FunctionWords
appointed,Attributes
behalf,FunctionWords
rulings,EconomicOperands
remain,FunctionWords
paragraph,LegalReferences
determining,FunctionWords
ranking member,EconomicOperands
convene not,FunctionWords
meant,FunctionWords
section 507(a)(2),LegalReferences
december,EconomicOperands
organized,FunctionWords
currency,EconomicOperands
occur,FunctionWords
guarantee,EconomicOperands
end,FunctionWords
confidential,Attributes
provide,FunctionWords
secured,FunctionWords
utilize,FunctionWords
be followed,FunctionWords
necessary,Attributes
had been received,FunctionWords
establishment,FunctionWords
earlier,Attributes
designed,FunctionWords
date,EconomicOperands
president,EconomicOperands
realized,Attributes
natural,Attributes
mitigate,RegulatoryOperators
documentation,LegalReferences
borrowing,EconomicOperands
responsibility,Attributes
order,FunctionWords
open market transaction,EconomicOperands
operations,EconomicOperands
executed,FunctionWords
webpage,EconomicOperands
move,FunctionWords
soon,FunctionWords
entity,EconomicOperands
held,FunctionWords
committee,EconomicOperands
supervisory functions,EconomicOperands
disagreed,FunctionWords
discloses,FunctionWords
not be referred,FunctionWords
revenue,EconomicOperands
24 months,EconomicOperands
labor,EconomicOperands
nonpublic,Attributes
copies,EconomicOperands
subparagraph,LegalReferences
2010,EconomicOperands
connection therewith,FunctionWords
recipients,EconomicOperands
introduce,FunctionWords
not,FunctionWords
day,EconomicOperands
10 hours,EconomicOperands
enacted,FunctionWords
term,FunctionWords
repayment,EconomicOperands
has been disagreed,FunctionWords
gramm-leach-bliley act,LegalReferences
personal information,EconomicOperands
referred,FunctionWords
prohibit,RegulatoryOperators
facilities maiden lane,EconomicOperands
financial,EconomicOperands
house,EconomicOperands
inspector general,EconomicOperands
receipt,EconomicOperands
calendar day,EconomicOperands
related,FunctionWords
financial statements,EconomicOperands
books,EconomicOperands
backup special,Attributes
year,EconomicOperands
agriculture,EconomicOperands
special,Attributes
take action,FunctionWords
projected,Attributes
participants,EconomicOperands
rule xxii,LegalReferences
postpone,FunctionWords
governing,RegulatoryOperators
members,EconomicOperands
beginning,FunctionWords
onsite,Attributes
advance,EconomicOperands
created,FunctionWords
broad-based,Attributes
motion,EconomicOperands
conducted,FunctionWords
place,EconomicOperands
incorporated,FunctionWords
section 714(d),LegalReferences
assign,FunctionWords
appeals,EconomicOperands
striking,FunctionWords
clause,LegalReferences
thereof,FunctionWords
not disclose,FunctionWords
notify,FunctionWords
directly,Attributes
fees,EconomicOperands
vote,EconomicOperands
corporations,EconomicOperands
message,EconomicOperands
financial reporting,EconomicOperands
legislative,Attributes
eighth calendar quarter,EconomicOperands
exists,FunctionWords
introduction,FunctionWords
carry,FunctionWords
priority,FunctionWords
be divided,FunctionWords
final,Attributes
adjourned,FunctionWords
completed,FunctionWords
extensions,EconomicOperands
be deposited,FunctionWords
companion measure,EconomicOperands
determines,FunctionWords
accordance,FunctionWords
require,RegulatoryOperators
transferred,FunctionWords
matter,EconomicOperands
mitigating,RegulatoryOperators
providing,FunctionWords
solely,FunctionWords
time period,EconomicOperands
outstanding,Attributes
lines,EconomicOperands
recessed,FunctionWords
manner,FunctionWords
have,FunctionWords
maiden lane ii,EconomicOperands
shall be,FunctionWords
calendar quarter,EconomicOperands
officers,EconomicOperands
conforming,FunctionWords
majority,EconomicOperands
potential,Attributes
chairman,EconomicOperands
release date,EconomicOperands
unsecured,Attributes
transactions,EconomicOperands
approves,FunctionWords
paid,FunctionWords
delayed,Attributes
plan,EconomicOperands
significant,Attributes
assisting,FunctionWords
placement,FunctionWords
request,EconomicOperands
certification,EconomicOperands
agreed,FunctionWords
pursuant,EconomicOperands
ending,FunctionWords
be repaid,FunctionWords
concurs,FunctionWords
inconsistent,Attributes
executive compensation,EconomicOperands
debate,EconomicOperands
litigation,LegalReferences
30 months,EconomicOperands
unfinished,Attributes
title,LegalReferences
only,FunctionWords
dodd-frank wall street reform,EconomicOperands
subsection,LegalReferences
treasury,EconomicOperands
employee,EconomicOperands
borrowed,FunctionWords
economic distress,EconomicOperands
financial stabilization,EconomicOperands
be redacted,FunctionWords
means,FunctionWords
effectively represents,FunctionWords
designated,FunctionWords
borrower,EconomicOperands
report,EconomicOperands
procedures,EconomicOperands
committees,EconomicOperands
urban affairs,EconomicOperands
borrow,FunctionWords
remove,FunctionWords
freedom of information act,LegalReferences
contain,FunctionWords
release,FunctionWords
net realized,Attributes
third undesignated,FunctionWords
inappropriately,Attributes
mandatory,RegulatoryOperators
motions,EconomicOperands
reference,LegalReferences
national,Attributes
sex,FunctionWords
individual,EconomicOperands
are,FunctionWords
are needed,FunctionWords
calendar,EconomicOperands
materially,Attributes
subject,FunctionWords
fails,FunctionWords
federal,EconomicOperands
4th day,EconomicOperands
representatives,EconomicOperands
written,Attributes
identification,EconomicOperands
conditions,EconomicOperands
supersedes,FunctionWords
available,Attributes
notice,EconomicOperands
undesignated,Attributes
terms,EconomicOperands
ability,FunctionWords
improve how,FunctionWords
dividends,EconomicOperands
extent,FunctionWords
approval,FunctionWords
lawsuit,LegalReferences
improve,FunctionWords
received,FunctionWords
protect,FunctionWords
administrative action,EconomicOperands
annual,Attributes
equal,Attributes
designees,EconomicOperands
participating,FunctionWords
connection,FunctionWords
receives,FunctionWords
receiver,EconomicOperands
vice chairmen,EconomicOperands
requests,FunctionWords
duty,EconomicOperands
relevant,Attributes
material terms,EconomicOperands
prepared,FunctionWords
color,FunctionWords
period,EconomicOperands
6 months,EconomicOperands
financial firms,EconomicOperands
unusual,FunctionWords
described,FunctionWords
basis,FunctionWords
discrimination,FunctionWords
create,FunctionWords
due,FunctionWords
has had,FunctionWords
economic conditions,EconomicOperands
change,FunctionWords
expected,Attributes
website,EconomicOperands
sufficient,Attributes
lendable,Attributes
determination,FunctionWords
be considered,FunctionWords
sound,Attributes
commerce,EconomicOperands
has,FunctionWords
publicly,Attributes
examine,FunctionWords
petition,EconomicOperands
involved,FunctionWords
aid,FunctionWords
counterparties,EconomicOperands
convene not later,FunctionWords
study,FunctionWords
procedure,EconomicOperands
be submitted,FunctionWords
participant,EconomicOperands
make,FunctionWords
same,Attributes
member,EconomicOperands
speaker,EconomicOperands
(3)(a),LegalReferences
7 days,EconomicOperands
entitled,FunctionWords
section 13(3),LegalReferences
meets,FunctionWords
used,FunctionWords
counterparty,EconomicOperands
governors,EconomicOperands
issuance,EconomicOperands
internal controls,EconomicOperands
identity,EconomicOperands
transaction,EconomicOperands
programs,EconomicOperands
charges,EconomicOperands
severe,Attributes
termination,RegulatoryOperators
arising,FunctionWords
taxpayer,EconomicOperands
has adjourned,FunctionWords
actions,FunctionWords
standing rules of the senate,EconomicOperands
identify,FunctionWords
nondisclosure,Attributes
coordination,EconomicOperands
previous,Attributes
adding,FunctionWords
third-party contractors,EconomicOperands
had,FunctionWords
treatment,FunctionWords
guarantees,EconomicOperands
administrative,Attributes
aspects,FunctionWords
amended,RegulatoryOperators
be received,FunctionWords
involuntary,Attributes
execute,FunctionWords
immediately,Attributes
recipient,EconomicOperands
debatable,Attributes
imposed,FunctionWords
submission,EconomicOperands
identifying,FunctionWords
follows,FunctionWords
effective date,EconomicOperands
specific,Attributes
individuals,EconomicOperands
not later,FunctionWords
borrows,FunctionWords
security,EconomicOperands
amendment,FunctionWords
be made,FunctionWords
senate,EconomicOperands
creed,FunctionWords
resolving clause,EconomicOperands
recommendation,FunctionWords
duration,EconomicOperands
home,EconomicOperands
be deemed,FunctionWords
recognition,FunctionWords
taxpayers,EconomicOperands
proceeding,EconomicOperands
rulemaking,EconomicOperands
avoid,RegulatoryOperators
constitutional right,EconomicOperands
eliminate,FunctionWords
leader,EconomicOperands
broad-based eligibility,Attributes
inserting,FunctionWords
be,FunctionWords
reasonable,Attributes
repository,EconomicOperands
offset,FunctionWords
relating,FunctionWords
authorized officer,EconomicOperands
there are,FunctionWords
conducting,FunctionWords
actual,Attributes
balance sheet,EconomicOperands
industry,EconomicOperands
meaning,FunctionWords
30 days,EconomicOperands
ensure,FunctionWords
practicable,FunctionWords
act,EconomicOperands
insufficient,Attributes
warrants,EconomicOperands
nongovernmental,Attributes
holding companies,EconomicOperands
assess,FunctionWords
appropriate,EconomicOperands
references,LegalReferences
terminated,FunctionWords
authorizes,FunctionWords
additional,Attributes
housing,EconomicOperands
disposed,FunctionWords
consultation,EconomicOperands
authorized,FunctionWords
deposited,EconomicOperands
was,FunctionWords
appointing,FunctionWords
complete,FunctionWords
form,FunctionWords
excess funds,EconomicOperands
does not have,FunctionWords
collected,FunctionWords
satisfactorily,Attributes
filed,FunctionWords
introduced not later,FunctionWords
made,FunctionWords
full,Attributes
maximum,Attributes
7th day,EconomicOperands
associated,FunctionWords
cover,FunctionWords
general,EconomicOperands
proper,Attributes
single,Attributes
accounting,EconomicOperands
amendments,EconomicOperands
assessing,FunctionWords
floor,EconomicOperands
amounts,EconomicOperands
corporation,EconomicOperands
nonredacted,Attributes
application,EconomicOperands
conclusion,FunctionWords
requested,FunctionWords
are waived,FunctionWords
reconsider,FunctionWords
congress,EconomicOperands
provided,FunctionWords
update,FunctionWords
be placed,FunctionWords
are necessary,FunctionWords
maiden lane iii,EconomicOperands
operational integrity,EconomicOperands
required,RegulatoryOperators
resolving,FunctionWords
third party,EconomicOperands
2007,EconomicOperands
time,EconomicOperands
serious,Attributes
decision,FunctionWords
calendar days,EconomicOperands
