SOONTOBEREVISED;1
ENTLY;3
PREDICTION;1
DELAY;4
POSTSALES;1
EMPHASIZE;3
OVERWHELMING;1
EFFORT;16
LAST;28
HTTP//WWWUNORG/ESA/FFD/WPCONTENT/UPLOADS/2016/10/12STM_;1
✓✓✓;4
4	FURTHER;1
BAMIDELE;1
SPE;4
TAINTY;2
DESIGNRELATED;1
PRORATED;2
MEASURES”;2
TIMEFRAME;2
COMPLETENESS;1
SOVEREIGNTY;3
BOOST;1
PROBABLE;4
	EVOLUTION;1
OPCO’S;3
RECIPROCAL;1
ORGANISATION87;1
REMU;3
NINTH;1
ORIENTED;3
CREDAF;1
REME;1
HAPPENED;4
VENT;1
ACCORD;11
MULTITIERED;1
BEN;3
COMPILED;2
CIAL;24
PRODUCT’S;1
NO1;1
SIZING;1
PROBABILITY;7
D	INTRODUCTION;1
MINIMIZE;20
RESTATEMENT;2
TRANSCRIPTION;1
NANCE;1
AUTHORITIES31;1
CAPITALISATION;1
TRANSFERRING;3
PATIENCE;1
YARDSTICK;1
NON;2
RITY;2
MATCHES;1
FURTHERED;1
“ENHANCED;1
AFFIRMATIVELY;1
PAGES;1
LAWSUIT;2
MATCHED;2
PLAYERS;3
HTTP//WWW;1
APPENDIX;5
PROMOTION;11
REFUSE;1
UNIT/;1
EVALU;1
ONTHEJOB;3
CROSSLICENSING;1
20000—FOR;1
ARTI;2
MERCIAL;1
“TRANSFER;7
DIVI;3
EQUALFOOTING;1
DIVERGENCE;3
GANIZATION;1
CONSORTIA;1
91;5
93;2
92;5
95;3
97;1
96;1
UNDERVALUED;4
SHIPPING;12
EDS;2
OWED;2
INTELLIGENCE;11
DISAGREEMENT;2
PROCEEDINGS;5
MIROUDOT;1
TAX/TRANSFERPRICING/PDF;1
ADMINIS;18
AIDED;1
LA;2
LI;1
PRESENTS;7
HEAD;12
EXAMINER;7
CONSOLI;4
MISUNDERSTANDING;1
HEAV;1
PRESCRIPTIVE;2
SUBJECTMATTER;1
CFO;4
IMF/OECD/UN/WBG;2
COMMERCIALIZED;1
CFC;13
PRICE/VALUE;1
TRADITIONS;1
CHALLENGED;8
INFORMING;2
CONTAIN;19
	OPCO;1
CONSTRUED;1
PANTS;1
VICES;4
CORRESPONDENCE;4
CóDIGO;1
MINES;1
ARBITRA;3
RENDERS;1
LOSING;3
MINED;4
ACCOMMODA;1
RELIA;5
YEATS;1
INTERVIEWEE;2
INTERVIEWED;3
OTHER’S;3
ORG/1787/9789264241480EN;1
“THE;12
BARRIERS;1
APA;116
DISAGREE;4
TOPICS/KEYISSUES/REVENUEPACKAGE/~/MEDIA/36DE1A4DC54B47109514FFCD;1
NONREGISTERED;2
“ANY;1
“UPSTARTS”;1
PHOTOGRAPHIC;1
ANNOUNCED;2
COLLEAGUES;5
ENVISIONED;2
ASSEMBLER;1
B31;1
PROFIL;1
RESTRICTIVE;2
UCTS;8
ASSEMBLED;9
CSA;3
DELINEATION;6
PAYS;5
	23;3
CELEX3A52015DC0302;1
EXTENSIVELY;4
VISITS;2
	27;1
LIAISON;1
GUISH;1
1970S;2
ANCILLARY;9
SIGNED;7
ADVANCE	PRICING	AGREEMENTS	ARE	DISCUSSED	IN	PARAGRAPH;1
INITIATE;6
WATCHED;1
POISED;1
HIGHLEVEL;4
NATIONWIDE;2
“DISCOUNTED;1
“INBOUND;3
ORGANIZATIONAL;14
HIGHLIGHT;1
RATIO48;1
ALTERING;1
HAYSTACK;1
LANZ;1
MARKETBASED;1
“LIFE;2
EMBOD;1
HAMID;1
INSTRUCTS;1
“OUTSID;1
CHANG;1
PIECE;3
“BOUGHTIN”;1
50000—IN;1
“BURDEN;1
SPEED;1
–;19
AUGUST;2
“MAP”;1
COMPLAINTS;1
UNDERESTIMATE;2
PURSUES;1
OBSERVATIONS/RECOMMENDATIONS;1
PREVAILS;1
INSIGHT;1
INTANGIBLES	591;1
UNDERCHARGING;1
EXHAUSTIVELY;1
	COST;1
“NOTIFICATION;2
OUTCOMES15;1
C1124;1
MULTITUDE;1
INSTALLATIONS;1
SKILLS;25
CREATIVE;1
TARY;2
ATMOSPHERE;1
10A;1
MONITORED;1
DEBATES;3
“PACKAGE;1
DEBATED;1
STANDING;3
JECT;2
CO”;1
MARILY;1
CERTAINLY;3
RESENT;1
SEND;5
INSTITU;1
ODS”;1
TAXPAYER?;2
SUPPLYING;2
PREESTABLISHED;1
USEFULLY;2
REOR;1
NONPROFIT;1
DISCRETIONS;4
REDUNDANCY;1
COMPARABLE’S;3
STARTED;8
UNJUSTIFIED;3
IMATELY;2
MACROECONOMIC;1
INITIATION;1
“UNCONTROLLED”;1
COOPERATIVE;19
PDF/TOPICS/KEYISSUES/REVENUEPACKAGE/15_WCOGUIDETOCUSTOMS;1
CYCLE”;1
STARTER;1
CONSUL;1
DISCLO;1
GREW;2
BCO’S;13
HTTP//WWWUNORG/ESA/FFD/TAX/GMAP/GUIDE_MAPPDF;1
ENFORCEABILITY;1
AUTHORIZATION;1
COMPLICATES;1
PSM;3
OPENING;2
RECRUITING;1
MILLENNIUM;1
PROPOSE;4
BCO;8
PREREQ;1
TIZE;1
ITAT;1
EXPANDS;1
EXPAND;8
101;1
MUTUALLY;2
NRP—20;1
NEGOTI;1
UNFORESEEABLE;1
WITNESSED;1
DUPLICA;1
PREVENTATIVE;2
	RATIONALE;1
TREES;3
OBJECTIVELY;1
SITE/TAXNEWSFLASH/TP/2011/TNFTP11_02EGYPTHTML;1
QUALI;3
EXTERNALIZING;1
ERED;9
STRUC;5
SENTATIVE;1
FIDENTIALITY;1
INTANGIBLES/;1
WASHING;2
HARMONIZATION;1
LOBBYING;1
DICTATES;1
LOWING;1
DOWNLOADED;1
TAINING;2
THRESH;2
LOT;2
5050;2
LEMS;2
POLIT;1
JUAN;1
UNDULY;3
RECRUITMENT;3
YIMIN;1
CRAFTED;1
RESTRUCTURED;2
RETURNED;1
RECUR;1
NATION;10
CARRIES;16
UPON105;1
RESTRUCTURES;1
SUBSTITUTION;1
NETADVANTAGE;1
HTTP//ECEUROPAEU/TAXATION_CUS;1
CABILITY;1
GUATEMALA;1
CLASSIFY;1
NISMS;2
SIMPLIFI;1
SCRUTINIZED;1
DRP;4
ROMAN;1
CONE;1
SIZES;2
INTERESTFREE;1
SETTLE;1
HANDBOOK;2
INTENSIFY;1
THELESS;1
EXPLORES;1
HTTP//WWWIRSGOV/PUB/IRSUTL/PATA_;1
NEEDLE;1
INSIST;1
“CULTURE”;1
FORM”;1
SOUGHT;14
ERNST;1
ARRANGEMENTS”;1
PACKS;1
RISK—THERE;1
HONDURAS;1
DEALERS;4
ACTION”;1
SATISFACTION;1
	COMPARABILITY;4
LOWMARGIN;2
ARGENTINA59;1
SOUNDS;1
YIELDED;1
DISPUTES32;1
AUTHORIZES;1
SCHEMES;5
PARTY’S;8
ACTIVITIES	589;1
“EX;2
SIONDRAFTATOOLKITFORADDRESSINGDIFFICULTIESINACCESSINGCOMPARABLES;1
TOPICS;4
AIDING;1
CAPI;7
CAPA;3
WASEDA;1
HTTP//UNCTADORG/EN/PAGES/PUBLICATIONARCHIVEASPX?;1
“JUSTIN;2
CUSTOMS;47
CONSULTED;5
HIER;1
ENTHUSIAS;1
B138;1
FOCUSSED;4
RECRUITS;1
RENEWAL;2
BELONGS;7
AFFILIATE;9
MOTORCYCLE;5
BOX”;5
EVALUATES;4
GRASS;1
AUTOMATICALLY;9
“STANDARD;1
COUNTRY’S;35
DEFINITE;1
19760;3
DIARY;1
MICROPROCESSOR;2
ARRAY;1
HTTP//WWWOECDORG/TAX/BEPS/BEPSACTIONSHTM;1
ADMIN;34
JAPANESE;12
EXTRAORDINARILY;1
FRESH;3
CIPAL;1
4600;1
DETERRENCE;3
REWRITE;1
DISSEMINATED;1
GOING;3
SAVING/PROFIT;1
DUTY;9
LOWERING;2
CONFIDENTIAL;10
MEDICAL;1
YOUNG;1
ONWARDS;1
RECORDKEEPING;2
SIONAL;1
ADVANTAGEOUS;3
NISM;2
SUBSID;2
VALUES127;1
NISE;1
PROVIDING57;1
ICANCE;1
NORMS;2
INDICATING;4
OBLIGA;2
DISCOUNTING;3
EPILOGUE”;1
DEBATE;2
TRATE;1
FYING;4
PRICING?;2
SALESPERSONS;1
B	IN;1
BRASILIA;1
INTERMEDIARY”;1
PRACTI;2
THERETO;2
FEDERACIóN;1
TOMERS;2
PANELS;1
BUDGETED;9
PUBLISHERS;1
SIMPLI;1
IRRATIONAL;3
CARTS;1
HARDWARE;2
SCREENING;39
FIRMS;14
REPATRIATED;1
WELCOMES;2
MAP_GUIDANCE__FINALPDF;1
÷;6
LIMITATIONS”;2
RECURRING;2
SKEW;1
SEARCHING;5
810;3
REVISITING;1
HOTELS;2
817;1
TOPICAL;1
GOVERN;3
VAT;4
COUNTRYBY;1
UNANSWERED;1
ASSOCIATION’S;1
TAPE;1
EXTERNAL/PUBS/NFT/OP/215/;1
INFORMATIONINTENSIVE;1
DITIOUSLY;1
DISTORT;2
MANIPULATING;1
INSTRUCTIONS;3
PROVISIONS89;1
C	CASE;1
RENDERING;1
MOVERS;1
ACCOUNTANTS;3
EMPHASIZING;1
REFRAINED;1
TIONAL;39
ASSUMP;3
CONTRACTS—WHICH;1
NEGOTIATIONS;8
COMPILATION;1
DEVELOPMENT	AND	IMPLEMENTATION	OF	CLIENT	SATISFAC;1
HOULE;1
ANALYZ;1
MR;4
PESSOA;1
ANALYT;1
SERVICES?;5
READ;6
TEMPO;1
SUITS;1
MIND”;2
MAY—FOR;1
GPMV;3
PROFITMAKING;1
ROK;1
REPRE;4
WELLESTABLISHED;2
BOOSTS;1
REAS;1
PLANTS;2
EXECUTIVE;1
CUSTOMIZED;3
27000;1
UNIQUENESS;1
NONTRANSFER;2
2DAY;1
CUSTOMIZES;1
PRINCIPALS;1
CONTEND;4
EMERGING;8
ERATION;4
MATERIALIZ;1
DISPOSALS;1
MATERIALIS;1
INTRODUCTION	395;1
B/EMEA;1
PERSONAL;10
PRICINGRELATED;2
ACCESSED;4
SERVICESE;1
PUR;2
TRANSACTIONS56;1
HTTP//EURLEXEUROPAEU/;1
DESCRIBE;10
OVERRELIANCE;1
BAD;2
CIES;5
DEPLOYED;3
LOWFUNCTIONING;1
INDICATED;3
“CAPITAL”;1
REGIONALLY;1
MAINTENANCE/EXPANSION;1
FULLYOWNED;1
INDICATES;6
ACADEMIA;2
ASSURANCE;2
CONTRASTS;1
HAPPENING;1
SESSIONS;3
NY’S;3
FER_PRICING/FORUM/JTPF/2012/JTPF_CCA_REPORT_ENPDF;1
PLAYER;1
PARTIES38;1
LEAGUE;1
PROFITRELATED;1
RISES;2
23I;1
“FAIR;1
201216;1
AROSE;2
CLUSTERED;1
GUIDELINES”;1
OVERT;1
GUIDELINES’;2
UNCTAD;6
LIM;1
ROYAL;2
QUALITIES;1
CORPORATIONS;6
B	TRANSACTIONAL;1
ADMINISTRA;25
—DOCUMENTATION;1
RECONSTRUCTED;1
STANDARD90;1
ENERGY;10
TECHNIQUE;1
OBLI;2
CHOICES;4
EDITORIAL;1
GRADINGS;1
FN7;1
WISE;3
LIC/GLOBAL/PDF/TOPICS/FACILITATION/INSTRUMENTSANDTOOLS/TOOLS/CUSTOMSTAX;1
GIAMMARCO;2
UNREASONABLE;4
UNREASONABLY;1
ORGANIZATIONS;19
BACKWARDS;2
PLETHORA;1
NONENGLISH;1
PEAK;2
MARCH;5
AMENDED;6
AGREEMENT’;1
TODAY’S;2
MATERIALS/DATABASES;1
COMPETENT;58
OBSERVATION;2
MULTILATERALLY;1
TRANSACTIONS”;8
13”;1
ADVISING;2
PATENTED;2
HAVEN;2
MULTILAT;1
ATE;17
DRAWS;2
FIRSTROUND;1
TREATIES;57
DRAWN;3
MERE;9
GLOBAL/REGIONAL;1
PLICATED;1
AGENT;16
GAUGE;1
CONVENTION28;1
EXISTED;1
LOTTERY;3
CLAUSE;5
NERS;1
DEARTH;1
HOPES;1
DECLARATIONS;1
LETTER;2
OBLIGATION;17
CARF;4
VANILLA”;1
SATISFAC;1
BASICS;1
CHRISTOPH;1
	FINANCIAL;1
REG2016072020REGULATION20R159820GG4051620202320;1
TREATY;100
DISCUSS;9
PROVINCES;2
RESELLERS;2
PRODUCTS’;1
IRRELEVANT;2
TANCY;1
PERSPECTIVES;5
ENDCUSTOMER;1
INVEST;8
CESS;2
TANCE;6
TIMES;21
PREVENTING/ELIMINATING;1
FORCE”;1
PREFERABLY;3
REPORTEDLY;1
LICENSES—WHICH;1
ASIAPACIFIC;2
SIGNIF;7
UCBBRAZIL;1
BOUGHT;3
INDEPENDENTLY;4
VOLUNTARY;8
EXERTING;1
NESSES;2
DIVESTITURE;1
4600/3;1
HANDLING;6
FRAME;12
PEOPLE;6
INTERPLAY;3
LOGISTIC;1
ENTHUSIASM;1
IOTA;1
✓;3
MOVEMENT;1
PUBLICATIONSPDF;1
COORDINATING;1
SHOPPING”;1
ONUS;3
TOSHIO;2
FACTURE;1
LISTS;5
ACCOUNTS’;1
GOES;4
EXPER;3
YES;3
“LEARNING;1
SPEC;1
CONCURRENTLY;1
RECOGNIZING;11
CORRUPTED;1
DEPENDENT;10
“MIXED;1
REFINING;8
STRETCHED;1
CLIENTS;7
480–144;1
SPECIFICATIONS;7
“SOFT;1
RISKBEARER;1
AFFECTING;6
CONTRIBUTES;6
RECEIVABLE;8
LEVEL40;1
MANIPU;1
OUTFLOWS;1
OVERCENTRALIZATION;1
DISPAR;1
“PARTICIPATE;1
REQUIREMENTS94;1
HMRC;1
PRI;1
TWENTYFIRST;1
12766/2012;1
DCFS;1
EXPLOSIVES;1
KINGDOM;5
INTERPOSED;1
SIGNING;4
ADOBE;1
ARTIFICIAL;3
TAXPAYER’S;82
UNSPECIFIED;3
YUAN;1
INSTRUC;1
REVEALS;2
PLE”;1
RUN;7
“MAKE;1
COMMUNICATIONS;8
BICYCLES;23
AFRICA—COUNTRY;1
“PROFITBASED”;1
CONFUSION;3
ENJOYED;2
DIL;1
DIM;1
FEEL;5
BASIS36;1
FEES;20
C11;1
RECT;4
DIS;6
MANPOWER;8
SUBSTANTIATING;1
SURROUNDING;8
TNNM;2
TRADITIONALLY;3
UTE;6
COMPLIES;1
IRS;10
SALE/ROYALTY/FEE;1
INNER;1
RECTLY;1
IRC;5
LIVESTOCK;1
VALADAO;1
INTIMATELY;1
TRADABLE;1
QUICKEST;1
DICTATE;4
DURES;4
MENTED;5
B–B;1
HANDLED;3
COP;4
ERAL;8
NAL;7
AURELIO;1
TASKED;2
COR;1
TIMETABLE;3
TRATES;1
INVOICING;5
SECONDED;5
	ADVANCE;2
SEGREGATE;1
LUXURY;6
PERTAINS;1
LOWEST;2
EXTERNALIZED;1
MONETARY;7
DISCOVERED;1
PREDICT;1
TURER;1
NATED;2
STRIPPING;1
TRANSACTIONS79;1
LOCATIONSPECIFIC;6
TURED;2
NIFICANT;2
ANDREAS;1
“UNCONDITIONAL;1
RESULTS?;1
GENETICALLY;3
NONARM’S;13
MATELY;1
STANDABLE;1
PREDOMINANT;1
EDUCATIVE;2
CARLOS;1
THIRDPARTIES;1
PARAB;1
ACTIVITIES—;1
SQUARE;1
“TRANSACTING”;1
PARAS;16
CENTRALISING;1
DIPJ;1
SUSTAINABLE;2
TRANSFERPRICING/PDF;1
{SEC2007;1
STRENGTHENING;4
FIXING;1
MEANTIME;2
TIATING;2
SANTIAGO;1
PROVED;1
PATING;2
DEMAND/SUPPLY;1
PROVES;1
INTRAFIRM;5
800000;1
PROSPECTIVE;2
EFITTING;1
ANTE”;1
LEAKAGE;1
PRESUMPTIONS;4
ENTRANCE;1
DOMINICAN;1
CANCELLATION;1
ITEMIZE;1
FIABLE;1
TRANSFORM;1
STRAINS;1
CAPITALINTENSIVE;1
SIBILITY;2
393;1
THEREON;2
GOVERNS;1
ATTEN;1
SHOWING;4
EMBARKING;2
TOSHIYUKI;1
ADDITIONS;2
“INBOUND”;1
“MATERIALS;1
CUTTINGEDGE;2
RUNS;5
UNDERTAKES;6
CONSTITUTION;2
CRITICS;1
PEREIRA;2
FLEXIBLE;2
PETER;1
NONPERSUASION”;1
RAINER;1
RESOURCING;4
CONTINUING;8
TOBIAS;1
ADVANCEMENT;1
“SPECIAL;2
HOLDUP;1
CATA;2
LAYER;2
ARRANGED;1
CATE;3
PROFITS?;1
GROWN;2
KNOWLEDGE;51
50TH;1
CORRECTION;2
CONVINCING;1
CONSEQUENTIAL;2
GROWS;1
TIMETABLES;1
EXCEP;1
WAR;2
A5;3
ANTICIPATES;1
TRANSFEREE;4
REJECTION;2
FRANCHISES;1
UPGRADING;1
SCARCE;6
CHILDREN;1
SUBSTITUTE;5
TRIBUNAL;1
COMPENSATIONS;1
LOOK;6
HOUSE;3
EXPRESS;3
PACE;2
CONSUMER;5
CONSUMES;2
USHERED;1
CORRECTLY77;1
SEARCHABLE;4
MOBILITY;1
PREFER;7
		EFFECTIVE;1
RESENTMENT;2
USER;5
ENTITIES142;1
REASSURING;1
REPORTS92;1
SHAR;1
MANAGEMENT”;1
DERSTANDINGS;1
VARIED;5
SUBSTANTIATE;2
BREAKING;1
STRONGER;1
DECISIONMAKER;1
	48;1
DILUTION;1
‘IMAGE’;1
TARGETS;2
	41;1
RETROSPEC;1
RETROACTIVELY;1
RESOURCESRELATED;1
PROCUREMENT/SOURC;1
CONCEDE;1
“KEY;1
CARIES;1
SPECIFICA;2
21ST;1
TERMINAL;1
SPECIFICS;2
REPRODUCIBLE;2
INDUS;11
GATION;2
TRAINING;53
KINDS;5
TICES;3
853;1
PLATFORMS;1
STOOD;1
PLACING;7
DOMES;9
201314;1
SAVINGS”;7
FINALIZING;1
EMERGED;3
ENDORSEMENT;1
HAPPEN;3
DIAGNOSTIC;14
TAXPAY;28
COMPLYING;7
CONTINU;1
EXTRAORDINARY;5
UPHOLDS;1
OBSOLESCENCE;3
IRBM;6
NOVEL;2
		RECENT;1
“UNDER;1
“D”;1
NEWCOMER;1
PREDICTED;1
CONCLUSIVE;2
ACCOMPANIED;3
“MNE”;1
HOLDERS;1
TOWER”;1
STREAMLINING;3
LOCALITIES;1
6TH;1
MEANT;1
BANK34;1
		COVERAGE;1
COMPUTERIZED;2
ISSUING;3
GENERALIST;3
PLIS;9
RSP;16
“ONE;1
RATIOA;1
EVAL;1
TENYEAR;1
RATION;1
SEPARATELY	150;1
“MARKETING;2
495;1
REPRESEN;1
493;2
DELIB;1
SAFEST;1
DEMONSTRATES;2
STEADY;2
MODIFYING;3
NIEKERK;1
CONCENTRATE;2
“MISSION”;1
DELIV;1
INSTITUTION;1
URE;5
COSTLY;9
CONTEN;1
ATHLETIC;1
PECTED;2
QUENT;1
TY’S;2
“CASH;2
NONCONTRACTUAL;2
RETRIEVED;2
HYBRIDS;1
REPORT”;3
ATTACH;3
BOOKS;17
INVENTORIES;6
RETRIEVES;1
EXTRACTING;1
OBSERVANCE;1
TRALIAN;1
PASSAGE;2
BUNDLED;3
PORTUGUESE;1
JOINING;4
TEMPERATURE;1
POSI;2
PARTIES74;1
BECOMING;6
IMPLYING;2
PRECEDES;1
CIRCUIT;1
WELLPLACED;1
COMPOSITE;4
1920S;1
ANONYMOUS;1
TURINGS;2
FULLYDEVELOPED;1
FAVOURED;1
AFFORDED;1
MATERIALS/INPUTS;1
3836200;1
INDEPEND;13
BASED/PANEL;1
MULTINATIONALS;8
ENCOURAGING;2
CHOOSING”;1
ID;1
ADMINISTRATION’S;19
KOREAN;1
PROGRAMME;34
QUANTITY;10
2016144;1
HANDLE;5
SCHEDULE;6
PROGRESSES;2
DEALER;2
PAPERWORK;2
	DEEMED;1
	DISPUTE;3
DISALLOWING;1
23000000;1
ONCALL;8
HTTP//WWWWCOOMDORG/~/MEDIA/WCO/PUB;1
EMPLOYMENT;5
TEMPLATES;4
CROSSFUNCTIONAL;1
COUNTRY/TAX;1
FACTFINDER;1
“DIFFER;1
MANSOR;1
CALLED;25
PRECONDITION;1
CONFER;4
ICAL;5
ABUNDANT;1
B	DETERMINING;1
“MAKING;1
RULE”;3
FASHION”;1
NEIGH;1
CORNERSTONE;1
ATTAINED;2
WORKINPROCESS;1
INTERNA;18
HEREINAFTER;4
INTERFERENCE;1
EVOLVED;1
SUBTLE;1
BEHALF;12
PRECISE;6
ENSU;1
RECTIFY;2
ENTERPRISES11;1
24250;1
GRADUATES;1
CORRESPONDINGLY;1
FOREIGNBASED;2
REFUSES;1
WRONGFULLY;1
PATHS;1
CHECKED;1
SCREEN;1
CREATES;8
RECHARACTERIZE;1
PROCEEDING;3
AUDITS;81
TREMENDOUS;2
CLEARING;2
EMPLOYERS;1
SUITABLE	ADJUSTMENTS	TO	THE	COMPARABLES	TO	ENHANCE;1
CIRCLE;1
ZACK;1
312;7
B	WHAT;1
GRAIN;10
DELINEATED;7
ENGLISH;12
METHODS	361;1
NARY;1
COMPLEMENTARY;1
6MONTH;1
COMPRISING;9
RULES27;1
FREELOANED;1
THRESHHOLD;1
HTTP//WWWOECDILIBRARYORG/;1
UNCERTAINTIES;6
TARGETING;2
ANALYSIS”;3
XYZASIA’S;7
CUSTOMISED;1
DTC’S;1
COUNTRIES”;3
DISPERSED;2
COUNTRIES’;7
OGNITION;1
INTANGIBLE”;1
UFACTURED;1
“CHERRY;2
RATELY;1
UNDERPINNINGS;1
31A;1
PROVISION;63
HTTP//ECEUROPAEU/TAXATION_CUSTOMS/TAXATION/;1
FURTHERING;2
WARRANTS;3
INTENTIONALLY;1
TION’S;1
EXERCIS;3
LITIGATION;29
OPTI;1
MARCOS;4
APPLI;15
ACHIEVING;11
MENTION;2
PATA110;1
COMPETENCE;2
OPTS;1
APAS;81
XML;1
SELEC;4
OBSERVER;2
TANGI;5
COINCIDES;1
YORK;4
FINDING;20
DECIDES;12
GOAL;6
COMPE;4
INVESTIGA;1
WWWOECDORG/TAX/BEPS/BEPSACTIONSHTM;1
TURERS;2
PREFERRED;12
JULIUS;1
DECIDED;14
FORMULATING;2
LISH;2
PARADOX;1
ECONOMICS;2
BACKGROUNDS;3
IZATION;3
RESPONSIVENESS;1
LETTERS;2
VIEWPOINT;4
AWAY;5
ELIMI;5
FIED;8
REEVALUATE;1
PETITORS;1
PEERTOPEER;1
SERVICE’S;1
HTTP//WWWIRSGOV/PUB/IRSUTL/;1
100000000;1
JURIDICAL;2
JURIS;13
AFFIRMATIVE;3
JURID;1
MANUALS;1
AUSTRALIAN;3
CREATURES;1
CONSTRUCTIVE;4
COLLATE;2
DOCUMENTS;59
PARTICIPANT;43
ADAPTATIONS;1
CHARGES;26
DOCUMENTA;12
CHARGEA;3
CHARGED;48
RESTRUCTURINGS;28
MILESTONES;1
COM2011;2
KNOWLEDGEABLE;1
PARABILITY;1
VALUATIONANDTRANSFERPRICING_FINAL_ENPDF?DB=WEB;1
FOSTER;6
DERIVES;5
PROSPECTS;1
RANGE–;1
BONTIS;1
“STATUTE;2
BIAS;2
THRUST;1
ACCESSANDPROXIMITYTOLARGEANDGROWINGLOCAL/REGIONALMARKETS;1
OM;3
WIDG;1
“FLAGGING”;1
EXPLOITING;8
COBRANDING;3
CRIMINAL;3
EXPLAINING;3
FF;1
DER;1
REGU;3
ARCHY;1
COUN;59
REINSURED;1
ACKNOWLEDGED;9
INCOMETAX;7
NOTAXATION;1
ADJUSTMENT/CORRECTION;1
FN;1
ACKNOWLEDGES;1
REINSURER;2
LEADER;6
TRANSGRESSION;1
DEPARTURES;2
EXAMINATION98;1
RECEIPTS;3
ERS/ASSESSORS;1
SEVERELY;1
HTTP//;5
RELIANT;2
FRIENDLY;1
INDIVIDUALLY;2
IMPINGED;1
HARMONISING;1
ENABLED;3
INKIND;2
COUNTRY/REGIONAL;1
NEY;1
RING;2
‘THE;1
APPARENTLY;1
US10;1
REPLACED;3
CUSTOMIZATION;1
PRELIMINARY;5
SUMMARIZE;1
LEVERAGED;1
JITSIC;1
QUAL;1
QUAN;1
EMBRACED;2
SOLDERING;2
ERTIES;1
SJD;1
HIRE;3
FULFILLING;2
ENTERPRISE”;3
PREDETERMINE;1
PUTTING;4
ARTISTIC;1
MISCONCEPTION;1
ATTRACTING;5
WALL;1
FREQUENT;3
PRESELECTED;1
NOTIFYING;1
UNRELIABLE;5
DECLARAçãO;1
ACCESSING;4
INSTALLATION;3
HTTPS//WWWOECDORG/TAX/DISCUSSIONDRAFTATOOLKITFORADD;1
DECEMBERPDF;1
EXPLICITLY;4
STATUS;15
HERKSEN;2
HANLI;1
SENTATIVES;1
TRATIONIS;1
PARED;4
DRILLING;4
OBVIOUSLY;4
INTENTIONAL;13
ASKED;8
BUILDING;33
FACTORS?;1
DIVERT;1
SUPER;1
INCOMESHIFTING;1
CPL;1
CPM;10
TAXPAYERSPECIFIC;2
GAMES”;1
ELGAR;1
ORDERS;4
FACTURER;1
MONE;1
IMPROVED;10
ANTICIPATE;2
FLUID;1
MARGIN46;1
RESTRUCTURING;78
TREASURY;19
ASSUM;1
IMPRESSION;1
UPDATED;28
INTERPRETATIVE;2
PREFERENCE;8
OUTCOMETESTING”;2
FCMUS;1
ARBI;2
CESSFUL;1
RESPON;1
AUTHORI;5
AUTHORS;4
SATISFACTORILY;1
PROHIBIT;2
HTTP//UNCTADORG/EN/DOCS/WIR1993_ENPDF;1
A/ASIAPACIFIC;1
DECENTRAL;1
SELECT;14
INTEGRA;1
AGGRESSIVELY;2
OFFERCOMMISSION;1
PROFIT/NET;1
FLOWON;1
JOLANDA;2
DEVELOPED/OWNED;1
“METHODOLOGIES”;1
SECRETS;5
140A;1
MISMATCH;3
EAGER;1
1	=	;1
CAREER;2
SIXTHMETHOD;1
INERS;1
SECONDARY;10
FORMULAS;1
339;2
RECIPIENTS;3
INSTITUTE;2
336;1
330;1
332;1
NEGOTIATORS;1
HORIZON;1
DIRECTIONS;1
NATIONALS;1
RECOVERED;1
“RANGES”;1
SCENARIOS”;2
DEVIATIONS;2
NONRESIDENTS;2
FACTORS”;1
DRUGS;1
LAUNCHES;1
EXACERBATE;1
HEARD;4
SUBCOMMITTEE’S;2
LAUNCHED;2
BOND;4
ESTATE;1
		COORDINATION;1
DEVICES;1
MACHINERY;5
SCARCITY;2
NONRESIDENT/;1
“ABOVE;1
SESS;1
LOST;7
CLASSI;1
PURSUE;8
PROBE;1
PROBA;1
HOLIDAY”;1
LOSE;1
ASSISTED;2
TLED;2
FORMA;1
DECI;7
DOLLARS;3
DRAFTERS;2
FORMS;25
		EXAMPLE;1
FORMU;2
LASTMENTIONED;1
PRIMACY;1
OPRO;1
WISHING;2
COMMISSIONERATES;1
CAPABILITY;45
JURíDICA;1
UCT’S;1
DECREES;1
REVISE;1
PV—GPMV;1
EMPLOYEE’S;1
–1;1
STOCKS;1
INFLUENCED;9
REGULA;3
CHARACTERISTIC;4
OUTCOMETESTING;2
MESSAGE;1
TAXA;9
PARTLY;5
SUITED;2
SECURELY;2
BELGIAN;2
OCCASIONAL;1
SHORTCOMINGS;1
MODERNI;1
NONUSERS;2
CENTRALIZED;38
DESIRED;5
TICAL;2
AUTOMOTIVE;12
2015;24
2014;9
PROCURING;1
2013;11
COMMUNICA;1
ASSEMBLY;8
TOKYO;1
SHEL;2
VALUE	3;1
VALUE	2;1
ASSEMBLE;3
VII;1
ANSWERS;4
DELIBERATELY;1
INTENSIVENESS;1
STAT;4
FUR;1
FOURTHLY;1
DISFAVOURED;1
FUL;1
MINERALS;6
HTTP//WWWETSGORG/ETSG2010/PAPERS/SEIDELPDF;1
SHIFTING–YEAREND;1
LACKED;1
MINIMIZATION;1
RELATIONS;14
BICY;3
“FULLYFLEDGED”;1
HIGHTECH;1
PRICING39;1
FORCED;1
PERSPEC;1
CONSTANTLY;2
PROCURE;3
ICANT;5
SENT;2
FORCES;4
458;2
TENDERING;1
455;1
COURTS;5
ENCES;10
WORKS;11
RESPONDED;1
BROWN;1
WELLDESIGNED;1
PREEXISTING;13
EXECUTING;3
DETECTING;1
SAVINGS/RENTS;2
NONCOOPERATIVE/;1
ARRANGE;16
	405;1
INVESTIGATIONS;4
PENALIZ;1
SUPPLIERS;12
RELATIVES;1
CONTIN;2
BRANDS;12
UNI;1
BENCH;4
ON68;1
LOCATING;1
PREDICTABLE;7
COSTS”;2
ITY;49
ACKNOWL;1
OMY;2
JEOPARDIZES;1
SECTIONESAFEHARBOURSTPGUIDELINESPDF;1
B’S;1
COMPLETE;16
PROCESSED;2
DUCTED;1
OUTCOMES?;1
JOUR;1
	SAFE;1
AUTOMOBILE;5
BID;1
MANAGERS—PEOPLE;1
PENANG;1
SIGNMENT;1
CAPACITIES;1
FIFTH;1
POOR;4
INFLUENCES;1
HEADED;1
FUNDAMENTALS;1
ASSERTION;1
THING;1
SERVICES	3;1
SERVICES	2;1
NEGO;3
**;2
GINS;1
HOLD;6
THINK;1
ABILITIES;1
CONSUME;2
20	=	;1
DENTIALITY;1
MAQUILA;11
AFTERSALE;2
MOUNTED;1
WANG;2
MATERIALS/COMPONENTS;3
METALLURGY;1
RESTRUCTURINGS”;1
ABSORPTION;2
COMPELLED;1
ALLEGATION;1
LTU/LTO;3
PROJECTION;1
DISCHARGES;1
“EXTERNAL;2
TEAM’S;2
GRATING;1
PRICESETTING”;2
LATIONS;3
ATTRAC;2
PREFIXED;2
DEBTOR’S;1
AGREEMENTS—ESPECIALLY;1
ASSETMANAGEMENT/OECD/TAXATION/TRANSFERPRICINGDOCUMENTATIONAND;1
=	;1
DUTIES;5
ADVOCATE;1
MARKETCORRELATED;1
CRE;2
PP;2
PV;5
ADJUSTING;7
FOURSTEP;1
PC;8
WARNING;1
RECREA;1
PE;5
ANALYTICAL;5
EXIT;1
ENDORSED;7
RANEOUS;1
MEDIATION/CONCILIATION;1
ERS”;1
INQUIRE;2
HARDTO;1
VIRTUAL;1
“CONTEMPORANEOUS;2
DOCUMENTATION71;1
INQUIRY;2
PRERESTRUCTURING;2
FACES;6
ORIGINATES;1
OPT;6
NBDR;3
SUBSIDIARY’S;1
CUSTOMARY;1
TOMS/SITES/TAXATION/FILES/RESOURCES/DOCUMENTS/TAXATION/COMPANY_TAX/TRANS;1
B00;1
TRACK;4
“CONTROLLED”;1
PROCESS”;1
“HIGH;1
B02;1
TWENTIETH;1
STAFF;28
“INTANGIBLE”;1
DOWNSTREAM;2
STRENGTHENED;1
INVARIABLY;4
HARMONIZE;2
FACTURING;8
CORREC;1
FUNCTIONALLY;2
DIFFICULTTO;1
B	SAFE;1
PRETATION;1
AFFILIATIONS;1
ASSETS	100;2
GEOGRAPHICAL;15
COMMISSIONING;2
PROMOTE;6
MADARIAGA;1
>;3
AND/;5
FORMULARY;11
COUNTRIES2;1
NEURIAL”;1
MARKS;5
DUPLI;1
LUCA;1
2012;8
“RISK;1
SIDE;11
MERCANTILE;1
“EMS”;1
ELIM;1
SECRETARY;1
AMENDMENT;6
TOOLKITS;2
SATIONS;1
WORKED;3
ASSURE;3
PRICING”;5
CLOSED;3
EGYPTIAN;1
PURSUING;4
COUNTY;1
RELAXATION;1
DECADES;4
G20/OECD;7
FLUCTUATION;3
FORCEFUL;1
CONTINUES;6
INSTALLED;2
ENCOMPASSING;1
355;2
7500;4
HINDER;1
PV—;1
AMBITIONS;1
SOON;4
“UNIQUE;2
LABOR;3
LUDOVICI;1
ROUTINELY;1
APEX;1
METER;1
FEATURES—;1
METHODS”;3
FEATURES”;1
OBSERVATIONS;6
MISCOMMUNICATIONS;1
OFFER”;1
PANT’S;4
COUNTRYSPECIFIC;3
RESOLUTION	376;1
SPECIFIES;1
ADDITIVE;3
CHART;8
TRANSLATING;1
SUBHOLDINGS;1
JUDGE;6
TWELVE;2
SERVES;7
COMPANYSPECIFIC;1
DANGERS;2
575/2012;1
SUFFERING;1
LATTER’S;3
DEFAULTS;1
SPECIALIZES;1
BHAT;1
SPECIALIZED;9
PAYOR;1
MAXIMIZING;1
VOL;1
ARM’SLENGTH;10
BOUND;5
PROMOTES;2
BURSEMENT;1
PROMOTED;1
MNE”;2
HTTPS//WWWNTAGOJP/FOREIGN_;1
BLES;26
BASEERODING;1
76IX;1
BROKER;2
BLED;1
PERTI;1
VOLUNTARILY;2
HOLIDAY;1
CHAPTERC;1
CONSULATES;1
DISCRIMINATION;2
EDITION;13
SIGNIFI;4
INCREAS;5
SUBORDINATE;1
§6641;1
SERVICEPROVIDER’S;1
“ESTIMATES”;1
MINI;3
EXPORTER;2
ADJUSTMENT”;6
POWERFUL;1
PAMPHLETS;1
EXPORTED;3
STAY;2
DIED;1
CONFLICTING;3
§;1
DENCY;1
®;7
FORMULATIONS;1
COMPATIBLE;1
DEFICIENCIES;5
DENCE;2
HCO’S;3
MID20TH;1
NONPRICING;1
SUPERVISOR;1
CIF;1
CJ;1
SECONDMENTS;2
INTEGRAL;2
CIR;1
WRITTEN;20
DETERMI;5
INCONSISTENCIES;7
ELECTRONICALLY;1
COMPARISON;53
“UNJUSTIFIED;1
FAIRER;1
SENTS;1
PREVAIL;1
DAY;6
PAUSE;1
PROCEED;7
OMISTS;1
PATENTABLE;1
UTMOST;1
ISOLATED;1
472;1
PROFITABILITY?;1
GROUP?;1
FACTBASED;1
“HIERARCHY”;1
FUNCTIONALITIES;1
UNREST;1
GUIDELINESFOR;1
WORKLOAD;2
POWER;22
NISHED;1
SAFEHARBOUR;3
TINY;1
TING;1
ENGINEERING;6
PROBABIL;1
REPRESENTATION;2
OVERSEAS;14
CATEGORY”;1
CLEARCUT;1
MISUN;1
CORRELATIVE;1
LEGITIMATE;9
ENTRY;4
TRIBUTORS;1
PLIFIED;1
MAR;4
CONTACTED;1
SUBSIDIARIES/RELATED;1
ZONES;1
PRICE”;3
TRANSLATED;2
MAL;1
MAN;9
ASSOCIATIONS;2
FAITH;8
UNDERESTIMATED;2
NORMAL;7
584;1
VOLUME;26
585;1
UNDERESTIMATES;1
GIBLES;13
COMPANY’S;27
LSA;5
581;2
ALLOCAT;1
DOWNLOADABLE;1
METHOD—;2
SECURITY;4
METHOD’;1
CERTIFIED;1
METHOD”;10
EXEMPTS;1
PEOPLE’S;2
STOP”;1
FALLING;2
EXCLUSIVITY;2
BAER;1
CAPABIL;1
ANOMALIES;1
THRICE;1
BOOSTING;1
RESIDENTS;7
ATTORNEYCLIENT;4
REPOSITORY;2
RETURNING;1
“BUSINESS;1
MINISTRIES;1
SECRET;17
MITIGATION;9
BASICALLY;2
STYLES;1
REASSURE;2
PUBLISH;3
OPMENT?;1
INATING;1
WHOLLYOWNED;1
EDUCA;1
DRP’S;2
UNIT—;1
1990;2
1993;4
1995;1
1994;1
1997;1
1996;1
INTELLEC;1
SPEAKER;1
ORGANIZES;1
EVER;4
ENDEMIC;1
EVOLVE;4
UTILIZES;1
A’S;4
BEARS;19
D37;1
557;1
CURRENTLY;16
550;3
ECONOMY”;1
UTILIZED;7
CRITE;2
CRITI;1
DESIRE;4
PREDETERMINED;9
SPECIFICITY;4
MINIMIS;2
INTERGOVERNMENTAL;4
LATEST;11
NATIONALLY;5
IMPAIR;1
DEVICE;6
PROFILE;22
4	ISSUES;1
LOWVALUEADDING;3
FALLBACK;1
OECD”;1
LEGISLATIVE;30
NINE;1
EVIDENT;2
UTED;3
RECORDING;3
“GOODWILL”	500;1
FLEDGLING;1
CONSERVE;1
COMMERCE;1
“RELATED;3
LTU/LTOS;1
ESELLERS;1
PAPERS;2
SCIENCE”;1
SUFFICES;2
CONDITION;7
SUPPLYCHAIN;1
“CONTEMPORANEOUS”;6
CCCTB;1
500000/1050;1
LEARNING;5
PESSIMISTIC;4
SPECIFYING;4
370;1
ATTACHES;4
FOREIGNMANUFACTURED;1
	EXAMPLE;1
SUCCEEDS;1
CONCEN;1
COUNTERPARTS;1
BASES;9
CONCEP;1
FAVOURING;1
DOCUMENTARY;2
REFRAIN;1
NEGLECT;1
SHARP;1
ISES;1
INVESTIGATED;3
LIES;5
WARRANT;9
PLACES;2
AMERICAS;2
PLACED;4
AMERICAN;1
KATHERINE;1
PREPARING;9
CREA;3
RICA;2
FRAGMENTATION;1
LADING;1
IMPROVEMENT;8
TRANSLATORS;1
INCEN;2
“PICKING;1
HEAVILY;4
NET”;1
CUSTOMERS’;1
REQUESTING;6
CONVINCE;1
ENCAPSULATING;1
EXPLANATIONS;2
SERVICE”;1
BILATERAL/MULTILATERAL;1
OBJEC;2
SHIP;6
“SUPPLY;2
SELFEXECUTING;1
UNIT’S;4
ERALLY;2
DUNNING;1
SIZABLE;1
TECHNOL;2
TUM;1
CHASER;1
BRIDGE;3
PEERS;1
EFFECTIVE;71
SERVICEPROVIDER;3
EXISTS”60;1
“LSAS”;1
GOTIATION;1
“CONTROL”;3
TRONIC;3
FEBRUARY;2
UNIVERSITY;9
DON’T;1
GONE;1
CONSUMPTION;2
“CBC;2
	CHINA;1
DOMINATED;1
COMMENTARIES;3
LEAFLETS;1
UNB;2
ADVERTISEMENT;6
SIDIARIES;1
INTRAENTITY;2
SIXTEEN;1
✓✓;2
PROCEDURAL;4
ENGINE;1
OVERSEEING;1
PAT;1
DISCRE;1
DISSEMINATE;2
TAXPAYER/COMPANY/ENTITY;1
CONSULTING;4
138C;1
HOUSES;1
DISTURBED;1
AFOREMENTIONED;3
PREDIC;1
HEADING;1
DCO;4
MANCE;4
DCF;19
FUNDED;2
OVERARCHING;3
FUNDER;2
ESA/FFD/DOCUMENTS/UN_MODEL_2011_UPDATEPDF;1
VALIDATED;1
PATA_BAPA_GUIDANCE__FINALPDF;1
COVERS;7
FACETOFACE;1
CULT;3
DEVIATION;1
NONRESIDENT;2
14500;1
‘NEXT;1
MATTER”;1
B	NONARM’S;1
B/ASIAPACIFIC;1
417;2
410;1
411;1
SURRENDER;1
“DAVIS;1
CONSTITUTED;1
AES;7
STANDARDIZED;9
BUDGETING;1
DEPARTURE;2
DENOTES;1
HARMONIES;1
REPRESENTING;1
STITUENT;1
CODIFIED;1
BUY;1
MEXICAN;27
AUTHOR;26
HTTP//WWWIRSGOV/PUB/IRSDROP/;1
NUMEROUS;10
INCORRECT;6
COMMAND;2
TOUCHED;1
HENDERSON;2
BILITIES;1
PRIORITIZED;1
UTILITIES;10
AE?;1
UNIVERSALLY;3
MON;1
ATTITUDE;2
ALONE;3
USED—;1
ETS;1
LECTURES;1
ETY;3
	INTRODUCTION;16
ISSUES—INCLUDING;1
MENTALITY;1
CONVENTIONS;18
MANUFACTURER’S;1
RESIDING;8
SUBSTAN;3
	VALUING;1
PARTIES’;4
PARTIES”;1
DICTIONS’;1
C’S;2
AIMING;1
GORIES;1
REASONABLENESS;5
HONEST;1
“CONTACT”;1
OFFICIALS;23
UPSIDE;4
“FALLING;1
“HOMEGROWN”;1
UNDERGONE;1
HTTP//WWWOECDORG/TAX/TREATIES/OECDMTCAVAILABLEPRODUCTSHTM;1
DENOTE;1
FLOWTHROUGH;2
TARIFFS;1
VARI;6
RANKING;1
CONVEYS;2
PARAMETER;25
COORDINA;3
CIAT102;1
WEIGHTY;1
DISAD;1
ASSEMBLING;4
“DEVELOPING;1
RENTS”;1
SUPPLEMENTING;1
LEADERSHIP;2
HTTP//WWWCRAARCGCCA/TX/;1
NONCOMPLIANCE;10
1979;1
SECONDARY	SCREENING	VERIFICATION	AND	SELECTION	OF;1
DIVERSION;1
BIG;1
EQUIP;1
PROXIMITY;2
COMPETITIVENESS;2
INNOVA;1
UNCERTAIN;13
VESTED;1
“FLAGS”;2
CANT;3
INTERVIEW;12
RESPOND;9
CLASSIC;1
DISCOURAGING;4
KEEP;26
KEEN;1
PROJECT133;1
AGENDA;3
MECHANICAL;1
“CIRCULAR;1
ATION;12
EMPIRICALLY;2
SUPERIORITY;1
CONCLUDING;5
ALEXANDRA;1
COSTEFFECTIVE;1
SIGNOFF;2
DERIVA;1
PANY’S;1
2	RESALE;1
537;2
‘CUSTOMER’;1
530;2
INTERFACE;2
538;1
GUIDELINES117;1
JURIDI;1
STREAMLINED;3
RETAILERS;2
WELLKNOWN;2
INDEPTH;6
DEDICATED;6
OBLIGED;4
UNEQUIVOCALLY;2
MIGRATION;1
MATERIALIZE;2
BILATERAL;51
DUES”;1
30”;1
ADAPTING;2
INCORPORATES;1
DIRECTORATE;5
REORGAN;1
INCOMPATIBLE;2
PRINCIPLE16;1
	MEXICO;1
NEGLIGIBLE;2
ENTERPRISERELATED;1
REQUISITE;7
FAULTY;1
COMMISSIONAIRE;2
REPU;1
APPROX;3
DEEP;1
EXTRA1;2
FORGO;1
DEEM;3
FLEET;1
FORGE;1
DCF—USING;1
NEGA;1
COMMITS;1
BARGAINING;3
PROJECTIONS66;1
UNEXPECTED;2
CONCLUDE;9
STRIPPED;3
“QUALITY;1
CROSSPROVISION;1
ORGANIZATION;26
ENGINEERS;2
ISTS;1
COMPETENCES/SKILL;1
REIMBURSED;1
NORWEGIAN;1
REIMBURSES;1
OVERCHARGES;1
EDUCATED;1
B	TYPES;1
OVERCHARGED;2
BACKGROUND;4
EFFI;3
METH;12
TION_CUSTOMS/SITES/TAXATION/FILES/DOCS/BODY/SEC2007246_ENPDF;1
COMPANIES/GROUPS;1
COUNTRYCFC;1
SHOP;2
	PRESUMPTIVE;1
GENEROUSLY;1
REMUNERATING;2
VALUA;5
SHOE;2
PREJUDICED;1
		DIFFERENCES;1
DECADE;4
NEGOTIATION;12
GFA;5
WEST;1
DUPLICATING;1
WEBSITES;3
“JUSTINTIME”;3
TOUR;1
TPOS;2
CONCLUDES;1
RISKFREE;9
SATISFACTORY;3
BALRM;1
CLES;4
20000;2
ADACHI;2
ADVAN;4
DIVULGING;1
DIRECTION;9
OPERATORS;2
246};1
EXTEMPORANEOUS;1
CCAS;31
INSTRUCTION;1
SATED;1
INTEG;2
NONEXHAUSTIVE;1
EXTER;4
CHELTENHAM;1
DOUBLECOUNTED;1
OWNERSHIP”;2
PRICE35;1
TRANSACTIONS/COMPANIES;2
INDISPENSABLE;1
TAXATION”;1
“ASSOCIATED”;2
UTILIZING;4
GEOGRAPHI;1
PHASES;4
LEADERS;3
ISSUES91;1
WRONG;1
ACCEPTABILITY;1
PROFIT”;2
TRATIVE;2
INGS;8
TEAMS’;1
DISTIN;1
OWN?;1
“BLACK;1
INR;1
TEND;27
OFFERINGS;2
“MANAGEMENT”;1
SOCIAL;7
INE;2
435;1
430;2
TENT;4
US90;1
INDICATORS”;1
FICATION;3
AUTOMATION;2
INDEXPHP/CBDTSADVANCEPRICINGAGREEMENTGUIDANCEWITHFAQS/;1
WHOLESALER;1
REGULATES;2
CONTRACTING;17
5700;3
INTANGIBLERELATED;2
OVERSEES;1
ESTI;1
CISE;1
“HOLIDAY”;1
F;8
TRANSPIRED;1
REPRESENTATIVES;8
THIRDLY;2
PROFITSHIFTING;1
“TRUST”;1
UNLOADING;2
IMPLEMENTS;3
DESCRIBING;3
DATABASE;21
PLAUSIBLE;1
IMPLEMENTA;3
SARY;6
“Z”;1
SARS;43
FORWARD/;1
“GAIN”;1
SPECIALISED;2
EDUCATE;1
REGISTERING;1
ERS;32
SUDDENLY;1
UTERS;1
ERY;1
NIGERIA’S;1
ERA;3
ERO;1
2013	VII;1
CATED;4
COMPANY/GROUP;1
INFLU;1
1980S;4
CATER;3
CATES;2
‘LIST;2
ROTC;2
COMMENCEMENT;6
“MOST;1
LINEAR;1
ALLOCATED	1;2
ALTERNATIVES;12
“2016;1
D	STRENGTHS;1
COMMISSIONERS;2
MUNICIPAL;1
“ONGOING;2
ENJOYMENT;1
GENT;1
GENU;1
EDGE;7
HANDS;5
STRUCK;2
25TH;1
CLASSIFICATIONS;1
DUCED;1
AFRICA–;1
CAPCITY;1
ECON;4
RENEGOTI;1
“CULTURES”;1
“WHO;3
VATE;1
SUPERVISING;1
SPEND;1
TERTIARY;3
RT;1
LENDER;5
NAMED;3
BICYCLE;14
PROVID;4
PACKAGING;5
INHOUSE;12
ERAL/BILATERAL;1
QUALITATIVELY;1
CONFORMITY;4
R1;1
PREVALENCE;1
EXAMI;2
AVAILABILITY/;1
DISSIPATE;1
HIGHVALUE;1
LIMI;1
BRACKETS;1
TRAIN;11
ANALYSTS;4
BROADLYTRAINED;1
TRALLY;1
“LOCATION;10
DEBTS;2
B1?;1
“CONTRACT”;1
“CODES;1
FINAN;13
DEADLY;1
PRICESETTING;5
FULLYFLEDGED;11
TINUOUS;1
OBSERVE;2
613;2
LENGTH”;2
610;2
INCONSISTENCY;7
APAS	629;1
INTENSIVE;11
TEST”;2
KEIJI;1
FORMULATE;6
TERMINATE;4
THOROUGH;9
518;1
EQUATE;1
ENCOUNTER;3
ASCER;1
SIVELY;1
TED;1
ENJOY;2
NONEU;1
TUNE;4
UNSATURATED;1
“PRESUMPTIVE;1
DETERRING;1
PRICING/THIN;2
PLACE—;1
“UN;1
PROGRAMMES;22
CHARACTERIZED;4
CONDUCIVE;1
INTENTIONAL/;2
EXPECTS;5
MOVER;1
LITERARY;2
BUSINESSES72;1
ECOMMERCE;3
SUBSTANCEOVERFORM;2
UPDATED	387;1
TRIAL;8
BASIL;1
FOUNDING;1
OP/S;2
UNIONS;1
SEEKING;27
“ALIGNED”;1
DEPOSITS;1
STANDARD”;2
INTERBANK;2
UNNECESSARILY;4
DEDUCED;1
CHARACTERIZATION;1
NEEDING;1
“MARKET;3
MODERNIZATION;1
“COMPARABILITY;3
FINALIZATION;1
OPING;13
ANNEX;7
WEBPAGE;1
ALTERATION;1
GEOGRAPHICALLY;1
201516;2
PROSPECT;4
ENDEAV;1
COMPARABLES”;2
DOCUMEN;11
THOUGHT;1
SHARING;46
WILLINGNESS;2
ECONOMIES100;1
EXPANDED;6
INCLASS;1
OUTSOURCE;8
LIMITA;1
DIRECTORS’;2
TECHNOLOGY?;1
IMPORT;32
OVERLAPS;1
SURPRISES;1
NATIONAL;53
COMPANY_TAX/COMMON_TAX_BASE/INDEX_ENHTM;1
TRACKS;1
LEVER;2
AWARENESS;6
TRANSACTIONBYTRANSACTION;3
WARRANTED;6
PUBLICATIONS;7
TOTALITY;3
INVESTI;2
COMPARABLE/EXTERNAL;1
EMS;5
INVESTS;1
TERMS?;2
INFORMA;17
ROOM;3
STIG;2
ADVISE;4
FURTHERDEVELOPED;1
WEBBASED;1
MENT”;2
“PLAIN;1
WINS;1
ULTI;1
“INTRAGROUP;1
INTERNALIZED;3
PROPOSITION;1
INVENTIONS;1
QUESTIONABLE;2
OFFICIAL;6
UNEQUAL;2
CIPLES;1
MANUALLY;1
ELABORATE;1
IDEAS;4
BELOWMARKET;1
IDEAL;2
ASSOCIATES;2
COM;25
COL;1
ILY;2
WORSE;5
WHOLE125;1
ATTRACTS;1
MATERIAL/INPUT;1
COMMUNI;1
APPLIED—;1
INEX;1
WORST;2
INES;1
MAKING”;1
“BENEFICIAL;1
COMMITMENT;10
OVERLAP;3
PROTECTS;2
CONTRAVENING;1
“LOWCOST”;1
SELFASSESSMENT;5
ADVISES;2
LIGHTLY;2
ALIGNING;3
PARTICIPATES;3
TYPI;5
TELE;1
REJECT;4
PARTICIPATED;3
HTTP//WWWWCOOMDORG/~/MEDIA/WCO/PUBLIC/GLOBAL/;1
AIR;1
AIM;18
PERCENTILE;4
“TRANS;1
AID;4
GATIONS;3
TWELFTH;2
SYSTEMATIZING;1
PROMOTIONS;1
MEAS;10
CATEGO;3
BUTION;5
RABILITY;12
DOCUMENTATION”;1
CBDT;4
HTTP//EURLEXEUROPAEU/LEGALCONTENT/EN/TXT/?URI=;2
CONCESSIONS;1
LISHED;3
ACCEPTS;2
POST”;1
REDEPLOY;1
ALTERNA;1
ACCEPTA;2
CENTRALLY;4
PROFIT/LOSS;4
DISCRIMINATE;1
PRETRANSFER;1
COVERING;5
ADVISERS;4
NEGOTIATE;7
ST/ESA/;1
HARMFUL;1
TRADER;3
BERGAMO;2
PARA;35
PRIATELY;1
BREWERIES;1
MULTI;6
FTES;1
EXPRESSES;1
B	CCA;1
OPENED;3
DIVERGENCE?;1
CENT;4
DEVEL;37
	COMMENTS;1
APPROXIMATING;1
HTTP//WWWITATONLINEORG/INFO/;1
ADVANTAGED;1
OPERA;9
EXPENDI;1
ENVISAGED;4
REMUNERATES;2
CONSIGNMENT/;1
SHOWS;12
GENCE;1
FRUITFUL;1
ATTRIB;4
PENSABLE;1
MENTARIES;1
UISITE;1
BILLIONS;1
MANUAL6;1
FAVOURABLE;4
STAND;7
DISCARD;1
GLOBALISATION;4
COMPENDIUM;1
BLE’S;1
NIFICATION;1
THOROUGHLY;2
INTERVIEWEES;1
SPELL;1
RECESSIONARY;1
DOMESTICALLY;2
GRATED;2
FILLED;3
UNPRODUCTIVE;1
ERED—;1
“SAT”;1
1936;1
AGREEMENTS/ARRANGEMENTS	375;1
USUAL;2
SETOFFS;7
COURTS78;1
MATERI;2
REFORM;9
SELFDEVELOPED;1
“MARKETFORTECHNOLOGY”;1
“ROAD;1
INTRODUCTION	379;1
WHEELBARROWS;1
FORMALIZATION;1
PRICINGARBITRATIONCONVENTION_EN;1
PHARMACEUTICALS;8
PROGRAM;20
ARBITRATOR’S;2
FORUMS;2
DISPLAYED;1
OBSERVERS;2
EMPHASIS;3
“MULTINATIONAL;1
NUMBERS;4
RAPIDLY;5
REVOKED;1
FRAGMENT;1
J;4
CONSTRUCTION;2
LEARNED;1
MINUTES;2
STRUCTURAL;8
ORGANIZATIONALLY;1
ELSEWHERE;13
PIONEER;1
DISREGARDS;1
2CONSULTA/LINKACTION?IDATO=39257&VISAO=ANOTADO;1
OUTWEIGHED;2
DECORATED;1
604;2
601;1
600;7
603;3
	GLOBAL;1
RESPEC;3
608;1
SEED;1
NETTING;1
NITION;2
POLICYMAKERS;6
INVOLV;3
INSTITUTIONAL;3
ARNDT;1
COMPROMISE;3
LEADERS’;1
OPTIMIZE;3
FIRM;12
BUDGETS;1
HISTORY;7
PV—GMPV;1
UNEXPLOITED;1
“OTHER;1
PROOF	364;1
HASSAN;1
EXECUTE;1
ESPE;7
CONSISTS;3
STORES;5
VOICE;1
STRATEGY?;2
LINKAGES;2
FORCE;10
FINALIZED;1
‘CALL;1
		THE;1
MINISTERS;1
ANALYSED;1
SCHELLING;1
58450000;1
REPLACEMENT;1
LOGISTICS;5
JURISDIC;6
JOURNAL;2
THREADS;1
SLOW;1
GREAT;24
NAVIGATE;1
P’S;2
SGATAR’S;1
CIATIONS;1
TANT;8
SUPPORTS;1
SUPPORT/;1
TRANSFORMA;1
LATERAL;2
DRIVER;4
DRIVES;2
DRIVEN;5
EMBASSIES;1
CONSEQUENCES;23
DETRIMENTALLY;1
GLOSSARY;2
PENAL;1
BELIEVES;6
LIGHTS;1
GATHER;2
	LEGAL;1
BELIEVED;2
VALUEADDED;5
PESOS;1
CONSOLIDATING;1
ILLUS;3
ARITHMETIC;1
OPINIONS;3
REY;1
REP;1
REV;2
	NARROWING;1
PRODUCTS/;1
MANUAL“”;1
REL;2
REC;2
REA;1
KNOWS;1
EXAMINATION/EXAMINATION;1
PREVENTED;1
RATIONALLY;2
ROME;1
LEGIS;3
KNOWL;4
CLAS;1
TICKS;2
COMPLI;6
DIVESTING;1
CLOSING;1
GEUN;1
PUTS;2
UNDERVAL;1
COMPLEXITIES;5
OUTPUTS;1
IMPLE;10
APPOINTED;1
PUTE;1
“DIPLOMATICALLY”;1
IMPLY;7
DUNAHOO;1
LONDON;1
GEOGRAPHY;1
INACCURATE;1
CAR;1
DAILY;5
CAO;1
CAL;6
WEEKS;1
KOBETSKY;2
1050;2
OUSLY;1
ADVENT;1
PALLET;1
PROVIDER’S;1
“ADVANCE;1
IMPORTANTLY;1
RIALS;1
LOCATE;2
URUGUAY54;1
SYSTEMATIC;3
DESCRIP;1
OGY;3
PUBLISHING;4
ALERT;2
RUNNING;1
TIMECONSUMING;3
INCENTIVE;14
MIX;10
TRENDS;8
UNCHARTED;1
SON;1
STRAT;4
EXPECTATION;5
STRIKES;1
HANGING;1
CHECK;9
PRODUCT/SERVICE;1
PRESUMPTIVE;15
MAINTAINED;3
ATTENDANCE;1
REDUNDANCIES;1
BILLS;1
MANUFACTURER;66
	ESTABLISHING;1
ACTS;10
ACTU;3
CUTTING;1
REDUC;1
ATTORNEY;3
EXPLOITS;1
GOVERNMENT;42
MANUFACTURING	PRODUCTION	PROCESS	ENGINEERING	AND;1
“EXIT;1
WISHES;3
200812;1
APPAREL;1
VALUEADDING;23
SURFACES;1
MATRIX;8
DEVCO;1
KNOWHOW?;1
CONTINUOUSLY;4
QUESTIONNAIRE;2
ORGANIZE;8
ORGANIZA;1
TIFY;3
	THEORY;1
INELAS;1
ACCENTUATED;1
ICANTLY;1
B1–B;1
IDEM;3
IDEN;8
COURT;22
INADEQUATE;4
IDEA;2
RENCY;2
VOLUMES;8
EFFECTIVE”111;1
EVERGROWING;1
OPTIMISTIC;5
TAXPAYERS131;1
RESTRICTS;1
AFORESAID;1
COMMIT;5
CONFIGURATION;1
HENSIVE;3
COMMIS;1
EFFICIENTLY;8
“BENEFITS;1
FIRSTMOVERS;1
CUMSTANCES;1
_____?;1
COMMODITYRICH;1
1915;1
MATCH;2
IMPOSITION;3
IMF/OECD/UN/WORLD;2
MEDIARY;1
LATION;4
SPECIFY;5
880;1
LECTING;1
BARRI;1
BRANDED;4
TICIPANTS;1
QUESTIONA;1
EDUCAT;1
IMMEDIATE;5
REACT;1
UNSUC;1
RESENTATIVES;1
INITIATIVES;9
COMPANIES”;1
COMPENSA;1
UTILIZE;4
PRESENTVALUE;1
EXISTENCE;28
PENCO;4
STORE;1
CONCEIVED;1
		ESTABLISHING;1
KINGDOM120;1
OPTIMISED;1
666;1
SUBSTI;2
AGES;2
MISMANAGEMENT;1
SITUA;6
NONRENEWABLE;1
AGEN;1
CONSUMERS’;1
VIRTUALLY;1
SPENDS;1
VARIABILITY;1
VALUABLE’;1
VALUABLE”;1
UNDERVALUATION;1
TEAMING”;1
HABITS;1
EXTENSIONS;2
UNDERCOMPENSATE;1
INSTRUCTIVE;1
ARRANGEMENT”;1
FITS;9
EXAMPLES49;1
MULTIPLICITY;1
AWARE;8
SYMBOLS;1
PRICES18;1
NEUTRAL;3
INDEX;2
COOR;3
LICENCES;3
“DEDUCTIVE”;2
“SAFE;3
INDEM;1
MONITORS;3
TREATIES112;1
TRIED;1
REVE;2
ENTERPRISES”;10
MILESTONES”;1
TRIES;49
DOCUMENTATION	395;1
DOCUMENTATION	396;1
DISTORTIONARY;1
ATTUNED;1
ADJUSTMENTS/ASSESSMENTS;1
B–30;1
IED;1
TWINED;1
TRACTUAL;3
ACCOUNTANCY;2
5/2000;1
REQUESTED;17
JUDGES;1
SATISFIED;17
CONTEMPORANE;2
ATTRIBUTES;7
NOTIFY;1
COMMENDATIONS;1
GLOBALLY;4
PAYEE;1
AIRPORT;1
PUCGO;1
GLOBALISING;1
DESTINED;1
RESOLVES;1
LOADED;2
CONTEXTUAL;1
EXERT;4
	CALCULATING;1
CONDUCTS;5
OVERLOAD;1
FAITHFULLY;1
PHASE;21
TALK;1
DEVOTED;4
PROCEDURES116;1
DEFINITIVE;1
TARGETED;9
“ASSOCIATED;10
BEGAN;6
CALCULAT;1
	CHALLENGES;1
N;20
INITIATIVE;8
TREATY58;1
PARAME;2
RISKBASED;5
RECEIVABLES;5
SAKE;1
MOUNTING;2
BEPS140;1
400–336;1
INDIAN;82
SPECIALIZE;1
DATED;3
SIMULTANEOUSLY;3
PREMATURE;1
FACILITIES;10
SERVICE123;1
BROTHERSISTER;1
HTTP//WWWOECDORG/TAX/DISPUTE/;1
YING;1
UTABLE;3
FLEDGED;2
CONTEXTS;4
TREATY’S;2
STUD;1
FAC;1
CHART”;1
SHORTLY;1
TIME”;3
STEADILY;1
OPERATIONS139;1
000;120
	CASE;1
IMPAIRED;1
MANUFACTURING/ASSEMBLY;2
LINE”;2
TAGES;2
MONTHS;1
PARLIA;1
TIFICATION;1
760;1
764;1
GUOSHUIFA;1
CCA;159
TELECOMMUNICATIONS;4
LOWTAXATION;1
COGS;24
CONSENT;1
PIC;1
PIE;1
AUTHORITIES/;1
INAC;1
TERMI;2
ALLENCOMPASSING;1
FELLOW;1
CUSSION;1
FALCãO;1
FULFILLED;3
76X;1
IPANTS’;1
WHISTLEBLOWER;1
EGIES;4
VARYING;2
LABORATORIES;1
CONDI;4
CONTINGENT;5
CREDITED;2
“TAINTED;1
PROSPECTIVELY;2
MISHRA;1
PASSES;1
PV–GPM;4
CHEAP;2
CONTROVERSIES;2
COUNTRYBYCOUNTRYREPORTINGACTION132015FINALREPORT_9789264241480;1
NWC;2
AMP;10
WEAKENS;1
PRESUMES;1
AGROCHEMICAL;1
CONSTRAINTS—IT;1
QUANTIFYING;1
MIXTURE;2
LOYALTY;4
EXPANSION;8
PATED;2
HOPE;1
NONSUBMISSION;1
INSOFAR;1
DOWNSIDES;1
PHAR;4
COMPETE;2
COMPETI;1
DEBTTOEQUITY;2
ZHANG;1
CONDITIONAL;1
ASCERTAINED;2
COOPERATE;4
DISADVANTAGING;1
LABOUR;22
PROHIB;1
1999/1;1
PRETAX;1
SEASONAL;1
TAXATION/OECDTRANSFERPRICINGGUIDELINESFORMULTINATIONALENTERPRISES;1
BORROWS;1
DIFFI;3
RISKY;4
FLUCTUA;1
UCT/SERVICE;1
2350;1
RETENTION;1
UALLY;1
ROLES;10
ABDUL;1
DERS;1
15FOLD;1
DISCOUNTED;5
ASSISTANCE;41
TP;35
42”;1
USHER;1
A4;1
SPONDING;1
XYZ’S;1
AE;20
AD;5
14000;1
AL;1
AO;2
INVESTED;5
ACCELERATE;1
IMPLICIT;4
CONTENT;6
DEPARTING;4
INELASTIC;1
SIMPLES;1
SUMMARIZES;1
UNDERSTANDS;2
COMMITTING;2
G20;13
HOSTED;1
ACCRUE;3
DISCREPAN;1
SUMMARIZED;6
“POLICY;1
RECREATIONAL;1
DEALER/DIS;1
EXPORTS;23
RENEWED;1
VITAL;1
PROCEDURE;64
IMPARTIALLY;2
AVOIDING;14
HTTPS//ECEUROPAEU/TAXA;2
DEMANDING;2
COMFORTABLE;3
STRESSED;2
TRANSACTIONS	597;1
EN#VN2WFCA0DU;1
SEAS;1
SEAT;1
MOTORCY;1
DENTS;1
SUPPLEMENTAL;2
EURIBOR;1
ELEC;3
S’S;1
ATTRIBUTED”;1
STATES’;1
HIGHYIELD;7
UTOR;3
COARSE;1
COMPANYWIDE;1
MIDDLE;2
CONTRACTS’;2
SITUATED;5
JECTED;1
SECTORS/TRANS;1
SLOWLY;1
	AUDITS;1
MEETING;13
AUDI;1
4MONTH;1
3TIERED;1
LIFESPAN;1
VISES;1
JUDGEMENTS;2
AUTHORITIES”;1
PARLIAMENT;2
AUTHORITIES’;5
APPARENT;3
CORRECTNESS;2
LARGEST;5
CONSECUTIVE;2
PRESTIGE;1
MARC;1
PRODECON;2
JOURNEY;4
STRUCTURE;59
INDICA;1
TOR;2
TURNS;2
INDUSTRYWIDE;1
UNUSUALLY;1
UNCONDITIONAL;3
HIT;2
INCOR;3
TREND;6
SETTLED;2
CIRCUMSTANCES65;1
FACTURER’S;1
INCON;1
ACCORDINGLY”25;1
TRANSACTION”;5
ARABIC;1
DEVELOPMENTAL;1
FERRED;2
CAPITALIZATION;26
ASSIGNMENTS;1
“AGGREGATION”;1
COMMITTEE”;1
ACADEMIC;1
ECONOMIST’S;2
RELOCATION;5
LEGES;1
RAW;32
ELECTRICAL;1
MNES85;1
ROAD;1
“RESIDUAL;1
COURSE—;1
DICTIONARY;2
CONNECTIVITY;2
CONSULTANCY;4
ARRIVING;5
MIZE;2
PERSUADE;1
EXCELLENT;3
EVALUATIONS;1
PRUDENT;3
POSTBEPS;4
TRANSPORTATION;9
PRODUCER;2
DISSAVINGS;1
700;4
IFY;1
FIRM’S;1
EFFORTS;28
PUBLICALLY;1
MATERIAL/COMPONENTS;1
EGYPT;4
CEN;1
PLAYED;2
THORNY;1
CER;1
RECOMPUTING;1
REJEC;1
MOTIVATING;1
“BELOW;1
WILLFUL;1
HTTP//DXDOI;2
1980;1
INFORMATION/COMMUNICATION;1
ADHERE;1
CONFI;4
PLASMA;1
LENGE;1
CONCILIATION;2
READABLE;1
CHAL;3
OPERATING/;1
FAST;2
MUM;1
1989;1
“CHERRYPICKING”;1
NOTWITH;1
ISSUER’S;1
WORD;2
PAYABLES;3
ASK;2
NUE;2
COMPETENCES;1
CONVEN;2
TIED;2
CONVEY;1
INTELLIGENT;1
CONVER;1
EASILY—CONSIDERABLE;1
TNMM?;1
COMPARABLES	362;1
NARROW;4
BOOMING;1
CLIMATE;6
WELLDOCUMENTED;1
STATED;24
ADVISORS;6
EQUIPMENT;24
RECOMMENDED;11
PATE;1
DURATION;5
PATH;3
CUR;2
FERENCES;3
NONDOMESTIC;1
560;3
GRAVI;1
TRIBUTION;2
DOZENS;1
“DIFFERENT;1
MIND;15
YIELD;9
GREATLY;7
		PRACTICAL;1
RESPONSES;8
GENER;8
ARATION;1
FIRMSPECIFIC;1
SKILLS”;1
ADVOCATED;1
UNAVAILABLE;6
SEARCHES;5
“BUYOUT”;2
ADVOCATES;3
RMBD;1
LENGES;1
EXPLA;2
PROPRIETARY;4
HEIGHTENED;1
EXPERT;9
USERFRIENDLINESS;1
COMPUTATIONRELATED;1
“TAXPAYER’S;1
EXPERI;3
WARRANTIES;4
D	COMMENTS;1
REGIMES	385;1
121;2
122;2
FLAGS;1
CULTI;1
129;2
30DAY;1
ENCOUNTERED;3
FAILED;3
JURISDICTION/S;1
CONSERVATISM;1
TOOLING;4
EQUIPPED;2
PRICINGSTUDYPDF;1
CAPAC;7
VALIDITY;7
B1	CASE;1
INLAND;1
FUNCTIONALITY;3
ENSURED;2
QUICK;1
REALLY;2
TUAL;3
LARGER;11
CHEAPER;3
DAYTODAY;4
“GAPS”;1
PLEAD;1
SWIFT;1
LAW”;4
EXIST126;1
ATTRACTED;1
BOCHSLER;1
FORECASTED;1
	8;2
“PANACEA”—A;1
	1;2
‘UNIQUE;1
	2;1
	6;2
SEVERE;4
EDWARD;1
EXPERTISE;36
RETRIEVE;1
ABSORB;4
SUFFI;5
PREFILING;2
	DOCUMENTATION;1
POSTBUSINESS;1
MAKERS;7
SECURE;4
DENIES;1
ENTERS;6
RECEIV;1
KYUNG;1
ACADEMICS;3
MOTOR;1
IMPORT/EXPORT;2
NEVERTHE;1
OPCO?;2
CENTRE;19
2ND;1
BEANS;1
IMBALANCE;2
PRESUMP;1
HE/SHE;1
BILL;2
TEMPLATE;7
RENEGOTIATED;3
PROHIBITS;1
BUDGET;13
JURISDICTIONBY;1
MIRROR;1
PONENTS;1
OECD/G20;33
UPDATING;6
PPA;6
OMITTED;1
“PARKING”;1
AUDIENCE;1
FIRMS14;1
LVAIGS;1
ABREAST;1
INDIS;1
JUDGED;1
JAPAN107;1
EVERCHANGING;1
SUSCEPTIBLE;6
HTTPS//WWWOECDORG/TAX/DISCUSSIONDRAFT;1
VIABILITY;2
LARLY;6
MAPS;2
TRUSTEES;1
TIALLY;3
POSSESS;1
ASSIGNING;2
ADJUSTMENTS	SEE;1
MARKING;2
INTERQUARTILE;8
GST;1
“BUYIN”;3
TOOLS?;1
BS;1
CRUDE;1
TIE;1
RESULTANT;1
THEMSELVES13;1
“WHILE;2
TIC;11
CESSES;2
IRM_04060HTML;1
INTERVENTIONS;1
FACING;9
TIOUS;1
78000000;1
CONVERSIONS;1
VENDOR;2
BUILT;8
DESIGNATION;3
DEFICIENT;1
PREDICTING;1
B	;1
BENEFITTING;5
GENERATION’;1
SYNERGIES”;1
BUILD;15
HTTP//WWWOECDORG/CTP/DISPUTE/MANUALONEFFECTIVEMUTUALAGREEMENT;1
OVERUTILIZE;1
B4;22
B5;25
B6;18
INTRO;2
B0;38
B3;26
B8;17
B9;10
107500;1
HTTPS//WWWIRS;1
982;1
GANAPATI;1
RECURRENTLY;1
EES;1
RESIDENCEBASED;1
PROBLEMSOLVING;1
CIENT;7
COORDI;1
CHAMBERS;1
HTTP//UNCTADORG/EN/DOCS/WIR2004_ENPDF;1
INTERNALIZATION;1
	GENERAL;1
FULLFLEDGED;4
ROA;6
LEGISLA;10
DELIBER;1
ENTIRETY;4
LLM;1
LLB;1
OVERREPORTING;2
ASCRIBED;4
PITFALLS;1
COMING;2
USAGE;2
PROPORTIONAL;7
PETITIVE;1
STAGED;1
HANDED;1
MOLLA;1
“DATA;1
STAGES;16
CUTOFF;4
CONSOL;1
CROSS;6
REVIEWABLE;1
EMPHASIZED;8
ABROAD;20
DEDUC;3
SUPREME;3
POLICYMAKING;3
NONLOCAL;2
MANUFACTUR;11
ZATION;4
CGS;1
XXVII;1
COMMONWEALTH;2
BEGINS;1
FEA;2
CHOOSES;2
IMPLIED;1
OFFICES;8
OFFICER;8
LOWTAX/NOTAX;1
INSISTED;1
APRIL;6
SYNERGY”;1
RESULTS/PROFIT;2
720;1
APTLY;1
PARTICIPANT’S;24
MARKET/INDUSTRY;1
DRIVE;2
MINDS;1
POSTACQUISITION;1
AVAILABILITY/PRIORITY;1
ATHTTP//WWWKEEPEEKCOM/DIGITAL;1
NEWS;1
“GOODWILL”	400;1
“EXPECTED;1
MAPPING;2
PREMISES;10
HARBOUR”;1
KENYAN;1
GUIDELINES5;1
RULED;1
DIVISIONS;9
MOSTLY;7
MILLIONF;1
8000;1
DISTINCTIONS;1
WAIVERS;1
DEPENDENCY;1
‘TIPPED;1
DETECT;5
SKILLSETS;5
PERPET;1
ALFONSO;1
UNDERLIE;1
“POOL”;1
PLACEMENTS;1
FOLLOWUP;6
PRODUCTION”;1
ENDS;1
SUPPLY;37
DESERVE;1
UNABSORBED;2
22000;1
SUPPLE;1
DISMISSIVE;1
VALUED;11
WEALTH;2
GROUP17;1
B28;1
TELEPHONE;3
INTENSIFIED;2
HARBOR”;2
	38;1
INVESTING;1
JUSTI;2
	30;1
	34;1
PURELY;10
KEYWORDS;1
“RETURN;1
10B;1
SYNERGETIC;1
10E;1
RECIPIENT;34
URGENTLY;1
CAPTURING;1
COMMOD;4
SEQUENCE;1
THEREAFTER;1
108;1
109;2
102;3
153154;1
106;2
107;2
MATED;1
SUBSIDIES;4
HTTP//WWWOECDORG/CTP/TRANSFERPRICING/REVISED;1
SENIOR;15
INTANGIBLES?;4
”INBOUND;1
EVOLVING;1
PERMITS;2
RICKSHAWS;2
SIZED;6
		TRANSFER;3
“JUST;1
REMUNERA;1
TASK;14
TABLY;1
MONIQUE;2
PACIFIC;5
GUIDES;2
ENACTED;2
ORDINANCE;1
RETAINS;3
SUMMARY;18
UNSUITABLE;1
EMERG;1
		OWNERSHIP;1
BACKUPS;3
LITER;1
POSAL;1
UNIVERSAL;1
SEAMLESS;1
CHASE;1
UTILITY;4
VANTAGE;1
CALLS;4
CALLY;8
DAVID;1
DOCST/CTC/56;1
SUPPLEMENTED;5
RESTRICTED;1
HELPDESK;1
HTTP//SEARCHOECD;1
RESPECTED;3
UNDERPINNING;1
PILOT;5
COMPETENCIES;1
DEFINITION/VALUE_CHAIN;1
“HOW;1
ANTS;1
CLASSES;4
BIND;3
POLICYMAK;1
CENTERS;1
AUTOMOBILES;5
A’;2
SKILL;11
NIZING;1
SIGNPOSTING;1
ERATES;1
UNUSUAL;2
RAPID;4
RUPEE;1
JUSTIFIES;2
ECONOMI;1
ENTERING;10
MULTIPLY;1
DINATED;1
CURTAIL;1
VOLITION;1
“PPA”;1
GAAR;3
PRL;1
“SIGNED;1
SUGGESTIONS;2
JOB;4
RELO;1
RELE;8
APPOINT;2
IP”;2
MONETARILY;1
TRATED;1
ROCE;6
BALANCED;4
COMPLIED;5
URES;3
AE’S;2
MONTH;1
CFOR;1
ADJUSTMENTS	374;1
ORDINARY;14
GOOD;39
MANUALS/INTERNATIONALMANUAL/INTM422010;1
STRAIGHTFORWARD;2
QUES;3
	CURRENT;1
296;1
FIXTURES;1
FREELY;2
“WHICH;1
GLASS;2
PREMIUM”;1
100000;1
DISCRETION82;1
ONTHEJOBTRAINING;1
MUTU;1
	SPECIFIC;1
MISSION;10
MATERIALS;40
BORROWINGS;1
		OTHER;1
“TERMINAL;1
RABLES;11
MUTUAL;48
ECO;4
RECOGNIZE;6
RMB;20
EXPI;1
TERMINA;1
REQUIRED—;1
EXPE;5
HAPPENS;4
DAUNTING;1
ORG/1787/9789264241244EN;1
DETERRED;1
PRIMAR;1
WEIGH;3
“COST;1
JOHN;1
FALSE;2
TWENTY;2
HOUSEHOLD;1
INTERPRETA;1
BESTOWS;1
NEURIAL;1
AUTOMA;1
INTERPRETS;1
OILSEEDS;2
MNES’;3
FRAGMENTED;2
INTERPRETATION;9
RESTS;4
SIFICATION;2
NOTAX;4
		RELATIONSHIP;1
EVOLUTIONARY;1
SANCTIONING;1
TERMINATED;5
CARTONS;1
TEMPORARY;5
GRAINS;2
INTERACT;2
NEVER;5
POS;3
CARS;3
ASSISTANTS;1
1—GPM;1
LEND;1
LEASED;2
LANGUAGES;5
LEASES;1
SMES;23
ARTICLES;5
IMPRESSIVE;1
“SIXTH;8
PRICE”75;1
SHOPPERS;1
SKILLS129;1
HTTP//WWWOECDORG/TAX/BEPS2015FINALREPORTSHTM;1
MENTS;44
IBLE;1
ISSUANCE;5
NARROWED;1
“TRADE;1
RATIONALITIES;1
INITIATIVE”;1
“CAPTIVE;1
CLOSURE;5
“TRANSFERS”;1
COMPANIES”19;1
EXEMPTED;3
HELPED;1
DISRE;2
EXTENDS;2
B	OWNERSHIP;1
UNIFIED;1
SUMMONS;2
“INCORRECT;1
MARGIN”;2
ALEXANDER;1
GATHERED;6
DELINEATING;4
ECONôMICOFISCAIS;1
STATIC;1
OPINION;9
MULTINATIONAL;53
OGNIZED;1
07;1
WILLFORS;1
B	THE;2
MERCHANDISE;1
GENUINE;2
GENEVA;1
CIAT’S;4
AOYAMA;1
REGISTRATIONS;2
DEALINGS;7
B03;1
ACTIVELY;9
B05;1
B04;1
HALF;1
NONADVERSARIAL;1
IN”;1
DESIGNATE;1
GROUND”;1
RCO—R&D;1
DRYER;1
NIZABLE;1
ECONOMICAL;1
CONCEPTS;15
	14;1
	10;2
COMPETITOR’S;2
BULK;3
“VISION”;1
B	CALCULATING;1
C+;1
16D;1
16E;2
16A;1
	ASSESSING;1
C9;1
C8;1
DINATE;1
C0;2
C7;1
C6;1
C5;3
INVALIDATE;1
AGEMENT;4
CO;229
CM;1
WAREHOUSING;2
OBJECTION;2
LAWATOGOVAU/ATOLAW/VIEWHTM?DOCID=TXR/TR19991/NAT/ATO/00001;1
HTTPS//ENOXFORDDICTIONARIESCOM/;2
MISUSE;1
CP;2
TRANSACTIONS/MNES;2
SELLING/DISTRIB;1
“CHECK;1
DELIBERATE;9
“Y”;1
CHARTS;7
THEORETICALLY;1
PUBLICA;1
B	COMPARABILITY;1
“MISPRICING”;2
APPEAL;5
ARRANGEMENT?;1
‘SIXTH;1
DEMAC;1
PROFITS/INCOMES;1
ELECTION;1
LIABIL;1
REORGANIZATIONS;3
MOTIVATED;1
SUBMISSION;6
HYPOTHESISING;1
RIALLY;1
“TRANSAC;1
MOXNES;1
EMERGE;1
ASSISTING;5
COMPROMISING;1
“LOSS;1
TENDENCY;1
INEVI;1
MISSES;1
INDICATION;4
2	THEORY;1
KOREA’S;2
LOADING;6
“WORLD;3
SION;9
SCHENK;2
EXPIRY;1
EXPIRE;1
LABELLED;2
GRAMME;1
NITIES;2
ITIES;18
FREIGHT;3
SEMIFINISHED;1
ALLY;18
FORMALLY;1
BAKER;4
RP06PDF;1
LIVING;1
CUSTOMARILY;4
PEREZGOMEZ;1
TWOYEAR;2
OMIES;1
LOWCOST;16
REMOVING;2
OUTPUT;5
DOMAIN;5
SURE;6
CONSTI;2
STEFAAN;1
PORATE;1
MANIFESTED;1
RESPECTS;6
CONCUR;1
MARKETEER/DISTRIBUTOR;1
PROTRACTED;5
READONLY;1
SPEEDIER;2
METHOD”52;1
STATUTORILY;2
ENUES;1
BENGALURU;1
OPERATOR;1
LUTION;2
STANDARDIZE;1
JOURNALS;1
PROVISIONAL;4
Z’S;1
TERRI;1
HEADQUARTER;1
MATE;6
REMOVED;3
IMPERFECTIONS;1
SUC;1
SUB;6
PRICE	=	US;1
SUN;1
INTEGRALLY;1
HORIZONTAL;1
BACK”;1
TEN;11
SHANGHAI;1
FRUIT”—MEANING;1
CONTRACTU;1
	METHODS;1
RECHARACTERIZING;2
TIONS”;1
FAVORABLE;1
1990S;3
TER;7
RENE;1
REFERRING;2
FRAUGHT;1
COUNTERPART;1
COMPLIANT;4
RENT;8
BORDER;4
ENDEAVOUR;1
RESSINGDIFFICULTIESINACCESSINGCOMPARABLESDATAFORTRANSFERPRICING;1
PROCEEDING”;1
REPLICATING;1
VIABLE;1
LESSONS;3
CARIBBEAN;1
DEDICATE;1
DISA;1
DISC;1
HELPS;11
NATIONAL/INTERNA;1
VIOLET;3
DISK;1
PROBLEMATIC;2
CIATGIZ’S;1
TRADES;1
HTTP//WWWOECDORG/CTP/ADMINISTRATION/LISTOF;1
SIONALS;1
SPECIALISTS;11
		ORGANIZATION;1
‘STAND;1
HOC;4
TRADE4;1
D6;1
ALLOWABLE;2
COMPRE;3
“TEMPLATE”;2
D5;1
FAXES;1
ANALYZESPDF;1
REPLACING;2
TECHNO;4
SUBMITTING;1
DIALOGUE;6
INDUSTRIALIZATION;1
1ST;5
TREATMENTS;1
“INTERNATIONAL;2
SUPPLEMENT;4
LYING;1
CONCERTED;4
B	PARTICIPATION;1
CHINESE;80
INGELA;1
CONCRETE;1
EXTRACTIVE;1
DEPARTMENT;26
CONSISTING;3
92C;1
PASSED;4
FIX;1
OUTREACH;1
DINATION;1
FOREIGNOWNED;4
FIL;1
GAINING;3
ETHICAL;1
AMR;1
LAWYERS;7
TECHCO;7
1999;1
UTORY;1
DIFFERENTIATE;2
GROUPINGS;1
UTORS;2
REALISTI;2
LAWYER;9
PERIODIC/EXTRAOR;2
NNRSDNTS/CMP/MP_RPRT_20142015ENGHTML;1
CONTROL”;1
NERSHIP;2
“CONTROLLED;1
ENACT;5
LIKEMINDED;2
	SETTING;1
UNPROFITA;1
COOP;2
NOTIFI;1
FAVOURA;1
TERED;3
	SELECTION;1
FLAG;1
FAVOURS;3
ARBITRARY;3
NECES;7
ENTAILS;4
9430/1996;2
RCO’S;1
“LAST;1
CONVENTION33;1
MILESTONE;1
THINLY;1
ENQUIRY;1
DELAYING;1
STRAIN;1
AFRICA’S;8
CONTRAC;2
LATIN;2
BRANCHES;9
OUTSOURCES;1
INVOICE;4
AMERICA;3
OUTSOURCED;8
	62;1
INTERMEDI;2
DEPARTMENTS;5
AUS;1
TIATION;1
JOIN;5
NEUTRALLY;1
OVERRUN;1
ADVERTISE;1
REPAIRS;1
BRAZIL’S;5
“LOW;1
NONCOMPULSORY;1
INVOICES;4
LTOS;1
VANCE;1
APPROXIMA;1
SIMUL;1
POSSIBILITIES;3
PRIORITIZATION;2
ATAF’S;1
DISSEMINATION;1
JUDGMENT;6
INVOICED;4
DINARY;2
GUIDE_MAPPDF;2
MAINTAINS;4
“DIFFICULT;1
CORPO;1
SOFT;2
DENTAL;1
TECHNOLOG;1
RIENCE;3
ACTIVITIES/TRANSACTIONS;1
COMPUTER;7
PROMOTING;6
MANIPULATE;1
EXCHANGED;1
PURCHASERS;2
SUBSIDIAR;1
563/2012;1
COMBATING;2
EXACT;10
APPROACHED;1
COMPUTERS;3
HTTPS//WWWOECDORG/TAX/DISCUS;1
HEADQUAR;1
FURNISHED;2
PARTY?;1
“ANNUAL;1
PARTY/;2
WTO;4
CONSUMING;3
DISTORTING;2
COMMERCIALLY;13
CENTRES;16
DISPROPORTIONATELY;2
CAUSE;5
INVITING;2
COPIES;2
JOINTLY;3
“PROFIT;2
POSES;1
RECOG;7
NONOECD;3
SIMILARITY;6
RECOM;4
EDITORS;1
BRAND/TRADEMARK;2
ISTRATION;19
VIEWPOINTS;2
POPULATION;3
DOMICILED;2
HTTP//NORMASRECEITAFAZENDAGOVBR/SIJUT;1
PERMA;1
HENRYK;1
ADMINISTRATIVELY;1
DATAFORTRANSFERPRICINGANALYZESPDF;1
GUIDED;2
ATTORNEY’S;1
BONUSES;1
A™;4
ADAPTATION;1
STIMULATE;1
COSMET;1
NEGOTIATED;5
DAYS;7
INDIA’S;1
“CUT;1
INTERCHANGEABLE;1
QUARTERED;1
BRACERO;1
PLAN—WHAT;1
URED;1
UNKNOWN;6
IST;1
1A;1
BASIS”;1
GOV/PUB/IRSAPA/482_REGSPDF;1
1B;1
POSTAUDIT;1
TEMPORALITY;1
ASCENDING;1
VIOLATES;1
ISE;2
PVV;1
ISTRATIONS;11
LAYING;1
ECONOM;6
PVA;1
SARILY;1
PROFIT/OPERATING;1
PARENTSUBSIDIARY;1
D	SERVICES;1
FORETELL;1
INCOMPATIBILITY;1
PUBLICIZE;1
GUARANTEES;8
16;8
LIST;44
AVAILED;1
ROUNDTHECLOCK;1
ELEVEN;1
PENETRATION;13
CONGLOM;1
CONSTRUCTED;2
“EXISTING;1
ACCI;1
DA;1
RECOMMENDS;3
OLIVIER;1
BROCHURE;1
NENT;2
DT;2
CCA’S;1
REALLOCATIONS;1
DISPARATE;2
SUB’S;1
INFREQUENTLY;1
VIOLATIONS;1
PARTY/PARTIES;1
IENCE;1
INTE;3
METERING;1
TENDS;4
SERIOUS;5
COPY;4
ENDEAVOURS;1
RAISING;4
D8;1
20	;1
D7;3
REVISION;2
D2;2
D3;5
D0;2
D1;10
REMEDIES;2
WC;1
TIFIED;4
92F;1
ASSERTIONS;1
REMEDIED;1
PROFILER/ASSESSOR;1
“DISSAVINGS”;2
DISCOUR;1
RIG;4
FORMANCE;1
LANGUAGE/MAPREPORT/PDF;1
RIA;2
RECONSTITUTED;1
THEM86;1
GROUPED;3
REPRESENTATIVE;1
PENETRATED;1
ANTICIPATION;1
SAFEGUARDING;1
IMPROV;3
926;1
TOBACCO;1
STATES108;1
COORDINATES;1
HUNDREDS;2
SVEN;1
AUDITOR;8
GROSSLY;1
TATIVE;1
STATUS”;1
“RELEVANT;2
SCIENTISTS;1
MULTIPLEYEAR;2
ADVI;1
MAGNITUDE;2
SUSTAIN;1
FOB;1
FOL;1
HTTP//WWWSARSGOVZA/ALLDOCS/LEGALDOCLIB/SECLEGIS/LAPDLSEC;2
DEFINITION/SUPPLY_CHAIN;1
TERPARTS;1
DEDUCTIBILITY;1
SPOTTING;1
DONORS;2
UNFORTUNATELY;3
FOOT;1
ENVIRON;1
SUBCOMMITTEE;40
FACTFINDING;6
CONTRACTUAL;76
SALES/COMMISSION;1
ACTIONAID;1
ACCOMPANYING;6
REGISTER;1
IMPACTING;1
EXPIRATION;2
UNCONNECTED;1
EXAMINERS’;5
OCCURS;13
MINECO;7
499/2008;1
SEATS;9
UPTURN;1
JURISDICTIONBYJURISDICTION;1
MAXIMIZE;7
TIVE/MARGINAL;1
PRIVI;1
BEIJING;1
INAPPLICABLE;4
MONITORING/TRACKING;1
MINISTRY;8
TIONATE;2
RESPONSIBIL;1
30TH;1
BENON;1
RELIEVED;4
ACCOUNTING/ASSESSMENT;1
REJECTING;1
UNAVAILABILITY;1
ENUE;1
MATERIALS”;1
ACQUIRER;1
PROOF;68
DECREE;2
REPLACEMENTS;1
FINANCED;3
RECORDED;7
HOURS;1
CARMEN;1
FINANCES;2
INSTILL;1
®®;7
“NOTIFICATION”;1
EMPIRICAL;1
INTERPRETING;2
RALLY;1
METHODOLO;1
JOHAN;1
NONCORE;3
PURPORTED;2
	DEVELOPING;1
RATIONALITY;3
INCEPTION;4
PRECISELY;2
SECRETARIAL;1
PROFESSIONALS;4
PARTICIPANTS’;3
PURPOSES44;1
“SELFEXECUTING”;1
PREDICTABILITY;4
SIXTYFIFTH;1
FIRSTTIER;1
‘FLAGSHIP’;1
CORRE;1
CUSTOMS’;1
KEMMOCHI;1
GRANT;5
100000C—IF;1
THIRTYFIFTH;1
INSIGHTS;2
MISPRICING;13
NOMENCLATURE;1
INTERFERE;1
	58;2
	54;1
COUNTERPRODUCTIVE;1
TUTED;1
OUTLINES;2
FOLLOWS55;1
AUDITING;10
TRANSFERPRICINGANALYZESPDF;1
SCALABILITY;1
DOCUMENTING;4
	CONCEPTS;1
HAVENS;4
BEGUN;1
TUNITIES;1
PRESENTATIONS;2
IMMOVABLE;1
SHEET/WORKING;1
MERGERS;1
REQUIREDB;1
840;2
NITY;2
6038AE;1
PITEX;1
NITE;1
INDEPENDENCE;3
“CURRENT”;1
UNILAT;4
RANT;1
VENDORS;1
STANCES;17
FOSTERING;2
IDENTIFIABLE;9
PROVING;2
COST/;1
ENABLING;3
MASTER;36
ATTRACTIVE;3
COSTA;2
MANUFACTURES?;1
SERIES;10
APPRECIATION/DEPRECIATION;1
RULES	371;1
OBLIGATE;1
“TICK;1
TRANSMISSION;2
PASSTHROUGH;3
SENSITIVITY;1
SHANWU;1
ANALYST;2
TRANSACTIONSPECIFIC;2
METHODOL;1
PERTAINING;5
COFFEE;1
USC;1
USA;8
RESISTANCE;2
USU;1
“CARE;1
DISADVAN;2
REQUIR;1
GATHERING;12
“COMPARABLE;1
LIMITEDRISK;5
UNREALISTIC;5
482;6
480;4
RECEIVED;36
INTERMEDIARY’S;2
SUMMARISES;1
CONTACTS;7
HANGZHOU;1
ENSUR;3
GIES;2
CIVIL_100122_SOC_AGENDA_FOR_OECDPDF;1
LOWERS;1
DEEPER;1
STANDBY;1
PROMINENCE;1
WORKERS;1
SIX;14
“CORPORATE;1
SIG;1
ANTIDUMPING;1
POPU;1
SUBSTANTIATION;1
EMAILS;1
SIM;1
B	INTRODUCTION;5
TAS;1
MERIT;1
TAA;4
SUGGESTING;2
RATING;5
PARLIAMENTS;1
FEEDBACK;4
FORUM;8
UATE;1
BUNDLE;4
TIGHT;1
INFLUENCING;2
CASEBY;1
DETERMINATIVE;4
SPECIALLY;3
PENSIONS;1
“UNCONTROLLED;1
THEM130;1
NONCONFORMITY;1
BIGGEST;3
AGGRESSIVE;4
NONRECOGNITION;2
MANDATORILY;1
TUNING;2
REFLEC;1
TALKING;1
OBTAINS;1
CAREFULLY;14
	RELATED;1
GLOSSARY	631;1
BLY;8
MELINDA;1
K;1
SUPPLEMENTS;1
MULTINA;5
HCO;7
ADDRESSES;10
FRUITLESS;1
CLEARER;3
1312/2012;1
DRAFTING;9
UNANTICIPATED;2
PRUDENTLY;1
SELFADJUSTMENTS;2
–B10;1
RECONSIDER;2
PRIORITISE;1
PRACTICES136;1
GLOBALIZED;2
HOLDER;2
PROJECTS;4
ENGINEER;2
B	PREDICTING;1
MERITED;1
RECEIPT;1
IRS’S;1
HTTP//WWWHMRCGOVUK/;1
PANIES;4
OPTIMIZATION;1
OUS;4
	BURDEN;1
AFFORD;3
URABLE;1
ORDERLY;1
LTO;1
JUDI;3
AMPLE;1
COMPANY´S;1
STATES121;1
AMPLY;1
ONSITE;1
PATTERN;8
TRAINEES;1
RIGOROUS;3
TIFYING;1
INSURING;2
IGNORED;3
COHERENCE;2
CHOO;1
FLEX;1
CABLE;3
TRANSPAR;1
SIONAIRE/COMMISSION;1
		EXPERIENCES;1
COLLECTIVELY;2
HTTP//WWWOECDORG/CTP/DISPUTE/MAPSTATISTICS2006HTM;2
INDIVID;3
CEDING;2
HARBOURS;37
STATIONED;1
“MARGINS”;1
CONCURRENCE;1
PROB;4
IMPUTE;2
TRAINED;6
UNTAXED;1
BROKERAGE;3
DYNAM;1
REVISIONS;3
ENDORSE;5
PRISE’S;2
‘SOFT’;1
27;3
GENERALISTS;1
PROMO;1
IMPORTS;33
28;5
CHEMICALS;5
SHORTAGE;2
ERATION/CUSTOMS_TAX_GUIDELINES_EN_FINALPDF?DB=WEB;1
LENGTH73;1
KINSHIP;2
ADOPTS;1
CORPORATION99;1
ADJUDICATED;1
PAYERS;1
WELLEDUCATED;1
RECRUITED;1
JURISDICTION’S;1
“REASONABLY;2
SHORTCUTS;1
RELAT;2
INSPEC;1
SHUIZONGFA;1
“REASONABLE;1
INTERPRET;5
EXAMINER’S;1
CONTEMPO;3
PATA122;1
QUICKLY;11
		ORGANIZATIONAL;1
WORKINPROGRESS;4
DISCOURAGE;3
CHAIN;56
HTTP//WWWOECDORG/TAX/;1
EXACTLY;4
EQUALIZATION;1
DENT;2
LICATIONSTAXCOMMITTEEHTML;1
PRESS;4
CHAIR;1
LSAS;34
INQUIRIES;1
OPERAT;6
“ESTABLISHED”;1
EE;1
ED;1
EXPLANATORY;1
RISK/HIGHER;1
NARROWING;1
STRUGGLE;1
LAUNCHING;1
AUDITOR’S;3
11941/2009;1
“IMPERFECT”;1
PAPER;12
MULTIFUNCTIONAL;1
EXAMINERS;30
RECIPI;4
LEGISLATION37;1
MOTIVE;2
AMBIGUITY;2
SOVER;1
STRINGENT;2
NONREPORTED;1
HOSPITAL;1
RECOGNIZED43;1
RELATIONSHIPS;20
INTERNATIONALLY;9
BERRY;11
BUNDLE	250;1
PROCEDURESMEMAPHTM;1
“PRINCIPAL/ENTREPRE;1
THIRTY;1
DISTINCTION47;1
MECHA;4
2020;1
EXAMINA;4
“BUY;2
GRATITUDE;1
GRADUALLY;3
BUILTIN;1
ASSISTANCE	IN	PLANNING	AND	IMPLEMENTING	CAPITAL;1
“INCUBATOR”;1
RISKS”;1
MENTIONED;27
RPM;8
CRIMSON;8
UNEX;2
LIMITLESS;1
WATCH;1
MICROPROCESSORS;1
CLAUSES;4
PUBLISHED76;1
CIALLY;8
PRODUCTRELATED;1
CLIMATE”;1
IPANTS;3
CONSENSUS;13
ENTREPRENEURIAL;6
OUT”;2
D	LOCATION;1
OPERATE?;1
DISCUS;1
NATU;1
WAIT;1
“ZERO”;1
FUJITA;2
OURED;1
ENTITLEMENT;1
	VALUE;1
ASSIGNED;6
EXER;1
FRAMED;1
HANDLES;2
525000;1
ATIONHTML;1
REPRESENTA;1
AGGRES;1
PARENT’S;1
FORCING;2
PORT;1
ISSUES?;1
OVERCHARGING;1
RESTRUCTURE;1
NOTIFICATION;9
CONSTITUTIONAL;2
GEOGRAPH;1
PPAS;1
GEN;2
REVIEW”;1
TIMEFRAMES;1
VISIT;8
SERVING;2
MANDA;1
OFFICE’S;1
RESOLUTION	598;1
SHIFTING—YEAREND;1
SUBSCRIPTION;1
SESSION;4
DELHI;1
COMMISSIONAIRES;2
BILAT;4
ENJOYS;4
TWOFOLD;3
OFFICE;24
LISHMENT;1
REGIS;3
NATIVE;2
FASHION;4
HTTP//WWWUNORG/ESA/FFD/DOCUMENTS/UN_MODEL_2011;1
MEDIUMSIZED;5
TOOLKIT;6
IMPUTATION;2
OPPORTU;4
OCCU;1
TRUSTED;2
UNEXPLORED;1
“SUBSTANCE;1
COMFORT;1
USING?;1
PREM;2
AMENDMENTS;7
960;1
TISE;3
RONMENT;1
TRAL;1
RUDIMENTARY;1
INDEMNIFICATION;5
OFFICIALS’;1
PREP;1
PRES;1
NERATED;1
CUMBER;1
INTERNATIONAL/MAPHTM;1
PAPER’;2
EARLYSTAGE;1
EXPORT;43
ORGANIZING;4
OVERRIDING;1
THREETIERED;2
RURITANIA;1
VERSIONS;1
76XII;1
AGGRESSIVE/STRICT;1
TERY;1
BUYS;1
TERS;1
OPMENT;8
LEVY;2
OCTOBER;11
◦;401
“INTER;1
PETROLEUM;2
CONT’D;2
NATIONS;39
WHITE;1
STRIVE;1
SPEYER;1
ACCESSION;1
PENALIZED;1
50/50;2
1961;1
NATE;6
REMUNER;2
“ECONOMIC;1
OUTRIGHT;1
APPROPRI;8
INFANCY;1
“UNIFORMITY”;1
GREE;1
CONDUCT”;1
TURE;3
OECD/GROUP;1
IDEALLY;14
UTILIZATION;5
PREDOMINANTLY;1
TRIGGER;6
ORDINANCES;1
EXPEDITE;3
HEARING;2
INFLATION;3
WWWCIATORG/INDEXPHP/ENHTML;1
BENEFICIAL;7
PERCEPTION;1
NONCHARGEABLE;3
COMMISSION’S;1
CHANCE;3
IZATIONS;2
INTENSITIES;1
PARTIES7;1
BENEFICIAR;1
ABUSED;2
TICK;6
TALENT;1
PROCE;7
MODERNIZA;1
VISION;11
308;1
CONTRACTUALLY;12
301;1
303;1
“TAX;3
ERROR;3
RELEASE;3
AFFILIATED;11
RISEN;1
PHARMACEU;1
FOLLOWON;3
AGREEMENTS/ARRANGEMENTS;1
PROFITCOMPARISON;1
SISTENT;2
DEVELOPER;1
PROVINCE;1
TRACE;3
—2015;3
I*H;1
201642;1
FLAGGED;1
MEETS;7
BILATERALLY;1
DENOMINATOR;3
“INCOME;1
DIREC;2
SOUTHSOUTH;2
DISCLOSURES;2
FAILS;7
AGGRESSIVENESS;1
NONCOMPLIANT;3
NETWORKS;8
PROCESSORS;1
FIRMS’;1
OVERESTIMATE;1
OPTICAL;1
WORKFORCES;1
FURNITURE;1
DECLINES;1
MELBOURNE;2
MECHANICALLY;3
DISCOUNTS”;1
ONE’S;1
UNINTENDED;2
DELE;1
CHOSE;1
SEVEN;5
IDENTIFIED69;1
LITIGATING;1
2002;5
2003;1
2001;2
2006;5
2007;11
2004;7
MENTING;1
POSSESSION;3
CANADA’S;1
CURATE;1
RITTER;2
COURSES;2
COMMISSIONAIRES/COMMISSION;2
ADDED”;1
HOUSED;1
INTERVIEWS;12
EFITS;2
PERCEIVED;9
RATIONAL;8
GRAMMES;1
	BASIC;1
CANADA106;1
MARKETER/DISTRIBUTOR;1
DICTIONS;8
PROVINCIAL;2
	RELATIONSHIP;1
REBATES;1
SYSTEMIC;2
“COM;1
CAROL;1
AUTONOMOUSLY;1
DRIVERS;5
CHARACTERIZE;1
NONEXISTENCE;1
DISTRIBU;5
DEVELOPMENT/;1
TEMPTATION;1
HYPOTHETICAL;3
“TRANSACTIONAL;2
MINATION;3
OCCURRING;5
RECONCILING;1
440;2
ELSE;3
FTA;2
PRODUCT?;1
APPETITE;1
AGREES;9
DEVELOPMENTS;32
REPRODUCING;1
DILIGENCE;1
CODES;4
SMU;1
SCENARIOS;2
MOMENT;1
KNOW;4
COOPERATION;24
TAL;7
‘INVEST’;1
SME;4
FETCH;2
POLI;3
ADMINISTRATOR;1
EXTRACO;3
REVAMPING;1
MATION;28
SOLUTIONS;24
EXTRACT;1
LITERATURE;1
EXCLU;1
CONTINGENCIES;2
MEASURABLE;3
DISALLOW;1
ACCUSATIONS;1
ARDIZED;1
TAILORED;7
F3;1
TRATION;7
“THINLY;1
ASSIS;1
ACCEPTING;2
EXECUTION;3
COMMISSIONER;2
APPROPRIATE81;1
VALUATIONS;5
KINGDOM109;1
UNRE;4
MITL;14
MITI;2
LOCAL/REGIONAL;2
SUSTAINABIL;1
GORIZE;1
CORPORATES;1
REASONED;1
ROUTERS;1
IMAGE;1
APPRECIATION/;1
“HOME”;1
ESSEN;1
WEI;1
ABC;1
RESOURCEINTENSIVENESS;1
ERLY;1
TRIANGULAR;1
SéBASTIEN;1
AZIAN;1
PRONOUNCED;1
CERTIFICATIONS;1
OUTPERFORM;1
TAXDRIVEN;1
DEFENSE;1
ELEARNING;1
CAROLINE;2
TOOLS;14
GUARANTEE;15
ONEROUS;1
JOSé;1
FINANC;3
MANAGERIAL;5
NONAVAILABILITY;2
TRUTH;1
PERSONS”;1
DONOR;4
TIVELY;4
EMBODIED;2
ANTICORRUPTION;1
TAXPAYER—IT;1
COORDINATOR;3
NONPARTICIPANT;1
FORESEEABLY;1
<;2
REINFORCED;2
TANKS;1
ELECTRICITY;3
WITHDRAWING;1
GROUP’S;33
OPENLY;1
PERSUADED;1
OFFICIO;3
HEADQUARTERS;17
APPLICABILITY;3
ORDER—IN;1
LEAFLET;1
INFORMATIVE;6
ARISES;11
PERIODICAL;1
LITIGANT;2
AIRFARES;1
COMPLETING;1
FAQS;1
VOLUMINOUS;1
MANAGER;1
MANAGES;3
CONVERGENCE;1
CONFRONTED;3
587;1
RECEITA;1
SUBSE;1
582;1
580;1
INTERME;1
CRUCIAL;6
UPDATE;9
GATHERS;1
CAPRICIOUS;1
AVERSION;1
STEEL;1
EXECUTED;4
C	EFFECTIVE;1
PATIENT;1
ACCRUING;2
	LOCATION;1
ASYMMETRIES;1
STEEP;1
WORTHWHILE;3
ORG/OFFICIALDOCUMENTS/DISPLAYDOCUMENTPDF/?COTE=TAD/TC/WP201027/;1
	CCA;1
PRIORI;1
EXCELLENCE;1
BANK;13
CHAIN”;3
CONTRIB;4
“SLIP;1
MOTORCYCLES;4
SPLIT?;1
PROFITEARNING;1
PENDENT;15
KNOWING;1
SCRU;1
ESSENCE;4
HEADQUARTERED;4
ASSISTS;3
“GUIDELINES;1
DIMINISHES;1
INAUGURATED;1
INTERPERSONAL/RELATIONSHIP;1
DISPROPORTIONATE;5
MAP”;2
ERATE;1
SIDIARY;1
DEADLINE;3
SPREADSHEET;1
“DAEMPE”;2
“ARM’S;8
	WHAT;1
COMMU;1
“GAP;1
SURPLUS;2
TRANSACTED;2
	DISADVANTAGES;1
HELPING;4
REALIZES;2
IMPORTING;3
328;1
HTTP//WWWWCOOMDORG/EN/;1
SHIPPER;7
LONGERTERM;1
DIVESTMENT;1
MACHINE;1
SHIPPED;3
INSTABILITY;1
EMPHA;2
WARE;3
CIENCY;2
GROWTH”;1
GRADE;3
TRADE”;2
MEANING;7
		COUNTRY;1
	TYPES;1
“STRIPPED”;1
INTEN;3
INCONSISTENTLY;1
TENDED;2
PROHIBITED;1
INTER;32
EXACERBATED;1
ELMONAYER;1
ABSORBING;1
DEMON;2
90/436/EEC;1
MATURITY;2
RESTRUCTUR;4
FORTHCOMING;1
SPORTING;2
BASEEROSION;1
MAGNETIC;1
PROCESSING;11
WINNING;1
SAVINGS;67
SONS;2
USE50;1
“FUZZY”;1
GAINED;8
RELEASED;6
SUBASSEMBLY;1
ACADEMY;1
NONBINDING;5
UNFAIRLY;1
COLLECTS;1
CONCEPTION;2
ASSESSMENT97;1
OECD’S;5
BOUNDARIES;3
ADAPTIVE;1
INCURRENCE;1
RELATIONSHIP”;1
TAGE;4
NONEXCLUSIVITY;1
AGENCY’S;3
MORE—MUCH;1
COMPEN;1
CLIENT;5
AVOIDED;7
RAL;2
ROODBEEN;1
ENCOURAG;1
TRIBUNALS;1
OLD;1
ERATIVE;1
VARIABLES;3
PRECLUDED;1
PVEX;1
EXPLAINS;3
EXAM;26
465;1
464;1
*EXAMPLES;1
FTA103;1
DIRECTORS;12
OPTIMAL;1
RANGING;1
TWOTHIRDS;1
PRACTICALITY;1
REQUI;4
CATORS;1
UNADJUSTED;1
RULES—THE;1
OPPOR;4
ARM´S;13
MACEUTICALS;1
ASSERTING;1
BLENESS;1
DTAS;1
GENEROS;1
	INTANGIBLES;2
VERDICT;1
NONEXCLUSIVE;1
BACKED;1
ER’S;4
SETTLEMENT;14
DOCUMENTATIONA;1
SUPERIOR;6
REFLECTION;2
GAS;5
MARKETED;1
WCOOECD;1
JUDGEMENT;4
PROFILERS/ASSESSORS;1
MODERATE;4
BOURING;1
AUTO;3
ADJUSTS;2
RELICENSING;1
JCO;4
WORTH;12
EIGNERS;1
ANDTAXADMINISTRATIONS_20769717;1
DECISIONMAKERS;2
SIONS;10
DETECTION;5
LIHOOD;2
SUBSIDI;2
RESIDE;2
PERMITTING;2
“CRITICAL;1
CINEMATOGRAPHIC;1
1GPM;1
SUBMITTED;17
SUBSIDY;6
MACEUTICAL;3
FUNDAMENTAL;6
COMPARABLE”;4
FRENCH;1
75TH;1
CONNEC;2
TERMED;3
288;1
APA/ROLLBACK;1
CAPITAL”;1
EXHAUSTIVE;10
EVENTS;12
PERMUTATIONS;2
LENNARD;2
SPECIALIZING;3
TREA;6
HTTP//WWWUNORG/ESA/FFD/DOCUMENTS/PUBLICATIONS/PUB;1
WELLFUNCTIONING;3
PROFITA;1
PRAC;9
VALIDLY;1
LOOP”;1
PREFERENCES;1
FAMILIARITY;2
ARGU;1
GARDED;1
DIVESTITURES;1
HOLDCO;4
MENTIONING;3
“FIRST;1
EXPERIENCE—NOT;1
INATION;4
KIND;4
“REVERSE;1
NOTIFIED;4
UNORG/ESA/FFD/DOCUMENTS/UN_MODEL_2011_UPDATEPDF;1
DETECTABLE;1
SOURCEBASED;2
OECDTRANSFER;1
CONTENTION;2
REQUEST/SUPPLEMENTAL;1
ACTIV;8
DEALS;10
ARGUMENTS;2
DEALT;14
RESPONSE;12
OPTIMISE;1
NEEDED135;1
TRANSACTION—IE;1
TRANSFER/SALES;1
PREVENTION;3
PRINCIPLE”;3
EDUCATION;8
HTTPS//WWWGOVUK/HMRCINTERNAL;1
HOLDERS’;1
50PERSON;1
BURDENED;1
MNE’S;49
1986;1
TRIGGERED;4
1981;1
PROSECUTIONS;1
TELECOMMUNICA;2
ADVERTISE?;1
SCENE;1
1988;3
QUITE;12
TIEAS;3
CUS;2
AUTOMATE;2
PARTNERING;1
JANUARY;7
MITTED;2
14250;1
ARM’S;683
10451/2002;1
STANDS;2
FCMU;9
ABLY;3
PROCURED;3
25	=	US;1
PEDICABS;1
“SAY;1
SENTED;1
FREEDOM;2
COUNTER;5
MORE—THAN;1
CONTENTS;12
FLUCTUATING;1
PREFERRED—INAPPLICABLE;1
ECONO;2
EQUITA;1
CIPLE;12
OECD/;1
“REAL;1
ARBITRATION;46
PERPETUATE;1
•;167
4I;2
BELONGING;3
—;35
CEO;4
ENVI;1
OWING;11
“LIVED;1
INTERPRETIVE;2
“ONESTOP”;1
GROWING;17
OVERTURN;1
SANJAY;1
OFFICERS’;1
APPROVING;1
ACCOUNTSDETAILS;1
TRANSLATION;7
MINATIVE;1
TANEOUSLY;1
34A;2
VALUE”;3
CAPITALIZED”;1
GO;12
AUTOMATIC;2
MONEY;8
PULP;1
XIAOYUE;2
MAQUILADORAS;9
ACCESSIBLE;5
CENTRALIZE;5
POSSI;12
UNAVOIDABLE;2
AFRICAN;37
TAXRELATED;1
UNDERUTILISATION;1
CONDUCTED?;1
TRANSACTIONBASED;1
PROFITSTRIPPING;1
COUNT;1
PRODUCTS/SERVICES;2
GARD;1
CCCTB”;1
UNSUCCESSFUL;4
HTTP//WWWCIATORG/INDEXPHP/EN/PRODUCTS;1
BORDERS;3
SOLU;1
TAXPAYER´S;1
TRAFFIC;1
FOURTH;1
PRODUCTIVE;3
NOLOGY;4
PLACEMENT;5
ATTEND;1
OUTSOURCING;11
STREAMLINE;2
POPULAR;2
LAWMAKERS;1
YEARS132;1
“NOFAULT;1
DEVIATE;1
GATED;2
RECES;1
DOCUMENT;9
PREVALENT;2
PACKAGE;8
LIBERALIZED;1
UNBIASED;2
ALLOCA;2
ATES;4
“TRADITIONAL;2
PARAMOUNT;1
“FCMU”;1
PROBLEMATICAL;1
REASSURANCE;2
UNILATERALLY;2
“COMMON;1
NONCOOPERATIVE;2
FOREGOING;2
“ENTERPRISE;2
CONSE;4
FIRSTLY;4
AGREEMENT?;2
REFORM?;1
DISCREPANCY?;1
PROACTIVE;3
MISPRICING—EG;1
EMBEDDED;5
RENTAL;1
PANEL;9
NOOR;1
FORA;1
FORE;6
COUNTRIES83;1
TOMORROW;1
PUBLICITY;1
“PRINCIPAL”;1
AGREEMENTS;56
DOWNWARD;5
CONTAINERS;2
PREVAILING;1
STOCKHOLDERS;1
GENERIC;6
MISTS;1
TAXPAYERS’;6
407;1
	APPLICATION;1
401;1
SAW;1
TRANSFORMATION;1
SAT;61
RENDERED;13
CONFUSED;1
SLOWDOWN;1
DOCTRINE;5
BRAZILIAN;46
COMPULSORY;2
MOTIVATE;1
JV’S;1
CHAP;3
STRUCTURING;7
STATUTORY;11
PROSPEC;1
FAMIL;1
CROSSSECONDMENT;1
INTERPRETER;2
INVITE;1
COLLEC;5
INDIVIDUALS;9
GROUPS/;1
SGATAR;2
	PLANNING;1
CONTEMPLATED;1
PORATES;1
COMMUNICATE;1
CAPABILI;2
SOCIETY;6
PORATED;2
ENFORCED;1
OPTED;2
“COVERED;1
THREELEVEL;1
STUDY”;1
SEEDS;2
FLOWING;4
UNNECES;1
ENCOMPASS;3
BIGGER;1
UNDERPERFORM;1
STUDYING;2
OFFIC;2
PROM;1
DETERMIN;5
FRUITS;2
COMPARABIL;11
PROD;20
UNDOUBTEDLY;1
ROYALTYFREE;1
RIES;4
	BRAZIL;1
HABITUALLY;1
PEJORATIVE;1
×;2
GENEROUS;1
TRADI;1
CONSTITUENT;4
_UPDATEPDF;1
ASSOCIATION;11
“FLAG”;1
TRADEMARK	250;2
ISTRATIVE;4
RISKBEARING;4
CHANNEL;4
EGGER;1
COMPETITORS’;2
MCDONALD;2
LISHMENTS;1
OVERLY;4
ITURE;1
MARKUPS;14
PERCEIVING;1
“OPERATING;1
2016137;1
INFOR;28
“CUSTOMIZE”;1
ADJUSTABLE;2
SEEING;1
AGREEMENTS?;1
THEFINAL;1
AGREEMENTS/;1
KINGDOM’S;1
INDEMNITY;3
EXAMINING;8
ENTHUSIASTIC;1
1967;1
ARDS;2
1962;1
1963;1
PROCEDURES”;2
DISTRIB;7
GRAZING;1
CAME;7
TRANSACTIONS/RISKS;1
JTPF/008/;1
CHARGEABLE;22
MISUSED;1
GROUND;3
OVERVIEW	357;1
NICK;1
PARTLYOWNED;1
BAETS;1
ATING;13
LIFECYCLE;3
BUREAUS;9
FOLLOWED;31
PORTABLE;1
ENTI;12
SERVICES	595;1
ENTS;2
TANGIBLES;1
TRIBUTOR;1
COMMENT;1
BANK/IFC;1
COHESIVE;1
DETERMINA;3
CAPTURED;4
REALI;1
WEB;1
PRESERVES;1
SPECIFICATION;2
FOREGONE;1
TUTE;3
BRIEF;4
REFINERIES;1
AGRICULTURAL;1
REALS;2
FINDS;2
PARTIAL;2
TRAINTHETRAINER;1
ALERTS;2
REALITIES;6
HARDLY;1
RENEWABLE;1
PROMPTED;2
LENGTH	=	;1
RATINGS;4
“RESTRUCTURING”;1
ALLEGED;1
ADHERENCE;2
ATTEMPTS;5
OUTSOURC;1
“OUTBOUND”;1
1960S;3
C/A;1
SIMULTANEOUS;3
C/F;1
READHEAD;7
PANCY;1
NOTICE”;1
PROCUREMENT;18
DISAGREEMENTS;1
DEMERGERS;1
ATIONS;6
COLLECTIVE;2
STRONGLY;2
SPECIALIST;15
STREAM;3
ARIES;2
DEVELOPMENT/SALES;1
WITHDRAWS;1
TORO;1
NEGOTIATING;6
AFFIRMATION;1
TORS;8
ANDRUS;2
MATERIALIZATION;2
TORY;7
SORT;4
DEPART;5
ALGORITHM;5
SORS;1
ASSUMPTIONS”;1
DENOMINATED;1
INTANGIBLES/TOTAL;1
ATTRIBUTING;4
NONOECD/G20;1
APPENDICES;2
VIDUALS;1
DEFI;2
CLARIFICA;1
PRECEDENTS;1
SUBSTANTIATED;1
INTENSIFYING;1
CONFORMING;1
APPEL;1
“BENEFIT;1
ELEMENTS;19
READERS;1
EXPLOI;1
SHORTER;2
CULTURAL;1
“OECD;1
LEARN;6
WWWRESOURCEGOVERNANCEORG/SITES/DEFAULT/FILES/DOCUMENTS/NRGI_TRANSFER;1
IPANT;4
APPOINTMENT;3
INSIG;1
JEOPARDIZE;1
RECORD;10
NONTAX;3
CONCLUSION	630;1
PROPOSING;2
80000;1
VERIFIABLE;2
COMPAR;6
SYSTEMATICALLY;2
GROUP	5;2
COMMISSION;19
DECLINING;2
MIDPOINT;1
EQUIVALENTS;4
EXPOSURE;7
“LOSS”;1
ELABORATION;1
ENHANCING;5
DEMANDS;5
537500;2
INEXACT;3
OWNERSHIP/SHAREHOLD;1
COPYRIGHTS;2
WIDER;14
EXPENSIVE;10
QUENTLY;2
NONBRAZILIAN;1
LEAVING;1
ACCOMPLISH;2
ISSUES84;1
SARS’S;5
INEVITABLY;2
DICTION;4
HR;1
HTTP//WWWTRANSFERPRICINGCOM/PDF/EU_COMMUNICATIONPDF;1
POOR’S;1
MENDED;3
CONVERTS;1
“GOODWILL”;2
AVOID/MINIMIZE;1
INEVITABLE;2
RESOURCEEFFECTIVE;1
422;1
WHOM”;1
	EFFECTIVE;1
42A;1
TAINED;2
“ALLOCATION;2
QUARTERS;1
COURSE;21
COMBATS;1
ASDF;1
FILES;7
WHEAT;1
COMMISSIONS;2
BROCHURES;2
“CLIMATE”;1
ILKA;2
CLIENT/TAXPAYER;1
FILED;22
SENSI;1
QUALITY;52
EVIDENCING;1
AMBIT;2
CONTRACTED;1
MANAGERS;3
MEDIATOR;1
OSTWAL;4
CAUSED;7
TADMPN2016052020NOTICE20133420GG2040375202820;1
CAPITALIMPORTING;1
PREPARES;1
REVEAL;6
DIFFERENTIATED;2
UNRESOLVED;2
		INTERNATIONAL;1
DECLARING;1
ACCESSIBILITY;3
UNDERSTANDINGS;1
“HOME;1
COMMUNIQUé;1
ADR;1
SOLLUND;2
“SIDE”;1
“VALUE;3
WORKFORCE;26
PASSEDTHROUGH;1
PROMOTIONAL;3
ENTERPRISE’S;21
BRL;1
DEFENDING;1
RATE?;1
PAYER’S;1
HEADINGS;2
PROFES;1
LOCALE;1
MULTIDISCIPLINARY;3
CHARACTER;5
2”;1
HYPOTHESIS;1
QUENCES;2
SETOFF;7
RIGHTLY;1
KEYS”;2
YIELDING;2
OPPORTUNISTIC;2
IDNO;1
NEIGHBOURING;1
PROFESSIONAL;11
	COMPENSATION;1
ACCEPTANCES;1
IMPLICATIONS”;1
DECLARED;1
EST;9
METHODOLOGIES;8
PROFITMARK;1
HITHERTO;1
TOLERANCE;2
TUNITY;3
30000—IN;1
1800;2
“MIDDLE;1
ACTED;1
CELEX3A52011DC0016;1
PAIDUP;1
ACTIVITY”;1
SALIENT;1
“SIMILAR”;1
UNCER;2
NIES;14
ADAPTED;1
CASHFLOWS;1
“ENVIRON;1
STIPULATES;4
MARKEDLY;1
DEFINI;3
RIDING;1
GAME”;1
STIPULATED;6
TRIGGERING;2
ONE?;1
UNDERSTANDABLY;1
2850;2
MEETINGS;13
LABELS;2
DISREGARD;9
AUDIO;1
TOWER”—;1
D2	RESALE;1
UPHOLD;1
MNE”/;2
DISTRIBUTOR’S;1
COUNTRY/REGION;1
INCOMEGENERATING;1
INCORRECTLY;3
DESTROYED;1
SHARING?”;1
SERVICES62;1
“MNES”;1
527;2
520;2
ABOVEMENTIONED;5
BLINDLY;1
REASSESSED;1
528;1
“IVORY;2
CHUN;1
LITERALLY;1
SAMPLES;1
MARKETABLE;1
PRISE”;1
PROFITS”;1
PARTICU;13
ATTEMPTED;3
AGENCY;8
FACILITATED;1
LESSER;1
OPERATIONALIZE;1
PURSUIT;2
ISONS;1
MATERIALITY96;1
FACILITATES;4
PARTICI;9
REMAINDER;3
REPORT”113;1
“MODEL;2
PIONEERS;1
EBIT;2
PREVEN;2
BENEFITS?;1
EXPLOIT;16
OBJECTS;1
DETEC;1
BORNE;21
PRODUCT/SERVICES;1
UNJUS;1
AXES;1
SERVICES’;1
SERVICES”;2
EXERCISES;3
COMPOSED;4
PRICE	;1
HTTP//WWWUNORG/ESA/FFD/TAX/GMAP/;2
DEVELOPMENT/CAPABILITY;1
REACHING;6
CORPORA;1
	TRANSFER;3
HTTP//WWWWTOORG/ENGLISH/TRATOP_E/CUSVAL_E/CUSVAL_EHTM;1
LEGITIMATELY;1
BONUS;1
MINIMIZED;1
GOVERNING;6
PRICE?;5
MINIMIZES;1
SURCHARGES;1
	MANAGING;1
DIFFUSION;1
TACTICS;2
“INTERNAL;5
ALMOST;13
PRICED;6
DEDI;2
FEASI;1
FINALLY;13
RESI;2
RESO;2
ROTATION;2
FACTUAL;8
FRACTIONS;1
DRAFTED;1
CHARTER;3
APPEALS;10
PROFITS/PRICES;1
COMMENCES;2
JUDGMENTS;1
“JOURNEYS”;1
“HYBRIDS”;1
COMPARI;1
TECTION;1
COMMENCED;1
SUCCEED;1
NICAL;1
124;1
INTENSE;2
CARGO;2
COUNSEL;2
FOREWORD;7
UP/DOWN;1
REQUIREMENTS67;1
FILE;90
RARE;4
RARY;3
“ENTRY;1
TPG;2
A/B;1
DIVISIONAL;3
FINAL&DOCLANGUAGE=EN;1
PARTICULARS;4
ENQUIRIES;2
CONVERTED;3
ONTHESPOT;1
11727/2008;1
AUTHORITIES93;1
RELEASING;1
CONSIDERA;3
TOPIC;2
CANTLY;2
ENTITLEMENTS;2
NONPREDETERMINED;1
“UNIQUE”;1
FULFIL;2
	CONCLUSION;1
INTIMATE;1
STATUTES;1
ESTS;2
ASSESSMENT?;1
SEGREGATED;1
INGLY;5
OFFERS;5
EIGHT;2
REASONS—;1
CLARITY;6
SMES114;1
ADVANCING;1
FAIRLY;8
UNDETERRED;1
1993”;2
;1
RFB;2
OVERBURDENING;1
ENT;34
OWNING;3
CORNERS”;1
IARIES;2
=	US100;1
FILINGS;7
NORM;1
;3
ASSESSMENTS;10
INDIA119;1
B	TRANSFER;1
SER;6
HOUR;1
PAYROLL;6
ETC41;1
SEC;1
DUCING;1
SEL;1
EDUCATIONAL;2
EXPONENTIAL;2
IMF;3
CLE;2
“HIGHCOST”;1
UNINTENTIONAL;5
LUMP;2
SOMEWHAT;4
INFLATED;1
EMPLOYING;2
AMPLIFIES;1
A/AMERICAS;1
AMPLIFIED;1
OCTOBERPDF;1
REFORMED;2
INSPECTORS;2
“IN;1
RESOLVING;11
	COMPETENT;1
DEPTH;1
CONTACT;11
“IT;2
SOPHISTICATED;9
LIEVED;1
	PARTICIPATION;1
ANDSERVICES/TRAININGHTML;1
QUARTILE;2
EXPECTATIONS;9
ENVIRONMENTAL;1
WWWOECDORG/TAX/TRANSFERPRICING/PDF;1
INITIATOR;1
REGISTRA;1
HIGHCOST;4
RESILIENCE;1
AVAILABIL;1
MIYATAKE;4
SCHEDULES;5
SECONDMENT;3
NRP;5
RIAL;4
SPEAKING;2
EUROPEAN;21
RESELLS;6
EXTEND;3
EMPOWERED;2
EMEA;1
SUMMARIZING;1
SOUTH;80
DESTI;1
TRULY;3
DAEMPE;15
ARIS;6
ITABILITY;2
BULLETIN;1
YULCHON;1
H;94
ENCOMPASSES;1
PASS;2
“EXTERNAL”;1
CAUTIONARY;1
SONABLY;1
ADDS;6
MIGRANT;2
MATURE;3
INTERNET;8
ADDI;5
A/EUROPE;1
OFFS;1
DECREASES;1
TWOPRONGED;1
46	ANALYZING;1
TERRITORIES;1
“PLAYING;1
#3;4
#2;2
#1;4
FUNCTIONGEOGRAPHIC;1
ESTIMATING;1
CALIBRATORS;1
ONGO;1
WELLFOUNDED;1
“SCREENING”;3
REALISTICALLY;11
FUND;10
DOWNLOAD;1
TODAY;2
DIFFERENTI;1
PROVIDERS;12
SURFACEMOUNT;1
EXANTE;1
STRATES;1
99;2
LOWTAX;8
CONSEQUENT;1
SERVICES80;1
TRACKING;3
IMMATERIAL;1
TRUSTS;3
PROFILED;1
503;1
PROFILE?;1
CONTRIBUTORS;1
FACTORY;4
CONSTRUCTIVELY;1
GROW;3
PRESIDENTIAL;1
STABILIZ;1
HIGHLIGHTS;1
“FILL;1
MAQUILADORA;9
JOHOR;1
RELATEDPARTY;1
NORMATIVE;3
DISSIMILAR;2
ORGAN;3
GOVERNMENT’S;3
POSSIBIL;2
TIVES;3
TEAMS;17
“SHAM”;1
VIRTUE;2
SMALLSCALE;1
ETHICS;1
THROWN;2
SUBSTITUTES;4
INDUSTRY134;1
INCREASINGLY;10
COMMITTEE’S;1
FUNCTIONING;4
HTTP//WWWOECDORG/;1
“ONESTOP;1
PANT;1
PANY;7
“SECRECY;1
D+EF;1
NOTICES;1
PREAMBLE;1
DIMENSION;3
SENSIBLE;1
PREPONDERANCE;1
SO”;1
PROTECTED;8
OUTLOOK;1
CONFERENCES;3
STEPBYSTEP;2
APPRECIATE;1
“PAIN”;1
HIGHTAX;2
REITERATED;2
VALOREM;1
ENTERPRISES	359;1
COMES;5
‘S;1
FOOTWEAR;2
CHINA’S;22
CONSTRAINED;1
400/1000;1
B	SELECTION;1
REORGANIZE;1
RENT”;3
HAFIZ;3
FINE;5
MONTES;1
ABUSIVELY;1
IMPOR;13
PROFESSOR;1
DIALOGUES;2
LOCALIZATION;1
TRY;28
MOLECULAR;1
MARKETPLACE;4
PRODUCTIVITY;1
OFFERED;9
PN;1
LENDERS;1
HTP;3
COMPENSATING;3
ORGANI;1
AMEND;1
GOSAI;2
ENTITY’S;4
SIBLE;2
ORGANS;1
TECT;1
UED;2
ODS;10
CONFIRMING;2
TECH;7
ODA;1
SETUP;2
ORIGIN;4
CONCLUDED;13
PARABLE;4
“APPLES;2
“NET;1
“NEW;1
STREAMS;2
SURREN;2
RESPONSIVE;2
ERODING;2
2952;1
OLDS;1
LED;4
LEE;1
SECURING;1
HIERARCHY;2
MEASUREMENTS;1
LEM;1
OVERHEADS;2
PRODUCERS;1
FLEXIBILITY;8
LET;2
ORGANIZATION’S;5
CRP4_DISPUTESPDF;1
STAFFING;5
MANIPULA;1
MINISTER;5
REPAT;1
VISàVIS;4
DIVERTING;1
EVALUATION/DETERMINATION;1
PICKING”;2
PRACTICALLY;1
BENEFI;1
EIGN;3
SGA;6
SUPPLIES;4
REVOLVE;1
SUPPORTERS;1
DEALS”;1
ICS;5
“EXAMINATION”;2
ICT;3
TENANCE;2
INDE;15
MAGAZINES;1
INDI;10
ENCE;15
“ON;2
PRIN;14
PRIC;82
AGERS;1
SHOPS;1
“R&D”;1
ENCY;6
LUNDAN;1
PARTICIPATIONS;1
EQUITABLY;2
THINGS;3
SELDOM;3
UNIFORMLY;4
NUMERIC;1
FORECASTS;3
TALENTS;2
MAINTE;1
CHICAGO;2
FOOTING;2
ATOOLKITFORADDRESSINGDIFFICULTIESINACCESSINGCOMPARABLESDATAFOR;1
GIC;2
RESTRUC;5
“ADJUSTMENTS”;1
CENTRALIZING;5
EFFECTED;2
CATHOLIC;1
MENT;71
FOCAL;2
CAPITALRICH;1
MEND;1
X’S;5
EU22;1
IZES;1
GETTING;2
IMPOSING;2
IZED;9
“FUNC;1
JURE;1
SPIRIT;1
INFRINGE;2
CONTEMPORANEOUSLY;1
RESTRICTING;2
CONSERVATIVE;1
LATING;2
AMASSED;1
RELATED/ASSOCIATED;1
SENDING;1
STRETCH;1
PROTECTION;26
EC;1
UNPRECEDENTED;1
AMICABLE;3
WAGE;1
IZING;3
MATERIALIZES;4
PRECEDING;6
ICALLY;3
FORWARDED;2
BENE;13
SHAPED;1
HTTP//WWWUSKPMGCOM/MICRO;1
“NBDR”;1
“PAID;1
COMMITTED;8
DESTINATIONS;1
SYSTEMICALLY;1
NONGOVERNMENT;1
HOSTING;2
AURéLIO;1
TNMM/CPM;1
SPIN;1
“MMD”;3
RESELLER;18
COUPLED;3
SHELTER;2
DEPICTED;3
FISHING;2
STAKES;1
NICATION;1
CONTROLLER;13
DRAFT;14
CIFIC;4
ENHANCE;13
IDENTI;8
FISCALLY;2
®®®;29
EMPLOY;10
CEDURES;1
VERIFICA;1
DISCOURAGED;1
DUPLICATION/SHAREHOLDER;1
618;1
612;1
UNDERTAKING;12
47600;1
615;1
TECHCO’S;2
SIMI;10
MANUFACTURER45;1
WCO;5
PERIODB;1
EXERTED;1
HTTP//WWWTAXJUSTICENET/CMS/UPLOAD/PDF/;1
ECONOMIST;4
“INTERNAL”;1
STRUCTURES/SCHEMES;1
COUPLE;2
WAIVE;1
CHANNELS;2
REGULARITY;1
LINK;4
AIRLINE;2
TESTAMENT;1
COSTCONTRIBUTION;3
SUIT;3
ADVERSELY;1
	NONARM’S;1
“NET”;1
EXPORTING;3
SCHEDULING;3
LOSSES”;1
BOOKKEEPING;1
PRESCRIPTION;1
DAMAGE;1
NONTREATY;1
SUSPECTED;1
UTING;1
MID1990S;1
PLANNED;2
PRINCIPLED;2
CONTAINING;6
BARRIER;1
“WORKS”;1
PHONE;1
DISTINGUISHING;2
REBUTTAL;2
CHARGING;18
VERTICAL;2
METHOD’S;2
GUARAN;1
HELMETS;4
ERODE;2
CLARIFIED;5
ARBITRATORS;7
APPELLATE;1
“PHASED”;1
APPROACH”;3
35–THAT;1
SYMBOL;1
FORMED;5
PARTY—IN;1
	500;1
ORIENTATION;2
TIMELINESS;1
COTTANI;2
SUSPENDING;2
DATASET;5
REASONA;5
DIVER;2
BILLING;3
LYZED;1
SPANISH;1
APPROXIMATELY;4
CALLING;1
RISING;3
DUPLICATED;6
HOMOGENEOUS;1
“CONSUME”;1
TODAY?;1
CANTONS;1
PCI;3
ANALYZING;13
TODAY!;1
LABORIOUS;1
ENCOUR;1
CIRCULARS;4
INFRASTRUCTURE;8
PACKAGED;1
SPACES;1
GUAR;1
2016143;1
UCT;6
RESOURCE;39
7A;1
EXPOSED;3
VOLUN;2
“INTRAFIRM;1
		SELECTION;1
MOVED;4
DRUG;3
LEVELLING;1
2’S;1
TEAM;80
QUESTIONNAIRES;1
RATE”;1
MARKETER;1
GROUPING;1
BIASED;1
RECESSION;7
BIASES;2
STATING;1
79;1
RESERVE;3
TAXRELEVANT;1
BENCHMARK;7
INCLUD;11
“TNMM”;1
HTTP//WCOOMDPUBLICATIONSORG/VALUATION/COMPENDIUMCUSTOMSVALU;1
FINAL/2012/EN;1
ASSEM;4
COMPRISED;3
TREATIES70;1
ASSER;1
PICKED;1
SERVICERELATED;1
ADVISABLE;8
INSCRIPTION;1
REALTIME;1
B/AMERICAS;1
EQUIPPING;1
POLICYSETTING;2
ANYWHERE;2
CURB;1
SUMMONED;1
GROUNDWORK;1
	TRADITIONAL;1
UNNECESSARY;5
“SET;1
LARITY;1
PRODUCTION8;1
CATING;1
IAR;1
TIN;1
PATTERNS;1
TERM		DEFINITION;1
THIN;25
JOINS;2
USEFULNESS;2
“BEPS;1
SHORT;14
INTERNATION;2
TEXTUAL;1
TAX/DISPUTE;1
ERATIONS;1
KIERZKOWSKI;1
12500;2
SERVE;11
NONCOMPARABILITY;1
SURVEY;3
“COMPETENT;1
HISTORIES;1
IMPOSES;3
ANTEE;1
UNBRANDED;2
“APA”;1
IMPORTED;19
ANA;1
ORDI;1
NEWSPAPERS;1
YEAREND;3
RECOMPUTED;1
IMPORTER;2
COMPREHENSIVELY;2
PROPRIATELY;1
JAPAN’S;1
IRARRAZABAL;1
ADMINISTRATORS;13
CAPITALIZA;1
INTERNETBASED;1
CAPITALIZE;1
	TRANSACTIONAL;2
APAS118;1
ARMS;2
“GROSS;1
SHIPMENT;12
EXPRESSION;1
LIFTING;1
LOCA;6
SILBERZTEIN;2
KRW;4
PENETRA;1
EXPEDITIOUS;1
NONRISK;1
SOLEMN;1
YESTERDAY;2
COURTS”;1
FERENCE;1
LENGING;1
SAVED;2
BACKDROP;1
REMAINED;3
MINING;14
INDICATIVE;4
CO’S;17
BUYOUT;4
PRISE;16
KETING;3
TNMM/COMPARABLE;1
MATERIALISATION;1
DOUBLECHECKING;1
NRP—;1
LACKS;5
PRIVILEGED;3
STYLE;1
HARBOUR	600;1
MEDIATION;10
REPEATEDLY;1
DESK;5
RARELY;5
NERATION;2
“COMMODITY;3
SPECI;1
WAIVED;2
DEMONSTRATION;1
APPRO;13
POINTER;1
IMPORT/PURCHASE;1
NOPENALTY;1
MINIMIZING;3
SUBDEPARTMENTS;1
EVIDENCED;3
PASSING;1
NALLY;1
TOUGH;1
MANUALONEFFECTIVEMUTUALAGREEMENTPROCEDURESMEMAPHTM;1
LOANS/FINANCIAL;1
TORIES;1
ONWARD;1
DEFICITS;1
ALITY;2
CTAIS;1
PRESENTATION;2
PLAN”;1
679;1
DEVOTE;3
THREEPRONGED;4
REJECTED;6
DATABASES;46
15500;1
PROFILING;1
“TAXING;1
INTANGIBLES”;3
7602;1
HARBOR;2
BALANC;1
READY;3
PRINCIPLE	369;1
88996;1
LITIGA;1
INTERCOM;1
INVESTIGATE;1
MISUNDERSTANDINGS;1
SIGNATURE;3
CUPS;2
SEIDEL;1
JIANGSU;1
INFORMAL;5
EXPERTS128;1
RIATED;1
LOOKED;5
B7;11
▪;523
B	VALUING;1
PRICES63;1
AFTERSALES;3
PLES;1
APPARATUS;1
SPECTRUM;3
TAXATION”20;1
CAUTIOUS;1
DEFEND;7
		STRENGTHS;1
PRECISION;2
“BUBBLE”;2
UNION”;1
OPER;24
ESTAB;7
INTERRELATIONSHIP;1
REMUNERATE;2
“A;2
VERI;1
DESCRIPTIONS;5
OPED;15
MACHINES;1
INDUSTRYBASED;1
HOLISTIC;3
CONTRIBUT;1
SPENDING;5
SALA;1
GUARANTEED;3
SEMINARS;5
DOMESTICALLYMANUFACTURED;1
HTTP//WWWUNORG/;1
NEWER;1
SYNER;1
EAST;1
LAWS;39
ENTITIES’;1
SCIENTIFIC;1
FREEING;1
CONCLU;2
ODOLOGIES;1
RECOMMENDA;1
ANTIBUSINESS;1
SUPRA;1
EVADING;1
“TREATY;1
CATEGORIZED;5
REIM;1
DETERRENT;3
PROCEDURES104;1
PERCEPTIONS;1
NOT?;1
PERFOR;4
HTTP//WWWIMFORG/;1
FRONTS;1
PETROCHEMICAL;1
119;1
GOVERNED;1
BENEFICIARIES;4
DECEMBER;2
‘GUIDELINES;2
TIONING;1
INVESTIGATION;21
37600;1
WAGES;5
INSERTING;1
JOSEPH;2
FOUNDATIONS;2
INTERRUP;1
DAYTO;1
MOTIVATION;5
VISIBILITY;1
SHELL;2
“ADDITIVE”;2
“ROLLBACKS”;1
TRATIONS;10
MANU;11
MOBILIZATION;1
CUMULATIVE;2
REVOLVES;1
PECEX;3
UAL;3
DRYERS;1
ATTRACT;9
DISASTERS;1
NIZES;1
2000+X;1
NOMIC;4
IDATED;1
NIZED;1
“GUIDANCE;1
MINUTE;1
RANGES;1
TIATE;1
LAG;2
LAY;4
FFC;1
LAR;17
CODE;14
PERTINENT;1
EUROS;3
DTC;14
REDEPLOYMENT;4
MAXIMISE;1
UNIFORM;6
VERSA;5
ATTEMPTING;1
LATTER;20
……;1
OFF’;1
CONSULTANTS;1
OFF”;1
NBTA;2
VANT;7
CAPACITYBUILDING;1
MAINTENANCE;23
MMD;7
INTERRE;1
THREETIER;1
TEMPORAL;1
	THE;2
“ZERO;1
AFFILIATION;2
RESOURCEINTENSIVE;3
NOTION;7
PROFITSPLIT;3
APPLES”;1
IMPROPER;3
MOVING;4
TICE;5
ISTICS;2
CHARACTERISED;2
HIGHMARGIN;3
CORRELATED;2
CONTENTIOUS;1
TION_CUSTOMS/BUSINESS/COMPANYTAX/TRANSFERPRICINGEUCONTEXT/TRANSFER;1
DANGER;1
COSTBENEFIT;1
DIAGRAMS;1
NONCOMPLEX;1
NISHANA;2
IBID;4
SITE;5
SITY;3
HOST;5
	PRACTICAL;1
VIOLET’S;1
SITU;5
HTTP//WWWINCOMETAXINDIAGOVIN;1
INITIATED;7
“SECRET;2
NONTAXATION;4
COMMUNICATION;11
NTS;3
INITIATES;1
NTA;1
ENDOWMENTS;1
500000;1
ANTITAX;2
CONTINGENCY;1
DEAL”;1
HUGE;3
MATERIALIZING;1
SKILLED;19
PRIORITIES;2
1’S;1
“GROUP;2
SUBGROUP;2
“PRESUME”;1
GAPS”;1
B	SETTING;1
INTANGIBLES42;1
PROJECT;65
EXERCISE”;1
ARISEN;3
SUBJEC;1
INTERNALLY;3
SIGNAL;3
ACCEPTANCE;9
RESOLU;3
RESOLD;10
B	SUPPLEMENTAL;1
REGIMES	379;1
DURE;3
131;1
SOUNDLY;1
IGENCE;1
CATEGORIZATION;5
	MARKETING;1
REDEVELOP;1
AGREEMENTS	599;1
MANIPULATED;1
IMPERATIVE;2
COMMODITY”9;1
MOTIVATIONS;2
ADJUSTMENTS”;3
VERIFYING;2
DEDUCT;2
“PUBLIC;1
EMPHASIZES;2
ASSESSMENT”;1
PRINCI;16
“WHERE;1
NONDISCRIMINATION;1
LINKS;1
PROGRAMS;2
CUSTOMIZE;2
INTRODUCTORY;2
SPEAK;4
CROSSCHECKS;1
HIRING;3
88;1
PROTECTIONS;1
MCKENZIE;4
PROFITSEEKING;1
82;1
81;1
CONFERENCE;3
COMMONPLACE;1
HTTP//WWWIRSGOV/IRM/PART4/;1
ELUCIDATE;1
INHERENT;11
478/2009;1
CHAMPIONS;1
“WILL;1
WON;1
PROMISING;2
NGOS;1
CHOUDHURY;3
UNRESTRICTED;1
COMPROMISES;1
STATISTICALLY;1
ORANGES”;1
DECISIVE;1
QUOTATION;3
TRANSLATION95;1
METERS;11
PRACTICE141;1
MISVALUATION;1
LEASING;1
ORDERING;2
MULTIFACTOR;1
QUANTIFIABLE;1
VICES’;1
“WORK;2
EXEMPLIFIED;1
SARIANNA;1
REGIME	379;1
ADORNED;1
“FASHIONABLE”;1
INTERNALIZE;1
“OECD/;1
COMPARA;37
ENQUIRY/VERIFICATION;1
SELECTIVELY;1
AUTOMATED;4
DENTIAL;1
UPGRADE;1
EXTENSION;3
DESTINATION;8
NOTIONAL;2
OPCO;30
	SUPPLEMENTAL;1
77–;1
BRUSSELS;2
INCOME?;1
TOLL;18
EXPORTORIENTED;1
IZE;3
FORUM21;1
ENDING;1
QUOTES;2
BLATANT;1
RESELLING;4
0AAE6B0AASHX;1
CEILING;3
COMPENSATED;18
	ECONOMIC;1
BETTERRESOURCED;1
REASONS—IN;1
CUSTOM;1
EXPONENTIALLY;1
STAFFED;3
FORMAT;12
COMPLICATIONS;1
DISTRIBUTORS’;2
ACCRUES;2
DEPLOYMENT;2
RESTRUCTURING”;1
BEHAVED;1
FORMAL;24
ADORNMENTS;1
SIMILARITIES;2
PREVENTING;9
ARBITRATOR;2
EXPERTS;39
WORKABLE;1
INCOMPLETE;3
GPM;15
COMMER;8
	DETERMINING;1
“JVS”;1
SUPPORT/DISPUTE;1
‘RANGE’;3
OXFORD;6
VISITED;1
JUSTIFI;1
PROTECTING;2
TAIN;2
ITED;2
CONTACTING;2
TATIANA;1
PLAYS;5
PROBABILITYWEIGHTED;5
OUTSET;8
FDR;3
TACKLED;1
ENCOURAGED;10
EVANT;2
PRIORITIZE;2
DRIV;1
FRUITION;1
REVOLU;1
CLOSELY;17
DISTRI;2
PROPOR;2
DISPUTED;2
TRANSACTING;3
RESIDES;2
CATALOGUES;1
PROVIN;1
CASESPECIFIC;3
DEFICIENCY;3
INFORMAçõES;1
SUPPORTIVE;2
“MULTICOUNTRY;2
MEMAP;3
PRESENTLY;1
RELOCATING;2
	DOMESTIC;1
VALADãO;3
PUNISHING;1
STRIKE;3
LCO;7
_________________;3
ACUTE;1
INFRINGEMENT;1
ALLEGATION”;1
ALTERED;3
SURROUND;1
HARMONIZED;1
DEDUCTIVE;4
STATU;2
72EG;1
TATION;15
ECONOMISTS;17
REGIME’S;1
FINAL64;1
IES;3
CAPITAL3;1
ENVIRONMENTS;1
CAPITAL/;1
12/100;1
TEES;1
EXPEND;1
STATISTICS;5
UNFORESEEN;3
MATERIALIZED;2
TRAVEL;3
BUYIN;8
PLE;34
POSTRESTRUCTURING;4
TRIVIAL;1
PLI;18
CIRCUM;17
MOVER”;1
YEAR?;1
SHOP”;1
ENED;1
WIDGETS;2
OBJECTIVITY;1
INTACT;1
COMPETITION”;1
“AN;1
TPO;2
SEPARATED;3
FOREIGNRESIDENT;1
INSTITUTING;1
SHIPS;3
SERRANO;1
SIVE;1
ATAF;3
UNWILLING;2
ANALYZE;19
MISSIONS;2
ART;2
ARY;2
MUMBAI;1
SPORTS;2
ARC;1
ARD;1
PURPORTEDLY;1
UPWARD;3
REPAIR;1
SIZEABLE;2
PRIATE;12
AMERICAS88;1
ANTICI;2
BORE;5
UNDERGO;1
DECENTRALIZED;7
FACTO;2
SUMMIT;1
“COMPARABLES”;2
BRIEFING;1
JURISDICTIONS”;1
LEXURISERV/LEXURISERVDO?URI=CELEX41990A0436ENHTML;1
EXPLOITABLE;2
EXPRESSLY;4
STRATE;3
PROVI;5
RONALD;1
REDUCTION;7
T;2
REARRANGEMENT;1
LOGI;1
SOLIDATED;1
ENTREPRE;1
FIGURATIVELY;1
CONSIDERABLY;3
CONVERT;2
12715/2012;1
SENSIBILITIES;1
115;7
114;2
INTENDS;2
116;1
111;1
BORROWER;3
112;1
STABILIZING;1
NOWADAYS;1
118;1
CATA’S;1
PROBLEMS—;1
PERSUASION”;1
	INTRAGROUP;2
COUNTEREVIDENCE;1
INFERRED;1
UNCOM;1
NECESSITY;3
DERIVATIVE;1
ACTIONAL;1
NRP—GPM;1
RESOLVE;33
SCIENCE;5
MICHAEL;7
SG&A;2
CIARIES;1
SHEETS;3
“OUTBOUND;4
PLAT;1
TRUSTWORTHY;1
4	MANAGING;1
INCREMENTAL;7
4II;2
CONTEMPORANEOUS;27
PRODUC;6
LISTEN;1
10000000;2
DEPUTY;3
MODERN;6
ARRANGEMENTS?;2
“CORRESPONDING;3
SELVES;1
REPLACE;2
INVOLVEMENT;11
TOUCH;1
SCHEMA;1
RIENCES;1
TATE;1
WIN;3
CORRUPTION;1
EFFEC;10
CUSTOMERS?;1
MOMENTUM;1
TRANSPORT;4
PUBLICATIONID=348;1
OMISSION;1
UNACCOUNTED;2
INVOKE;2
DOUBT;1
TRANSNATIONAL;3
DEMANDDRIVEN;3
“INVESTMENT;1
ASSIGNS;2
RELUCTANT;1
PLAY;11
SPACE;3
INTEGRATION;11
GEARED;2
HARRY;1
BUYING;1
MISCLAS;1
INCREASED;45
INVEN;2
REVIEWING;9
THROW;1
