1	ACCESS;1
COMPARABILITY	166;1
ASSET2;1
FILE	505;1
FILE	501;1
NARRATIVE;3
PREDICTION;9
A2	ISSUES;1
VALUE7;1
RECALLED;2
EMPHASIZE;2
UNAUDITED;1
GROWING;1
EARLIEST;2
EFFORT;21
LEVYING;5
FINALISING;2
DETECT;4
LAST;32
POWER;14
“STRUCTURING”	401;1
DOCUMENTATION	236;1
SAFEHARBOUR;2
DOCUMENTATION	233;1
JOINED;1
BRIEF;5
ENGINEERING;5
OBSERVE;4
CONSIGNMENT;1
DOCUMENTS	238;1
CIRCUMSTANCES	149;1
REPRESENTATION;3
TRANSLATION;4
DISAPPEAR;2
PURPOSES	251;1
COMMERCIALISED;2
SUPPLY;31
OVERVALUE;1
DESERVE;1
330;2
EBIT/SALES;3
PREVAILED;1
INFRINGEMENTS;1
DISBURSEMENTS;1
LEGITIMATE;5
TIMEFRAME;1
GO;2
ENTRY;8
SOVEREIGNTY;3
AUTOMATIC;31
“BIAC”;1
SEVERITY;1
REVEALING;1
DELAY;3
CLARITY;1
UNRECOVERABLE;1
ASSUMED1;1
PURPOSES	ASSUME	BOTH;1
MONEY;18
AUTHORITIES”;2
25M;2
NINTH;1
PRICE”;1
HEALTHCARE;2
BELONGS;1
5859;1
IRREVOCABLE;1
ACCESSIBLE;2
FAITH;12
WEAKNESSES	118;1
NORMAL;9
INVESTING;4
COMPILED;1
UNAVOIDABLE;1
VOLUME;22
PURELY;7
3	COMPANY;1
AFRICAN;1
ISSUES	236;1
UNDERUTILISATION;1
OBSERVATION;2
EXHIBIT;2
BROADENING;2
PROCEDURES	184;1
COMPANY’S;15
APPLICATION	120;1
PROBABILITY;6
CONTEMPLATE;1
MINIMIZE;2
ADMINISTRATIVELY;1
EARMARKED;1
“THIN;1
SECURITY;27
RECIPIENT;14
CERTIFIED;1
COUNTERFEIT;1
DISTRIBUTOR”;6
WITHDRAWN;1
CAPITALISATION;2
THEREAFTER;5
TRANSFERRING;4
HAZARD;1
PROVIDED?;1
TONS;2
109;3
DISMISSED;1
UNSUCCESSFUL;3
102;3
PARTICIPATIONS;1
BORDERS;1
101;4
106;3
107;4
NON;24
ARRANGEMENTS	221;1
SUBSIDIES;2
INTRODUCES;2
ASCERTAINING;1
FRUSTRATE;2
ALZHEIMER’S;1
ANOMALIES;1
THINGS;7
SENIOR;4
FIELDWORK;1
REASSESSMENT;4
SHUYONA;62
SIMULTANEOUSLY;8
PERMITS;1
SECURELY;2
OUTSOURCING;11
SIZED;3
PLAYERS;4
APPENDIX;4
STREAMLINE;1
“COMMODITIES”;1
PROMOTION;3
ORGANISATIONAL;4
050;3
13	IN;1
2731;2
BLUE;1
DETERMINANT;1
TEMPORARILY;7
COMMITTEES;1
RETURNING;1
CROSSLICENSING;1
EXPIRES;3
OVERSTATE;1
STIMULATE;2
SHORTERTERM;1
SECRET;3
MITIGATION;26
SPARE;3
C201369;1
GENERAL	248;1
PLAN?;1
DAFFE/CFA/WD9711/REV1;1
DOCUMENT;24
EXPIRED;6
PURSUANCE;1
“TRANSFER;1
QUESTIONABLE;1
ECONOMICS;1
RISKIER;4
PACKAGE;31
BUNDLING;1
PENALTIES/SANCTIONS;1
PUBLISH;4
SUMMARY;33
99;5
UNDERLIE;1
PERCENTILES;1
NONMONETARY;1
WHOLLYOWNED;2
91;4
93;4
92;3
RECURRING;2
97;4
96;6
1990;2
1993;1
1992;1
1995;9
1994;1
1997;4
1996;2
20769709;1
1998;1
UNIVERSAL;1
RENEW;2
DISTORT;5
RENDERING;8
SPECIFYING;2
UNILATERALLY;5
C200988;1
INDICATIVE;1
ENCOUNTERS;1
HARBOURS	205;1
OWED;2
HARBOURS	206;1
BODY”;1
NEGOTIATION;12
A’S;38
BEARS;23
EVENTS	167;1
CURRENTLY;5
DISAGREEMENT;1
HARBOURS	208;1
PROCEEDINGS;13
PRIMA;4
RECOMMENDS;3
ASSURANCE;4
DESIRE;9
SUPPLEMENTED;10
IIV;1
SEMI;1
DISPUTES	171;1
HELPDESK;1
STREAMLINING;1
REACHES;1
TRANSACTIONS	155;1
PRESENTS;5
UNDERPINNING;3
PREDETERMINED;10
HARBOURS	449;1
SPECIFICITY;16
HEAD;9
OBSTACLES;6
RESERVED;1
EXAMINER;2
RANKING;1
LICENSEES;4
OBSOLETE;3
MISUNDERSTANDING;2
DIVERGE;1
DATA	168;1
REWARDING;2
SUSPEND;4
REDUNDANT;1
SUSPENSION;7
CONVEYS;2
COMPETENTLY;4
C201678;1
PUBLICITY;1
BIND;2
CFC;2
“RETAINER”;1
A”;2
ALGORITHMS;1
AGREEMENTS;82
TRANSFEROR’S;4
LOWVALUEADDING;2
DOWNWARD;2
COMPARABLES	159;1
CAA”;2
RAISING;4
REVISION;16
LEGISLATIVE;3
UNUSUAL;2
37M;1
EVIDENT;4
CHALLENGED;1
GENERIC;5
DAFFE/CFA962;1
RECORDING;4
COMPLEMENTARITIES;1
PREJUDICE;2
ENTERING;16
CONTAIN;11
SITUATIONS	407;1
CAREERS;1
NONRENEWED;1
TAXPAYERS”;1
TAXPAYERS’;8
RECRUITMENT;2
SUGGESTIONS;2
NONCOMPETE;1
INTERNATIONALISATION;1
NONMEMBER;6
SUBSTITUTE;16
OVERSTRETCH;1
UNKNOWN;5
FACTUALLY;1
CHAPTER’S;1
REPLACEMENT;6
CONSENSUAL;1
CONDITION;20
CORRESPONDENCE;4
EFFECTED;2
/END;3
RENDERED;15
MONETARILY;1
FELT;3
COMPLIES;5
CONFUSED;4
EMPHASISED;7
ONBOARDING;1
VALUED;6
BRAZILIAN;1
BALANCED;3
COMPLIED;7
COMPULSORY;1
AUTHORITY”;3
“SENSITIVITY;1
CASTING;1
RECIPROCAL;2
BASIS”;1
APT;1
MONTH;10
STRUCTURING;5
STATUTORY;3
UNAVAILING;1
“THE;9
RATIOS”;1
BARRIERS;3
DOCUMENTATION	229;1
ORDINARY;5
APA;321
PECULIAR;1
COMMISSIONNAIRES;1
INEFFICIENCY;1
COUNTERPARTY;3
WORKSPACE;1
CHOSE;2
DISAGREE;1
ASSISTING;3
OVERCAPACITY;2
REEMPHASISING;1
BASES;6
PENSION;3
OCCUPIED;1
APAS”;5
UNKNOWABLE;1
FLUCTUATES;1
STRAIGHTFORWARD;7
108;4
COMMUNICATE;1
REFRAIN;2
SYMBOL;1
RESTRICTIVE;2
ASSEMBLED;18
ENFORCED;1
INVESTIGATED;1
DELINEATION;18
PERMISSION;1
MEDIA;6
RESELLER’S;1
VISITS;1
LIES;2
TICKING;1
ANCILLARY;5
WARRANT;6
PRESUMPTIVE;3
BEHAVING;1
PLACES;1
APPLICATION	135;1
4	IN;1
PROTESTING;1
TERMINATION	361;1
SUPPLEMENTING;2
PRACTICES	172;1
PRACTICES	173;1
PLACED;3
CLOCKS;1
ORGANISE;1
PREPARING;3
MARKETER/DISTRIBUTOR’S;1
HIGHLEVEL;15
ROYALTYFREE;3
PROMINENT;1
FRAGMENTATION;1
LADING;1
LAYING;2
NETTED;2
INTERDEPENDENCIES;3
UNDERESTIMATED;2
IMPROVEMENT;2
MATERIALS;16
BORROWINGS;2
6	SEE;1
ORGANISATION’S;1
POLICIES	81;1
DIVERSIFY;1
STRENGTHENS;1
WITHOUTRECOURSE;1
MUTUAL;232
C2015125/ADD8;2
MAGNITUDE;1
EXECUTING;2
RECOGNIZE;1
NORTH;1
NONADHERENTS;1
REQUESTING;2
UNECONOMIC;1
PRIMERO’S;1
SPECIALISATION;3
Q;6
CEDEX;1
COMMUNITIES;1
CONSTITUENT;67
ASSOCIATION;2
MILESTONE;2
BETS;2
BILATERAL/MULTILATERAL;1
GENERAL	345;1
ILCHA;12
ACCORD;1
GENERAL	349;1
DETERRED;1
INVOCATION;1
INSTRUCTS;1
“ENTERPRISE”;3
“ROLL;1
WEIGH;1
WORKED;2
BREAKEVEN;1
17M;1
FALSE;3
BUDGETARY;1
ANALYSIS	147;2
CENTRALISATION;3
TWENTY;1
HOUSEHOLD;1
SHADES;1
OVERLY;5
PREDICATED;1
MARKUPS;2
DISRUPTED;1
ELAPSES;1
SPEED;4
FRAGMENTED;4
PEERS;1
UNAUTHORISED;2
INTERPRETATION;12
CLARIFICATIONS;3
EFFECTIVE;44
RESTS;1
REQUIREMENTS?;1
TOASTER;1
ANALYSIS4;1
UNAMBIGUOUSLY;1
UNDERESTIMATE;1
SUBCONTRACTS;1
TERMINATED;9
FEBRUARY;1
TEMPORARY;1
RECOVERY;3
NETWORKS;1
OPERATION	IN;1
INTERACT;3
NEVER;5
1960;1
LUXEMBOURG;1
RECOVERS;1
TRACEABLE;1
27000SERIES”;1
CLINICAL;2
ENTERTAIN;1
TERMINATES;7
CARS;5
TEACHING;1
OVERRIDES;1
DISTRIBUTORSHIP;1
EXAMINATIONS	203;1
EXAMINATIONS	200;1
UNFAVOURABLE;1
LEND;3
SIGNS;1
LEASED;1
“CBC;4
LANGUAGES;2
RELINQUISHMENT;1
MANAGES;1
“AGREEMENT;1
MISUSED;1
RECALCULATED;1
SMES;3
ELECTING;11
ARTICLES;15
SKILLS;8
ITSELF	369;2
LOSSGENERATING;1
CREATIVE;1
ELIGIBILITY;7
CHAPTER	366;1
CHAPTER	365;1
EXAMINATIONS	199;1
COMPETITIVENESS;3
SOURCE?;1
PROCEDURAL;13
POSSESSION;5
ATMOSPHERE;1
LONGESTABLISHED;4
FOLLOWED;28
CONVEY;2
MULTICOUNTRY;2
PROBABILITIES;1
OBJECT;4
NOVELTY;1
RETAILING;1
SYSTEMIC;5
SATISFACTORILY;3
AFOREMENTIONED;1
6	SELECTION;1
PROFIT	SHIFTING	PROJECT	OECD	PARIS	AVAILABLE	AT;1
COMPRISED;1
HEADING;1
STANDING;5
TASK;1
VESTED;1
FUNDED;5
CCAS;41
DIVISIBLE;1
SELECTIVE;1
INTERNALISE;1
FUNDER;9
22M;1
CLOSURE;3
WEB;1
EQUATES;1
STATISTICS3;1
STAFFING;2
SPECIFICATION;2
FOREGONE;2
AFTERMARKET;1
EXEMPTED;3
54M;1
MOUS;6
FACETOFACE;2
EXTENDS;1
DISTINCTLY;1
78M;1
“USEFUL;1
FINDS;1
POORLY;1
DEVIATION;4
UNIFIED;2
PARTIAL;1
6568;1
TOTALLY;1
6567;1
6566;1
SEND;3
TARGETS;3
PRINCIPLE	35;1
STORE;3
MARGIN”;1
“BLUE;1
SURRENDER;1
HARDLY;2
SUPPLYING;3
1	PLEASE;1
PROMPTED;2
3638;1
TENTATIVE;1
GATHERED;2
BUDGETING;2
DEPARTURE;2
DELINEATING;25
ANALOGOUS;1
STATEMENTS”;1
ATTEMPTS;2
RID;1
STATIC;1
INSIGHTS;3
PARTICULARITIES;1
OPINION;3
RENEGOTIATING;1
REPRESENTING;4
02;2
03;5
00;1
BUY;1
06;1
07;1
04;2
05;3
CCA;219
08;1
09;1
38M;1
RIGHTS”;1
MANUFACTURERS”;1
SIMULTANEOUS;57
INITIATION;1
MANUFACTURERS’;1
COOPERATIVE;7
SELECTIVELY;1
EXPOSURE;3
NUMEROUS;7
360;1
INCORRECT;3
36M;2
GENUINE;4
“CONSIDERS;2
REGISTRATIONS;10
PROCUREMENT;9
ACTIVELY;4
SUPPOSE;2
EXPEDITES;1
TRIALS;1
NONADVERSARIAL;3
DISAGREEMENTS;3
DESIGNATE;1
“REPORTING;5
6779;1
EVENTUAL;2
TRANSACTION	306;1
CLASSIC;1
4754;2
SENSITIVITY;5
MOU;8
DISCUSS;15
METHOD	117;1
DEVOTION;1
PREFACE;5
ALONE;15
FIELDS;3
TAXPAYER”;1
STRONGLY;2
SPECIALIST;6
STREAM;2
WEAKNESSES	133;1
OPPORTUNITY”;2
SANCTION;2
CCA	6;1
BULK;2
PAYABLES;9
“THESE;1
RECOMMENDATIONS	224;1
SECURES;1
EXPAND;4
UNREASONABLE;2
WITHDRAWS;1
16M;1
NONROUTINE;2
REVERT;1
NEGOTIATING;7
CONVENTIONS;10
SETTLE;1
“ACT;1
GROUPLEVEL;1
EMBEDDED;3
COPYRIGHTS;2
5	OF	TOTAL;2
C7;1
C6;2
C5;6
SORT;1
UNFORESEEABLE;8
CO;7
PROTECTABLE;1
“SHOULD;1
WAREHOUSING;1
OBJECTION;1
“STRUCTURING”;1
“ENDEAVOUR;1
CREDITRATING;1
CF;1
INTANGIBLES/TOTAL;1
PARTIES’;5
“FULLFLEDGED”;1
MISUSE;4
NONARMSLENGTH;2
INCOMEPRODUCING;1
130137;1
DERIVES;2
“SYSTEMIC;1
DELIBERATE;20
PRESENTATION;5
REASONABLENESS;4
ADHERING;1
RECOMMENDED;19
HONEST;1
CONFORMING;6
CHANCES;3
ARRANGEMENT2;1
OFFICIALS;2
UPSIDE;11
EXPENSIVE;5
CHANNELS;1
RESTRAINT;2
SEMIFINISHED;1
EXCLUSIVITY;5
ARRANGEMENTS	597;1
UNDERGONE;3
ELEMENTS;25
CHIEFLY;1
PREMIERE;28
PRIVACY;1
SHORTEN;1
SHORTER;1
CULTURAL;2
UNDERSTATEMENTS;2
NONSTATE;1
ELECTION;6
COMPARABLESBASED;1
RECEIPT;6
TARIFFS;1
DRAFTING;1
RENTAL;2
TERMINAL;4
PROCEEDINGS”;1
MOTIVATED;5
SUBMISSION;2
“IP;2
PRECLUDE;5
UNDULY;3
CORRECTED;1
1819;5
GROUNDLESS;1
RECORD;10
NONTAX;6
THEREUNDER;3
PROPOSING;5
AMORTISABLE;1
READ;4
CONSUME;3
ANSWERS;1
4M;1
THOUGHTOUT;1
RESTRUCTURED;46
ASSEMBLING;2
VERIFIABLE;2
CAPITALISED;2
REPRODUCIBLE;1
CARRIES;7
LEADERSHIP;1
RESTRUCTURES;1
UNACCEPTABLY;2
SUBSTITUTION;1
SPAN;1
NONCOMPLIANCE;34
TENDENCY;4
REALLOCATIONS;1
ADMINISTRABILITY;1
LONGSTANDING;1
1979;4
“DEVELOPMENT;1
SYSTEMATICALLY;1
“TESTED;1
COMMISSION;1
808;2
INDICATION;9
“INTERPRETATION;1
FRANCHISE;1
FLOWERS;1
METHODOLOGIES?;1
DECLINING;2
TOASTERS;5
+2;1
NONTAXATION;12
GOAL;2
UNCERTAIN;24
BIRINCIL;8
REPORT	242;1
DEPOSITS;1
5M;3
CONCLUDING;12
“PROFITS”;1
LABELLED;3
EQUIVALENTS;3
AVENUES;2
INTANGIBLES	278;2
5A;2
ACTIVITY”;2
RELATIONS	43;1
RESPOND;22
MATERIALITY	237;1
APPRECIATING;1
ENHANCING;6
DEMANDS;8
STAFFED;1
KEEP;6
KEEN;1
EMPLOY;8
HANDBOOK;1
FREIGHT;1
WIDER;3
ASSETS	383;1
EXPOSURES;1
VAGUE;1
LINKAGE;1
FORMALLY;3
EXPLORATORY;1
VULNERABILITIES;1
TOLL;1
UPDATED;5
INSIST;1
LEAVING;2
WWWOECDORG/TAX/BEPS/COUNTRYMAPPROFILESHTM;1
PRODUCT’S;1
NONSEGMENTED;1
RESEMBLES;1
SOUGHT;10
ONSELL;1
COSTEFFECTIVE;1
NONSHAREHOLDER;1
LASTING;1
ACCOMPLISH;1
EAST;1
AUTHENTICATION;2
SUITABILITY;3
LOWCOST;2
REMOVING;1
INTERFACE;1
OUTPUT;6
ARBITRAL;1
CLOSELYLINKED;1
INEVITABLY;3
SURE;3
UNCOLLECTED;1
ASSIGNMENT;5
FACTINTENSIVE;1
ACTION”;2
CONTEMPLATED;10
SATISFACTION;4
STREAMLINED;4
RETAILERS;1
LONGEXISTING;1
CTPA/CFA/NOE220161/REV3;1
WELLKNOWN;2
3	UNDERSTANDING;1
GENERATIONS;1
INDEPTH;2
Y/UNIT;1
RESPECTS;6
SCHEMES;2
CONCUR;1
OPENENDED;2
PARTY’S;7
OBLIGED;8
SPECTRUM;1
NORM;1
UNEQUIVOCALLY;1
DISTRIBUTION/MARKETING;1
CASE	97;1
NONBINDING;3
IMPEDED;1
LIVES;4
MATERIALISING;4
AFFORDED;2
ALIA;1
REPEAT;1
BILATERAL;104
TOPICS;3
LOGISTICAL;2
REFUSE;3
APPOINTS;1
REQUIREMENTS	230;1
COURSE;31
ABNORMALLY;1
850;2
32M;2
“ARRANGEMENT;1
FILES;7
INCORPORATES;2
ORDINATING;2
COMMENT;2
Z’S;1
“EXCESSIVE”;1
CUSTOMS;17
WINDFALL;2
CONSULTED;1
NEGLIGIBLE;1
FILED;21
CONTINUAL;1
REMOVED;1
QUALITY;34
ACCOMMODATION;1
GREATLY;1
FOCUSSED;1
EXTENTS;1
RATED;2
MANAGERS;1
SUB;1
RENEWAL;8
CAUSED;10
FEARS;2
SIGNATORIES;3
SIGNATORY;1
FORGO;2
DEEM;4
AFFILIATE;19
FOCUSSES;1
PREPARES;7
BACK”;4
PUBLICISED;1
AUTOMATICALLY;16
REVEAL;6
DIFFERENTIATED;1
UNRESOLVED;5
TEN;5
SUPER;1
PREMIA;1
PREVENTS;1
“COORDINATING;2
COUNTRY’S;5
BARGAINING;2
ACCESSIBILITY;1
“TOPPING;3
DIFFERENTIATES;1
FOREFRONT;1
UNDERSTANDINGS;3
BASICALLY;1
TURKEY;1
UNEXPECTED;6
PROMPT;3
REFERRING;2
CONCLUDE;18
STRIPPED;2
COUNTERPART;1
COMPLIANT;2
UNSUBSTANTIATED;1
CORP;1
ADMINISTRATION?;2
FRESH;1
BORDER;1
COMMISSIONNAIRE;3
ENDEAVOUR;9
IMPORTS;2
ADHERED;2
INCOMING;1
INFORMAL;6
MESSAGES;1
WORKFORCE;24
REIMBURSED;4
PROMOTIONAL;2
ENTERPRISE’S;2
SURRENDERING;4
APPROPRIATION;1
APPOINTED;1
DEFENDING;2
“BLOCKS”;1
NEGLECT;2
VIABLE;4
INITIATING;2
INGREDIENT;1
DUTY;3
REPLACE;2
EDUCATED;1
CONFIDENTIAL;38
WILFUL;6
RESEARCHER;1
MEDICAL;1
CHARACTER;5
OBTAIN”;1
FOREWORD	3;1
CONCURRENT;1
DRAMATIC;1
HELPS;3
BACKGROUND;10
GROUNDBREAKING;1
RESEARCHED;1
EMBARKS;2
SETOFF;4
CONVENTION	35;1
ADVANTAGEOUS;6
SOLVED;1
PROBLEMATIC;6
TRADES;1
138151;1
MAXIMISING;1
FEES”;1
ARRANGEMENTS	214;2
CATEGORISATIONS;1
PLAIN;1
ARRANGEMENTS	219;1
ARRANGEMENTS	218;1
ACCEPTANCES;1
ENVISIONS;2
INDICATING;4
EVIDENTIARY;1
ONSALE;1
SUFFERS;3
METHODOLOGIES;5
RENEGOTIATE;5
PASSES;2
OBLIGE;4
2728;1
NONTRANSACTIONAL;4
SERIOUSLY;1
DISCOUNTING;2
SHOE;1
ALLOWABLE;2
SHOOTING;1
TOLERANCE;1
CONCLUDED;28
REPRODUCE;1
PERVICHNYI;16
“ALIGNING;1
“SMALL”;1
TRANSACT;4
DUPLICATING;1
WEBSITES;1
CONFIDENTIALITY	240;1
REPLACING;2
THERETO;3
SUBMITTING;3
CONCLUDES;4
RISKFREE;3
15M;2
BUDGETED;12
PROSPECT;1
SATISFACTORY;7
STORES;3
IRRATIONAL;4
WATERWAYS;1
ANALYSED;27
MONITORS;1
CANCELLED;6
“INTERNATIONAL;1
SUPPLEMENT;8
SCREENING;1
ABANDON;1
“STRIPPED”;3
ANALYSES;29
ADAPTED;3
SYNERGIES	89;1
VOLUNTARY;2
DIRECTION;12
CONCERTED;19
95;8
PRECEDING;13
FORMAT;5
SEARCHING;3
COMPARABLES”;2
CONCURRING;2
810;4
“TRADITIONAL;1
AUTHENTICATING;1
ORDINATION;1
PREREQUISITE;1
“FULL;2
UNCONTROVERSIAL;1
INACCURACIES;1
SENTENCE;4
SOMEWHERE;1
MEETINGS;17
LABELS;3
CATEGORICALLY;1
INTANGIBLES	260;1
CADRE;1
INTANGIBLES	263;1
GOVERN;7
DISREGARD;3
DISTORTION;2
VAT;2
PREDOMINATE;1
GAINING;1
GLOSSARY	23;1
LAWYERS;2
RESELLER;25
ANNEXES	415;1
HAVE/ARE;2
“TOLLMANUFACTURER”;1
DISTRIBUTION”;1
NINESTEP;1
1999;3
COGENT;1
ASKING;1
ACCOUNT2;1
LODGING;1
8	THIS;1
INSOLUBLE;1
PARITY;1
DISTRIBUTOR’S;6
43M;1
3	AS;1
INCOMEGENERATING;1
COMPETES;1
ARTICULATE;2
UNREGISTERED;2
DESTROYED;3
TAXATION”;1
IMPLEMENTATION	241;1
ATTAIN;1
M2;4
INSTRUCTIONS;5
PHASES;1
LEADERS;1
INSIGNIFICANT;5
“TOP;1
UNDERESTIMATION;1
WRONG;2
520;1
ABOVEMENTIONED;4
TRAINS;1
SYNERGISTIC;7
JURISDICTIONBYTAX;2
FREQUENT;2
SUBGROUPS;1
BIDDERS;1
“STEWARDSHIP;1
VERTICALLY;1
6	SECTION;1
ABIDING;1
HANDLING;3
ONSELLS;1
ARBITRARY;4
PREMATURELY;1
AUTHORITY’S;2
ENTAILS;2
NEGOTIATIONS;15
HEIGHTENED;1
AUTHORIZE;2
FILE	234;1
FILE	235;1
PROCEDURE	180;1
ATTEMPTED;1
COMPILATION;4
AGENCY;6
LESSEN;2
FACILITATED;4
PROCEDURE	186;1
TEND;8
LESSER;5
SEGREGATION;1
SOCIAL;7
RESOURCEEFFICIENT;1
MARKETER/DISTRIBUTOR;7
OBSOLESCENCE;8
DEMONSTRATION;2
OWNER/REGISTRANT;1
“TESTED”;1
AUDIT	232;1
INDICATORS”;1
HARBOURS	204;1
BANKRUPTED;1
CONCEDED;3
APPLIANCE;1
FULFILLED;5
STRAIN;1
ENQUIRE;1
PROFITMAKING;2
ANALOGY;1
EBIT;3
REAP;1
WELLESTABLISHED;1
DISCLOSED?;1
2	CONVENTION;1
BRANCHES;3
CALLS;1
OUTSOURCES;1
RATIONALISATION;1
EXECUTIVE;2
“CONVENTION”;2
JUSTIFICATIONS;1
TOLERANT;1
“ADDITIONAL;1
EXPLOIT;25
NONTRANSFER;1
PERPETUITY;2
INVOICE;3
PRINTERS;1
COMPELLED;2
AMERICA;1
MATURE;1
OUTSOURCED;16
CONTEND;2
UNSATISFACTORY;1
EMERGING;3
INORDINATE;1
C2015125/REV1;1
090;1
F;33
DECEMBER;8
CHARACTERISE;6
DEPARTMENTS;1
FOREGOING;18
CONTENT;9
TIMELIMIT;1
CROS;6
ACCOMPANIES;1
UNINSURED;1
GLOBALISED;1
IMPLICATION;3
IRREVERSIBLE;1
STAKEHOLDER;1
COLUMNS;1
IMPLEMENTS;5
BREAKDOWNS;1
DESCRIBING;5
DATABASE;11
EXACERBATING;1
PLAUSIBLY;1
INSTALMENT;2
PLAUSIBLE;3
COMPARABLE’S;2
ACCOMPLISHED;1
4	AS;1
REGULATING;1
EXERCISES;11
SLIGHTLY;1
PREDICTED;1
COMPOSED;2
SPECIALISED;9
TRANSACTIONS/;1
KNOWLEDGEABLE;1
“LOW;2
REACHING;11
PRATHAMIKA;12
DESCRIBE;23
POSSIBILITIES;9
BAD;13
NONRECOVERY;2
DISSEMINATION;1
SPECIALISES;1
BAA;3
UNDERTAKINGS;2
ONSELLING;2
JUDGMENT;7
DEPLOYED;1
APPLICANTS;1
LEGITIMATELY;1
2225;1
PAYEE;1
2223;1
GOVERNING;6
INDICATES;11
ABSORPTION;2
2627;1
SURPRISES;1
;2
COMMENCEMENT;4
14I;1
PERPETUAL;5
“MOST;1
LINEAR;2
“INTERNAL;5
“GROUP”;4
CLERICAL;2
EURO/INSERT;1
ALTERNATIVES;10
FACTORED;1
PRICED;6
PLAYER;2
FINALLY;17
COMPUTER;9
4	REVIEW;1
CANCEL;2
“2015;3
COMMENTATORS;1
FACTUAL;25
MANIPULATE;1
EXCHANGED;32
DRAFTED;2
PURCHASERS;2
APPEALS;3
COMMENCES;2
JUDGMENTS;3
NONARMS;1
PEOPLE;2
122;3
DISCRETIONARY;1
COMMENCED;1
AROSE;3
HANDS;5
PERUNIT;2
GUIDELINES”;1
AMOUNT”;3
DEVELOPER;2
EXACT;9
DISPOSAL?;1
PROVINCE;1
COUNSEL;1
FOREWORD;6
METHOD	437;1
PASS;2
METHOD	431;1
COLUMN;8
ROUTING;3
FILE;108
27000SERIES;1
SUPERVISING;3
7073;1
HIGHERRISK;1
DIVERTED;1
RESPECTED;5
NAMED;1
WWWOECDORG/ABOUT/PUBLISHING/CORRIGENDAHTM;1
RARE;1
FURNISHED;1
195M;1
TERMINATIONS;3
RESTRUCTURINGS	365;1
RE;3
INEFFICIENCIES;2
SAFEGUARDED;1
IMPRECISION;1
VS;1
ISO/IEC;1
“EXCLUDED;4
FLOODING;1
934;1
9	182;1
REDETERMINED;1
PICTURES;1
DIVISIONAL;1
MANIFESTATION;1
VIABILITY;2
COMMERCIALLY;18
PROPOSES;2
ENQUIRIES;10
CONVERTED;10
UNDERSTATED;1
SCOPED;1
CENTRES;11
DISPROPORTIONATELY;4
CAUSE;7
NULLIFIED;1
PANELS;1
CONSCIOUSLY;1
FAULT”;1
CHECKLIST;25
RECAST;1
MULTIPLECOUNTRY;2
JOINTLY;4
UNREASONABLY;1
RETAINER;1
TRAIN;1
ANALYSTS;1
OWNER’S;1
INTEGRALLY;1
“PROFIT;2
EMERGENCE;1
“UNIQUE”;1
FULFIL;5
DAY?;1
SIMILARITY;5
STATUTES;2
INTANGIBLES	257;1
DEBTS;3
EDITORS;1
HARBOURS	213;1
INTANGIBLES	252;1
APRIL;3
9010;1
RESTRUCTURINGS	377;1
VASTLY;1
WRITEOFF;1
ACRONYMS	21;1
POPULATION;2
SEGREGATED;5
INVOKING;2
ROUNDING;2
PRICESETTING;4
AGREEMENT”;4
5	THIS;1
OFFERS;9
PRECONDITIONS;1
SUBCONTRACTING;1
COMPETENT;345
PENETRATE;1
LENGTH”;2
“QUOTED;1
INCONSISTENCY;3
EXTENSIBLE;3
FAIRLY;3
OFFERINGS;1
“TIEA;1
TOTALITY;3
HOURLY;5
TRANSACTIONS”;2
GUIDED;1
DISTORTED;2
INDETERMINATE;1
CRIPPLING;1
INTENSIVE;7
REFINE;3
TRANSACTIONS	404;1
TRANSACTIONS	401;1
OWNING;2
PATENTED;7
NEGOTIATED;10
INTERCHANGEABLY;1
HTVI	308;1
“MAP;1
TERMINATE;19
DAYS;5
THOROUGH;15
COUNTRYBYREPORT;1
REORGANISE;1
CLASSES;7
NEGOTIATES;3
COMMITS;1
PRESCRIPTIVE;5
DRASTIC;1
ASSESSMENTS;18
C201679;1
JUSTIFYING;2
MATHEMATICAL;1
POLICING;1
OVERTAXING;1
REGISTERING;1
DEFINITE;1
ATM;3
TIERS;1
1A;5
TREATIES;20
1C;1
1B;1
1E;2
DRAWN;12
MERE;11
PURSUING;3
ENJOY;2
DELEGATED;1
NONMEMBERS;3
CONSUMABLES;1
PAYROLL;12
MISSION;1
AGENT;7
PRONOUNCED;1
SHUYONA’S;2
THREATEN;2
CONCESSION;1
DEFECTS;4
EXISTED;4
LISTS;4
OSNOVNI;10
CLAUSE;32
PRELIMINARY;10
INVITES;3
UNINTENTIONAL;1
VALIDITY;6
INCOMPATIBILITY;1
PDF;1
OBLIGATION;17
PROGRAMMES;18
HEIGHTEN;1
EMPLOYING;1
16;22
HARBOURS”;1
LIST;33
EXPECTS;4
LITERARY;1
OCCASIONAL;2
PENETRATION;12
DEFERRAL;1
UNCOOPERATIVE;1
WEAKNESSES1;1
	IDENTIFYING;1
ARBITRATION	226;1
WWWOECDORG/TAX/BEPS/BEPSABOUTHTM#MEMBERSHIP;1
CONSTRUCTED;2
INSPECTORS;6
AMENDING;1
DRIVING;1
ABSTRACT;2
RESOLVING;24
APPROVES;2
“LOSSMAKING;1
DEPTH;1
CONTACT;3
INVESTS;1
DU;1
IRRELEVANT;2
DS;2
CCA’S;2
“IS;2
POTENTIAL	381;1
POTENTIAL	380;1
BREACHED;2
PERSPECTIVES;16
SEEKING;12
ENDCUSTOMER;1
INVEST;7
STORED?;2
EXPECTATIONS;5
ENVIRONMENTAL;5
AGREEMENT	399;1
REMARKS;1
DISTANT;3
VIOLATIONS;1
ENTRANT’S;1
20M;3
UNNECESSARILY;3
DEDUCED;8
INTRODUCTION	345;1
ENQUIRY;4
TIMES;4
HIGHCOST;1
“COMPARABILITY;2
TENDS;1
INFORMATIVE;1
SERIOUS;10
WARRANTS;1
COPY;3
SKILL;1
ENDEAVOURS;1
PREFERABLY;1
CITY;1
NARROWS;1
HIRES;5
GROUPED;1
ANNEX;113
PRINCIPLE	349;1
MULTIMEDIA;1
SECONDARILY;1
HIRED;1
TRANSACTION	77;1
D8;4
SCHEDULES;4
D6;8
D7;1
SECONDMENT;2
D5;5
D2;30
D3;18
SPEAKING;2
D1;52
REMEDIES;1
INDEPENDENTLY;5
RESELLS;3
EXTEND;8
AUTHORISED;6
FOREIGNOWNED;1
THOUGHT;3
ASSERTIONS;6
“CONSTITUENT;4
CHEAPER;1
RAILWAY;6
AUTHORISES;3
NORDIC;2
SHARING;15
WILLINGNESS;3
ESTIMATING;1
FRAMEWORK	367;1
WWWOECDORG/TAX/DISPUTE/BEPSACTION14ONMOREEFFECTIVEDISPUTE;1
FRAME;3
EXPANDED;5
ENTRANTS;4
TRULY;1
MONTHLY;1
OUTSOURCE;4
COPYRIGHTED;1
IMPORT;2
COINCIDE;2
ENGINEERS;5
AUTHENTIC;1
METHODS	145;1
MOVEMENT;4
WIDGET;4
START?;1
H;9
NATIONAL;9
SOLVING;2
EXPENSED;1
TAILORED;5
MODULE;1
METHOD	132;1
METHOD	133;1
1	FOR;3
REPRESENTATIVE;2
COORDINATING;22
“EXTERNAL”;1
CORPORATIONS;3
INTERTWINED;3
OVERESTIMATION;1
AWARENESS;3
IMPROPERLY;2
SHOPPING”;1
FRANçAIS;1
ANTICIPATION;1
YEN;1
TRANSACTIONBYTRANSACTION;1
GATHER;2
REORGANISED;1
DEMANDED;2
WARRANTED;8
“TIEA”;1
LIE;2
PUBLICATIONS;2
GOES;3
INTERNET;2
DOWNTURN;1
YES;6
LETTING;1
CONSTRUCTING;1
RESERVATIONS;2
“COMPARABLE”;2
DECREASES;1
BORROW;6
CREATION”;1
TERRITORIES;3
RECOGNIZING;1
NONPUBLIC;1
AUDITOR;2
ESCAPING;1
DYNAMICS;1
WASTE;1
CONSULTANTS?;1
COPIED;1
DEPENDENT;16
“SCIENTIFIC”;1
APPLICABILITY;1
DAFFE/CFA9727;1
RECHARGED;2
BANDWIDTH;1
“BUYBACK”;1
RETAINS;8
165168;1
DRAMATICALLY;1
RISKASSUMPTION;1
ARTISTIC;1
AGENDA;1
CRYSTALLISE;1
INTANGIBLES	248;1
CONFERENCING;1
WELLFOUNDED;1
LITIGATE;1
WEBBASED;1
SPECIFICATIONS;9
BYCOUNTRY;6
OPERATIONS”;1
INTANGIBLES	247;1
INDUCE;3
REALISTICALLY;56
FUND;17
“BROADBASED;1
DIRECTCHARGE;6
SUSTAIN;2
LIBERTY;1
FOB;1
DOWNLOAD;1
CONTRIBUTES;11
TODAY;1
TRANSACTIONS	274;1
RECEIVABLE;9
HTVI;11
DISSEMINATES;1
PROVIDERS;6
CONFUSION;1
“COMBINED;1
INSTALLING;1
UTILISATION;13
ICECREAM;1
BOXES;1
PROPOSITION;1
DEDUCTIBILITY;1
INVENTIONS;9
ENTRUST;1
RETENTION;3
UNDIFFERENTIATED;3
HARM;2
CUSTOMISATION;1
STEADY;1
ELABORATE;1
METHOD	97;1
PREPARATIONS;2
BELOWMARKET;1
AFFECTING;15
IDEAL;1
ASSOCIATES;1
AGREEABLE;2
CONTRACTUAL;108
COMPCO;3
KINGDOM;1
SIGNING;1
INFERENCE;1
WORSE;6
ACCOMPANYING;3
ATTRACTS;1
REGISTER;1
ANALYSE;10
ARTIFICIAL;1
WEBSITE5;1
HARMONISE;1
ATTRACTIVE;10
5 190;1
CAPITALINTENSIVE;3
KNOWINGLY;1
502;1
OCCURS;13
DENOMINATORS;1
WANTS;1
UNCOMPETITIVE;1
“ADJUSTMENT;1
UPDATES?;1
PLEDGED;1
PAPERS;1
TAXPAYER’S;90
FACTORY;6
OVERLAP;4
DELEGATION;1
PREFACE	15;1
CATEGORISED;3
PROTECTS;1
ABEYANCE;1
CONSEQUENTIAL;1
CUSTOMARY;1
CAAS;1
GROW;1
SERVICES	319;1
RECALCULATING;1
RUN;4
ORGANISES;3
ALIGNING;3
MEMBERS’;1
PARTICIPATES;1
CONSISTING;8
MEMBERS”;1
CHECK;2
COMMUNICATIONS;10
9789264265127;1
ENTRIES;1
DATA?;3
SUPERSEDES;1
“SURROGATE;1
PREINTRAGROUP;1
FEEL;3
REJECTING;3
TEAMS;2
ASSERT;4
VIRTUE;13
FEES;7
9	INTERPRETATION;1
EVER;3
RETALIATORY;2
ACQUIRER;2
PROOF;41
MEANT;2
OUTLINING;1
SUBSTITUTES;3
SMALLNESS;1
7579;2
FINANCED;1
I2;2
RECORDED;7
SURROUNDING;9
B”;2
SUBSTITUTED;1
COUNCIL’S;1
COMMITTEE’S;1
“INSTRUCTS;1
FUNCTIONING;2
4	A;1
IX;8
TRADITIONALLY;2
FRONTEND;1
THUMB;4
INTRODUCTION	229;1
MANUFACTURER”;1
CONCESSIONS;3
ACCEPTS;3
PARTNER?;1
ATTACHING;6
RENEGOTIATIONS;3
INTERPRETING;5
PREAMBLE;3
NOWTERMINATED;1
CONCLUSIVE;5
CONNOTATIONS;1
PURPORTED;6
MANAGEMENTS;1
MINDFUL;1
8082;1
COVERING;9
IMBUED;1
COMPORT;3
CONSTITUTING;3
RATIONALITY;14
DICTATE;8
INCEPTION;1
REFLECTIVE;1
PRECISELY;2
SENSIBLY;1
PROFESSIONALS;2
HANDLED;1
ARCHIVE;1
INVITED;2
5	DETERMINATION;1
PARTICIPANTS’;8
MAGNIFIED;2
LOSING;3
PROTECTED;10
2M;2
PROTECTING;5
GLANCE;1
PREDICTABILITY;2
FULLTIME;1
181185;1
SERVING;1
INVOICING;1
SECONDED;5
“TO;1
CUSTOM;1
SEGREGATE;4
LUXURY;2
PLUS/RESALE;1
“INVESTMENT”;2
“RESOLVES;1
MISREPRESENTATION;5
“NO;1
GRANT;12
DENMARK;1
MONETARY;8
ENVISAGED;3
SPECIALISTS;1
ISSUES	320;1
SHOWS;9
OVERPAYMENT;4
PREDICT;5
PARTIES5;1
TREATY;102
SYNERGIES	375;1
CONTENTIONS;1
SYNCHRONISE;1
21M;1
FLY;1
DORMANT;1
REFINANCING;1
UNDERGOING;1
FAULT;1
TRANSLATIONS;3
SECONDMENTIONED;5
FRENCH;1
SELFASSESSMENT;1
FAVOURABLE;15
WELLPREPARED;1
“BLUESKY”;1
STAND;2
SECRETARIAT”;1
INFO@COPYRIGHTCOM;1
FALLING;4
NONARM’S;4
CONFERENCE;1
OUTLINES;3
RENTING;1
AUDITING;5
6263;1
UNAUTHORIZED;10
COSTEFFICIENT;1
THOROUGHLY;2
CONFER;3
BREACHES?;2
IMPEDIMENT;2
RATIONAL;3
SERVICE/INTANGIBLE;1
TROUBLE;1
HAVENS;1
912;7
UNSUCCESSFULLY;1
BEGUN;1
PROACTIVELY;2
SECRECY;1
PRESENTATIONS;2
TRY;5
CENTRALISING;4
DETERMINED3;1
SUSTAINABLE;1
RETRIEVING;1
“RESALE;1
MERGERS;1
USUAL;1
PARTIES	376;1
SETOFFS;8
MARKETPLACE;6
STRENGTHENING;1
ACHIEVEMENT;2
FIXING;1
OFFERED;5
198M;1
SELFDEVELOPED;6
ESTABLISHMENTS1;1
LAID;4
LENDERS;2
C/M20163;1
COMPENSATING;13
PRIMAIR’S;1
DISCERNIBLE;3
PROVED;5
CHECKING;2
ENTITY’S;5
PROVES;1
REIMBURSEMENTS;1
HEADS;1
OBVIATE;1
PENALISE;1
PROSPECTIVE;14
CAPITALISATION”;1
IDENTIFIABLE;3
DELAYS;4
“MUTUAL;1
IMPLICIT;2
ENABLING;3
EMPHASIS;7
“MULTINATIONAL;3
MASTER;43
NUMBERS;1
RIGHTS@OECDORG;1
CRO’S;3
SETUP;1
EXPIRATION;10
ORIGIN;2
ASSESSMENT	231;1
ENTRANCE;1
REVOKED;3
“INTEREST”;2
SERIES;10
CAPACITIES;1
J;6
RETAILER;3
“CONVENTION’;1
PARTNERS?;1
STREAMS;2
RESOLUTIONPEERREVIEWDOCUMENTSPDF;1
PASSAGE;1
MINUTES;1
STRUCTURAL;2
COMMENTING;1
LED;14
ELSEWHERE;5
SECURING;3
GOVERNS;1
HIERARCHY;1
PASSTHROUGH;6
BROADEN;1
ORDRE;1
S1’S;3
OVERHEADS;4
FLEXIBILITY;12
INDIVIDUALS;4
EXIT;2
1	SEE;2
CONTRACTORS;5
SLOVAK;1
ADDITIONS;3
ESTIMATION;4
ACTED;2
ENFORCEABLE;1
REPORTING	342;1
OPENNESS;1
PERTAINING;2
COFFEE;6
600;6
“BUYOUT;1
SEVENTH;1
DISEASE;1
BEFOREANDAFTER;5
DEFECT;2
CONTINUALLY;1
REPAY;1
COLLECTIONS;2
B	100;1
UNDERTAXING;2
RUNS;1
VISàVIS;2
UNDERTAKES;8
NEGATING;1
CRITICS;1
RELIEVABLE;1
CTPA/CFA200830/REV1;1
PRACTICALLY;1
CORRIGENDA;1
BLENDERS;2
COMPROMISE;2
OBSERVATIONS;3
LIMITEDRISK;2
TRACED;1
SUFFERED;3
UNREALISTIC;2
FIRM;1
SUPERFICIAL;1
WEIGHING;1
PROFITS/LOSSES;1
“…;1
CONTINUING;11
CONTAINING;5
COMMITMENT;16
BUDGETS;9
CALL”;2
CROSSREFERENCES;2
CONFINE;1
CAME;1
INTRODUCTION	101;1
RECEIVED;44
“COMPARABLE;2
CHAIN;20
CONTACTS;1
OFFENCE;1
PREVAILING;4
DIRECTORS;3
“OTHER;1
24M;3
ARRANGES;1
OCCURS?;1
APIECE;1
SERVICES	313;1
TENTH;1
FORBIDS;1
WRITEDOWN;2
EXECUTE;1
PROCESS	148;1
“ON;2
KNOWLEDGE;11
COMPOUNDED;3
INTANGIBLES”;2
STANDBY;3
WORKERS;2
PRIMAIR;50
CONVINCING;1
DIALOGUE;1
“COMPENSATING;1
CONSTRUCTIVELY;1
CARTRIDGES;1
ANTIDUMPING;1
DOUBTS;9
CONSISTS;4
SPECIALISE;1
WITHSTAND;1
FORCE;15
TAXPAYERSPECIFIC;1
IMPACTS;1
TRANSACTION	359;1
SELDOM;1
NONTESTED;4
RELATIONS1;1
FORECASTS;5
DESERVES;1
RIGOR;1
ARTIFICIALLY;4
YEARS1;1
IMPLAUSIBLE;1
PENALTIES	239;1
TRANSFEREE;24
PROTOCOLS;1
RATING;9
REJECTION;4
FORUM;2
REVEALS;4
TREATYEXCHANGED;6
FOOTING;2
SITES;6
ISSUES	241;1
INTRODUCTION	369;1
CONTINUOUSLY;2
SCARCE;3
BUREAUCRATIC;1
PRONE;1
LOGISTICS;6
DETERMINATIVE;5
LOOK;7
EXPRESSLY;5
HOUSE;2
EXPRESS;1
PACE;1
STORED;1
INQUIRIES;1
HIGHLIGHTS;1
R&D/SALES;1
C99138;1
ENCOMPASS;4
PAYMENT”;2
CONSUMER;13
CONSUMES;2
GREAT;8
MAQUILADORA;1
GETTING;3
IMPOSING;6
PREFER;6
PROLONGED;2
LABEL;3
6385;1
7	IN;1
GUARDS;1
USER;4
GOVERNMENTTO;1
RUE;1
NONRECOGNITION;8
REMUNERATION	406;1
BUYIN;6
CRITICALLY;2
VARIED;1
P’S;1
SUBSTANTIATE;1
RESTRICTING;2
STRONGER;1
CONSERVATIVE;1
23M;2
OBTAINS;9
PAYS;6
CAREFULLY;18
SUPPORTS;3
REALITIES;3
SHAM;1
RETROACTIVELY;1
EXPLANATORY;1
K;2
REJECT;2
5	SEE;1
CONCEDE;1
DRIVEN;10
METHOD	116;1
PROTECTION;81
METHOD	110;1
METHOD	111;1
DISAGREES;1
DESTROY;1
VALIDATE;3
CALLED;1
1516;1
CONSEQUENCES;58
GLOSSARY;3
“BRAND”;1
CLEARER;2
CENTRE”;1
MINIMISED;1
UTILITIES;1
AGEING;1
UNANTICIPATED;10
BELIEVED;3
RENEGOTIATED;3
INTERVIEWS;1
RESTRUCTURING	380;1
OPINIONS;2
RECONSIDER;1
OECDRECOGNISED;2
S2;13
S1;18
MARKEDLY;2
1	MEMBER;1
1	THE;2
ORGANISING;1
99100;1
HOLDER;1
PROJECTS;14
ENGINEER;1
TRAINING;12
KINDS;2
KNOWS;1
PREVENTED;2
CONTRACTED;4
RESOLVED?;1
RELIEVED;2
BREAKTHROUGH;1
WEATHER;1
ELECTIVE;9
COMMITTED;4
ARCHIVING;1
PRINTED;2
“QUALIFYING;1
1	TO;1
UNDERVALUE;1
AFFORD;2
EXPENDED;1
LABELED;1
LOSSES	80;1
“1987;1
DEPARTMENT;6
ORDERLY;1
“1984;1
ENTRANT;4
EMERGED;2
HAPPEN;7
ADJUSTMENTS	195;1
C2015125/ADD11;2
AIM;12
HAVE/HAVE;2
PUTS;1
“BEPS”;1
COMPLEXITIES;3
COMPLYING;4
OFFSETS;3
CCA”;1
C97196;1
UNLAWFUL/UNAUTHORIZED;1
EXTRAORDINARY;3
IMPLY;11
COSTING;1
SUSPENDED;5
FREELY;1
CTPA/CFA201046;1
PERVICHNYI’S;1
AVERAGES;4
LIFE”;1
GEOGRAPHY;2
C201737;1
20769717;1
NOVEL;1
IMPRESSION;2
REEXPORTING;1
PATTERN;6
CUTS;1
REPRESENTATIVES;3
DAILY;1
STEM;1
“UNILATERAL;2
CEASED;1
MEMBER’S;1
DRAFT;3
WATCHES;41
AID;1
RIGOROUS;2
ENHANCE;11
ARRANGEMENTS	393;1
INSTRUCTED;1
PERIOD8;1
INSURING;2
IGNORED;4
OBJECTIVITY;3
PRESENTING;4
INITIATE;4
PRINCIPLE	231;1
OECD/G20;14
LENDER;7
UNDERSTANDABLY;1
DISCOURAGED;2
RELIEVES;1
FIX;1
LOCATE;2
PARTICIPANTS	350;1
INSTRUCTION;2
A		JURISDICTION;1
SERVICES	338;1
“BERRY;1
UNDERTAKING;22
SERVICES	331;1
SERVICES	333;2
REWRITING;2
COLLECTIVELY;1
ISSUING;2
SYSTEMATIC;4
EQUATE;1
FORESTALL;1
NONARM’SLENGTH;2
HARBOURS;72
PUBLISHING;4
THEM”;1
MANAGER’S;2
SOPHISTICATED;4
COMPLICATING;2
IMPUTE;1
FIRSTMENTIONED;10
TRAINED;1
CARELESSNESS;2
BROKERAGE;2
CTPA/CFA201323;1
“INTERNAL”;1
REVISIONS;7
“SOFT”;1
UNSPECIFIED;2
GENERAL	PRINCIPLES	APPLICABLE	IN	TRANSACTIONS	INVOLVING;1
MARKETERS;9
TIMECONSUMING;6
TAXPAYERS/PRACTITIONERS;1
WAIVE;3
MISAPPLICATION;1
INCENTIVE;10
APAS	471;1
MIX;3
TRENDS;6
LINK;6
IITRANSFER;1
“MARKETING;1
UNDERTAXATION;2
SUBCONTRACTORS;1
METHODS	97;1
27;17
CAPTIVE;1
NONPRO;1
DEMONSTRATES;3
28;14
EXPECTATION;14
MODIFYING;1
SOUTHEAST;1
CONCENTRATE;2
5	FURTHER;1
SIMILARLYSITUATED;1
6	ADDITIONAL;1
ADVERSELY;4
CLOTHES;5
BUYANDSUPPLY;1
ADOPTS;2
FORMED;4
COSTLY;14
DISPROVING;1
INCREASINGLY;4
PRODUCTION/DISTRIBUTION;1
INTRODUCTION	204;1
MAINTAINED;7
ATTENDANCE;1
SCHEDULING;3
CONCOMITANT;1
REEXAMINATION;1
“JURISDICTION;4
MANUFACTURER;51
JURISDICTION’S;4
SALES/TOTAL;1
INTRODUCTION	117;1
TRANSACTION	168;1
COMPLETENESS;1
ACTS;9
REPORT”;9
DAMAGE;3
REORGANISING;1
COUNTRYBY;7
BOOKS;2
UNDERMINED;1
YEAR1;2
OCCASION;1
DISPOSES;2
INVENTORIES;9
INTERPRET;3
DELETE;1
PROPOSE;3
GOVERNMENT;36
BEGINNING	402;1
PHOTOCOPY;1
AVAILABLE?;24
QUICKLY;3
UNEXPECTEDLY;1
WISHES;5
C/MIN201322/FINAL;1
PLANNED;1
SUBSTITUTING;1
PRINCIPLED;3
VALUEADDING;46
WORKINPROGRESS;1
WRITE;1
DISCOURAGE;1
BARRIER;4
LENGTH	395;1
EXACTLY;4
ACCORDS;1
IIII;2
AUSTRIA;1
CONSERVATISM;1
E5;2
E4;7
QUESTIONNAIRE;2
REBUTTAL;1
E1;12
CHARGING;11
E3;9
E2;10
ADJUSTS;1
RECONSIDERED;1
VERTICAL;1
NONCOMPARABLE;1
BECOMING;2
COMFORTABLE;2
VIEXAMPLES;1
IMPLYING;1
INSTRUCT;1
BACKGROUND	199;1
5B;1
CORRECTING;1
CZECH;1
UNIT	3;1
UNIT	2;1
ERODE;3
CLARIFIED;2
REAFFIRMS;1
“STANDBY”;1
PAPER;3
IMPORTANTLY;5
ANONYMOUS;2
EXAMINERS;11
CLARIFIES;1
EFFICIENTLY;7
VALUATIONS	83;1
COURT;3
GENERAL	133;1
INADEQUATE;6
METHOD	101;1
METHOD	100;1
COVENANTS;1
METHOD	105;1
METHOD	104;1
MOTIVE;1
ANDRéPASCAL;1
ENTITY”;10
VOLUMES;11
KEEPS;2
595;2
UNSECURED;1
ASCRIBED;3
COMPLEMENTED;2
COMING;2
INVESTIGATIONS;3
REPUTABLE;1
RESTRAIN;1
FACIE;4
ADMINISTRATION’S;9
COMMIT;4
PROGRAMME;20
QUANTITY;5
RELATIONSHIPS;14
NOTIFY;21
SURRENDERED;2
INTERNATIONALLY;6
EUROPEAN;7
DUPLICATES;1
“APAS”;1
APPROXIMATELY;5
CALLING;1
BERRY;7
PRIMERO;10
CONVERTING;2
PROGRESSES;1
DEALER;1
SHOES;2
HOMOGENEOUS;2
INSTRUMENTAL;1
NATURE?;1
LOCATIONAL;1
IMPOSITION;4
CANCELLATION;15
FEATURES	84;1
MISSING;1
“1979;1
2020;8
DISALLOWANCE;1
CONFRONTATIONAL;1
M1;3
PAYMENTS	360;1
SPECIFY;10
IRONS;4
GRADUALLY;1
INFRASTRUCTURE;10
3M;1
INTANGIBLES	565;1
AUTHORITATIVE;1
BEPSRELATED;1
UNDERSTATEMENT;9
PACKAGED;1
DISALLOWING;1
ADJUSTMENT”;1
NEGOTIATE;5
DISRUPTION;2
DATED;1
ASCERTAINABLE;1
ONCALL;3
BRANDED;7
EMPLOYMENT;6
PROCEEDS;3
14151;1
PICTURE;2
RESOURCE;10
PREFERENTIAL;1
GUARANTEEING;1
TACKLING;1
NONRECIPROCAL;4
RECLASSIFYING;2
MARKETED;5
HARDER;1
DRUG;4
ASSURE;6
SELECT;10
FEELING;1
TEAM;7
MENTIONED;15
MOVER;1
DISQUALIFY;1
ASSIGN;1
RETRANSFERRED;1
GROUPING;1
COMPANIES’;1
PRECONDITION;3
RENDERED	320;1
7	IDENTIFICATION;1
DISCRIMINATION;1
EVADE;2
SENSIBLE;1
RISKBEARING;5
OVERPAYMENTS;1
STATING;1
79;7
PROPORTIONS;2
COLLABORATION;3
BENCHMARK;3
2	FURTHER;1
CLAUSES;2
WAGES;5
HEREINAFTER;3
ROLL;1
EVOLVES;1
CURRENCIES;1
IMPRACTICAL;1
METHODICAL;1
UNQUANTIFIABLE;1
SERVICES	343;1
EXCEPTIONALLY;1
DOUBTFUL;1
RANGES;15
NONRENEWAL;6
PERMITTING;1
VIRTUALLY;1
PERSISTENTLY;1
ADVISABLE;2
SPENDS;1
BEHALF;45
PRECISE;8
VARIABILITY;1
VALUABLE”;2
CONSULTANTS;1
640;1
TRANSMIT;1
POLICYSETTING;3
MECHANISTIC;2
COMPCO’S;2
REFUSES;1
INSISTING;1
“ZERO”;1
44M;1
ENTITLEMENT;11
INSTRUCTIVE;1
INVESTMENTRELATED;1
MALICIOUS;2
UNNECESSARY;7
INVESTIGATING;1
ASSIGNED;11
EXPEDITED;1
“UNIQUE;2
PROCEEDING;6
AUDITS;8
REITERATE;1
136	WHERE;1
BULLET;2
“MUST;1
FOR	COMPETENT;1
AWARE;7
SYMBOLS;1
PATTERNS;6
NEUTRAL;3
THIN;1
TRANSACTS;2
TRANSIT;1
MANNER?;1
DELINEATES;1
SHORT;10
FORMALISING;1
“DEDUCTIVE”;9
“SAFE;2
TIEA;11
INSISTS;1
TIED;4
CCAS	362;1
COMPANYWIDE;6
DELINEATED;42
TIE;1
BORE;1
STOCKING;2
UNDERGO;1
PERVERSE;2
RESTRUCTURE;3
ASSURED;1
SIZABLE;2
ENTERPRISES’;7
SERVE;11
COMPRISING;15
ADMINISTRATIONS’;3
EIGHTH;1
ASSURES;1
VIDEO;1
PROPOSITIONS;1
ANALYZING;1
COMPILATIONS;2
RELYING;5
UNCERTAINTIES;13
OUTSET;10
ANALYSIS”;3
REMEDIAL;3
“COMPETENT;5
VISIT;1
“BUY;2
IMPOSES;1
6870;1
FACTO;2
COUNTRIES’;8
UNBRANDED;3
ACCOUNTANCY;1
“PROFITMAKING;1
REQUESTED;13
C95126/FINAL;3
IMPORTED;2
MIDDLE;1
INTERPRETS;1
PAYOR’S;1
TERMED;1
BUDGET;6
MIRRORING;1
IMPUTING;2
COMPREHENSIVELY;1
CONCENTRATES;1
BASKET;1
ATTRIBUTES;6
PROVISION;97
CHARGE	326;1
POSSESS;2
SECRETARYGENERAL;1
OFFICE;10
TRANSFEREE/LICENSEE;1
PREPARATORY;1
ABIDE;1
INTENTIONALLY;1
GLOBALLY;1
ROBUSTNESS;1
26M;2
ENTITLE;2
LOADED;2
COLOMBIAN;1
REINVOICES;1
LITIGATION;19
FASHION;3
ARRANGEMENTS6;1
EXERT;1
MEDIUMSIZED;1
MISALLOCATE;1
ARMS;70
SITUATED;18
TRANSMITTED;1
TEXTS;1
FAITHFULLY;1
SUMMIT;1
METHODS	101;1
PHASE;5
BEPS4;1
EXPRESSION;1
COMPETENCE;2
“COMPARABLES”;9
DEVOTED;2
“BUYIN;1
RESTRICTED;2
HARBOURCREATED;1
TARGETED;3
“ASSOCIATED;1
BEGAN;1
COMFORT;2
COINCIDES;1
INTEGRATION;4
TIGHTLY;1
N;2
ADVISING;1
INITIATIVE;2
POSTPONEMENT;1
2	BROADBASED;1
FINDING;18
MEMORANDA;7
NOTIFICATIONS;3
ACCOMPANIED;2
MISTAKE;4
SCHEMA;4
AMENDMENTS;6
ADVISED;2
DECIDES;13
PROFITS”;2
RECEIVABLES;11
GUARANTEES;1
INDEMNIFICATION;52
COPIE;1
PREFERRED;4
DEDUCTIVE;1
DECIDED;8
IMITATION;1
RECALL;9
FORMULATING;1
SAVED;3
SIDED;2
UP”;4
CONTACT@CFCOPIESCOM;1
REMAINED;2
ABOVENORMAL;1
DEBTFACTORING;3
DIVERGENCE;12
EXPLOITABLE;1
FACILITIES;3
TERRITORIAL;1
EXPORT;2
CENTRALLY;1
BROTHERSISTER;1
BUYOUT;3
FLEDGED;2
MU;3
ENORMOUS;1
OVERRIDING;1
THREETIERED;6
VIEWPOINT;1
VERSIONS;1
CONTEXTS;5
MATERIALISATION;6
AWAY;2
NECESSITATE;2
TRANSFEREE’S;3
“NOFAULT”;2
“DIFFICULTIES;3
BUYS;2
GENERAL	101;1
LACKS;7
GENERAL	105;1
9HSTCQE*CGCHDH+;1
PAYMENTS	358;1
BENEFITTED;1
GOOD;31
ENDS;1
DELINEATED	394;1
EXAMINING;9
TIME”;1
TWOPARTY;1
MEDIATION;1
REPATRIATE;1
NATIONS;2
000;38
REPEATEDLY;1
COMPLEMENTING;1
JURIDICAL;8
RARELY;3
FACILITATES;1
STRIVE;1
SHELTERED;1
DESTROYING;1
59M;2
MONTHS;14
AFFIRMATIVE;8
YEAR”;2
POINTER;4
PREVAILS;1
IRRECOVERABLE;1
BUILD;2
102106;1
IMPUTES;1
DOCUMENTS;26
PARTICIPANT;36
ADAPTATIONS;2
CHARGES;20
TESTCO;3
ESCAPE;1
VVIII;1
IMPUTED;2
LABELLING;1
EVIDENCED;3
INTOLERABLE;1
TELECOMMUNICATIONS;1
CCC;1
CHARGED;35
RESTRUCTURINGS;45
OUTRIGHT;1
MILESTONES;1
ASKS;1
OPENING;2
CONSENT;5
AUTHORITIES?;2
UNDISCLOSED;3
NECESSITATES;4
MUTUALLY;9
UNPLEASANT;1
“AGREEMENT”;2
UPFRONT;7
INTANGIBLES	286;1
INTANGIBLES	284;1
INTANGIBLES	285;1
AFTERSALES;1
GOVERNMENTTOGOVERNMENT;4
“CONSUME”;1
SCALES;1
BIAC;7
IDEALLY;6
DEVOTE;3
TRANSMITTING;1
SUMS;1
SUBLICENSES;1
REJECTED;7
PREDOMINANTLY;3
QUESTIONNAIRES;1
TRIGGER;7
DATABASES;25
THRUST;1
ENGLISH;1
EXPEDITE;2
C9646;1
JEOPARDISED;1
EXPLOITING;17
PROOF	174;1
SIGNED;6
READS;1
REGISTERS;1
UNADJUSTED;3
“COSTS;1
VARYING;4
READY;5
DOCKETS;1
CRIMINAL;4
INSTRUMENTS?;1
BENEFICIAL;5
“WHERE;1
VENDING;1
CONTINGENT;16
ADJUSTMENT?;1
“PENALTY”;2
CHANCE;1
GOING;6
MISUNDERSTANDINGS;1
DISAGGREGATED;1
SIGNATURE;4
PRINT;3
FEAR;2
5762;1
TREATING;2
TRANSLATING;1
DELEGATES;1
TALENT;1
SERVICES	283;1
INTRODUCTION	33;1
NONDUPLICATIVE;1
5566;2
ACKNOWLEDGED;7
LOOKED;1
DESPECIALISATION;1
30M;1
PASSED;10
▪;66
ACKNOWLEDGES;1
“MODIFIED;1
“CONTRACT;1
FAMOUS;1
NONPAYMENT;1
PRESUMES;1
HEATING;1
CONSTRUCTIVE;13
TRANSFORMED;1
ERROR;8
AFFILIATED;3
QUANTIFYING;1
UPS;8
RECEIPTS;6
DISTANCE;2
MIXTURE;1
PRESS;1
INTRODUCTION	171;1
SIMILAR?;1
DEFEND;3
PRECISION;3
EXPANSION;3
SERIOUSNESS;1
INTRAGROUPS;1
MATERIALISE;7
HOPE;1
LOCATING;2
INDIVIDUALLY;8
INTRODUCTION	319;1
TWELVE;1
“SERVICES;1
INSOFAR;2
UTILIZATION;1
ENABLED;2
SCREENINGS;1
REMUNERATE;3
“A;1
INKIND;8
DESCRIPTIONS;4
…/THE;2
DIMINISH;1
MACHINES;1
EQUATING;5
MEETS;5
REPLACES;5
CONVENIENTLY;1
BILATERALLY;3
DENOMINATOR;12
GUARANTEED;2
SUBLICENCE;1
COOPERATE;6
LABOUR;7
REPLACED;2
OTHER1;1
ZHU’S;1
PENALTIES	176;1
DISCLOSURES;4
GROUND;1
PRETAX;3
LAWS;50
FAILS;10
4	SEE;1
SCIENTIFIC;3
DISPOSABLE;1
400	40	OF	TOTAL;1
VISITORS;1
ADAPTATION;2
ISSUES	169;1
BORROWS;3
FORMERLY;1
COOPERATING;1
APA’S;1
RISKY;6
HIRE;5
REUSE;1
DIVESTITURES;1
FULFILLING;3
NB;1
PRICING	200;1
ENTERPRISE”;1
TRANSPORTED;1
METHODS	117;1
PUTTING;2
QUESTIONED;2
RESALES;1
BORNE;22
ATTRACTING;1
DETERRENTS;1
FLAWS;3
“CONTRIBUTIONS”;1
ROLES;3
DATA”;1
112;3
MISREAD;1
OCTOBER;5
COMPENSABLE;2
550;3
UNRELIABLE;5
LUMPSUM;4
“TREATY”;3
UNDERTOOK;1
CAR;2
“TRADEMARK”;1
DISCOUNTED;11
ESTATE;1
ASSISTANCE;34
VAGUELY;2
GOVERNED;2
GLOBALISATION;1
BENEFICIARIES;3
EXPLICITLY;5
A5;3
A4;4
A7;2
A6;4
LOGISTICALLY;1
“DTC;1
REASONING;4
STATUS;8
REDIRECT;1
UNINTENDED;1
CTPA/CFA/NOE2201676;1
40M;1
WITHHELD;1
OTHERS’;1
IMPLICITLY;4
PROFIT/LOSS;1
CCAS”;2
INVESTIGATION;6
INDEFINITE;1
INTENTIONAL;5
ASKED;5
RANGE	163;1
IMPEDIMENTS;2
PROCUREMENTS;1
RECIPIENT’S;2
DISPOSING;3
ERODING;1
2006;1
TREATY”;1
EQUALIZED;1
GENERAL	117;1
DIVERT;1
COUNTING—IE;1
GENERAL	111;1
DAYTO;2
ENHANCES;2
G20;3
ACCRUE;4
“ADDITIVE”;8
MONITORED;2
C97144;1
ORDERS;2
C201099;3
COMMINGLING;1
PERISHABILITY;1
COMPLICATE;5
IMPROVED;7
ADDRESSES;10
REVIEWERS;1
ANTICIPATE;4
DISSEMINATE;1
SURROGATE;9
COUNTRYSPECIFIC;1
RESTRUCTURING;234
TREASURY;1
“WHEREVER;2
UNVERIFIABLE;1
ATTRACT;1
DISASTERS;1
INTANGIBLES	386;1
PERCEIVED;1
INTERVENE;1
DOCUMENTING;6
LEFT?;1
EXPORTS;1
ASSESSES;2
RENEWED;2
CONFIDENTIALITY?;1
VITAL;3
PREFERENCE;4
OUTCOMETESTING”;1
ENDORSE;3
ISBN;4
PROCEDURE;150
TREATYRELATED;5
SEARCHES;7
CONSENSUS;12
RECOGNISES;5
INITIATED;6
REVOCATION;3
1	AN;1
AVOIDING;16
NORTHWEST;1
REBATES;2
“ADHERENTS”;1
PURSUE;7
HTTP//WWWOECDORG/CTP/EOI/MANUAL;1
LAY;8
COMMUNICATION;4
VARIANCE;1
OVERWHELMED;1
FIDE;2
PROHIBIT;1
CODE;7
PERTINENT;5
EUROS;2
PLEASE;59
DRIVERS;2
MEMORANDUM;67
MAXIMISE;5
UNIFORM;2
INVOKED;2
VERSA;2
SKY”;1
SUPPLEMENTAL;19
SUBHOLDING;2
10/25;1
ORDINATE;1
ATTEMPTING;2
S’S;22
LATTER;16
LONGERTERM;1
TRANSMISSION;8
VIEWING;1
INVENTION;7
HYPOTHETICAL;10
“TRANSACTIONAL;1
IMPLICATE;1
CCA	353;1
REMEDYING;1
OCCURRING;8
“TRADE;2
PACKAGE	519;1
INTEND;7
SECRETS;15
440;1
LENGTHEN;1
INDEXES;1
D*I;1
FTE;1
MAINTENANCE;64
8691;1
ACHIEVING;15
DEVELOPMENTS;30
REPRODUCING;1
9789264262737;3
	BELOW;1
“GUIDELINES”;1
DILIGENCE;1
CAREER;1
INSPIRED;2
PARTYIES;3
	THE;2
AFFILIATION;2
BIENNIAL;1
◦;27
MEANINGFULLY;1
RESOURCEINTENSIVE;1
NOTION;6
SECONDARY;34
CREDIBLE;1
FORMULAS;1
CODES;2
338;1
RECIPIENTS;6
REPAIRS;1
UPDATES	238;1
FRONTIERS;1
MCAA;1
CONTRIBUTION	354;1
SCENARIOS;4
CONFINED;1
MOMENT;1
PARADIGMS;13
KNOW;4
COOPERATION;20
FORMULAE;3
CRUCIAL3;1
CHARACTERISED;7
MEETING;17
CCAS	348;1
CONTRACTUALLY;23
HEART;2
CONTENTIOUS;1
REMEMBER;1
OVERARCHING;1
“CONSOLIDATED;1
DANGER;1
COMMERCIALISATION;3
EXACERBATE;1
COLLATING;1
SOLUTIONS;5
DISPOSITION;2
COSTBENEFIT;1
PUBLICLY?;1
BONA;2
EXTRACT;1
AMENDED	605;1
LAUNCHED;1
CANCELLING;1
FORMALISED;5
REPATRIATING;1
MODALITIES;3
APPARENT;2
CORRECTNESS;1
SITE;3
DEVICES;1
OBVIOUSLY;4
AUDIT1;1
HOST;1
MACHINERY;2
LARGEST;1
EXCERPTS;1
COUNTRYIES;1
F1;6
F2;6
F3;6
F4;3
F5;2
LOST;3
CONFORMED;1
COMMUNITY	417;1
POSITIONING;1
33M;1
11M;2
TRANSACTIONS?;1
VIII;10
LOSE;3
ACCEPTING;3
EXECUTION;5
ASSISTED;2
STRUCTURE;38
WILLINGLY;1
CONSULTING;2
TOY;1
116;2
VALUATIONS;15
UNIVERSALLY;1
DOLLARS;1
CERTAINLY;1
FORMS;15
2	AS;2
TON;2
INDUSTRYWIDE;1
UNUSUALLY;3
CONTINGENCY;3
FORWARDING;1
STAY;1
INFER;1
TREND;1
SETTLED;3
“LIMITED;8
ISSN;2
WISHING;1
PRIORITIES;2
CAPABILITY;52
BODIES?;1
INSERTION;1
PRACTICABLY;1
FAILURE”;1
TAX”;1
POLICY/PROCESS;1
REVISE;3
SHELTER;1
ARISES;35
CAPSULES;1
BELONGED;1
PRINCIPLE”;1
COMMANDS;1
ARBITRATE;1
PROJECT;26
TRADEMARKED;2
CAUSING;2
BILLING;1
COVERS;5
STOCKS;2
SKILLED;4
ARISEN;3
CREATES;2
EDUCATION;1
INTERNALLY;7
INDICATED;14
SACRIFICE;2
ACCEPTANCE;8
ARRANGEMENTS	345;1
600	60	OF	TOTAL;1
AUDIO;3
=	23;1
OUTCOMETESTING;2
INVITATION;3
LIQUIDATES;1
TOOLS;13
GEOGRAPHIES;1
GUARANTEE;9
ONEROUS;3
MAINTAINS;5
FLAVOUR;1
BIRINCIL’S;3
RECURRENT;1
MANAGERIAL;7
ASSIGNMENTS;3
131;5
NAME”;1
USELESS;1
ASSERTS;3
SOUNDLY;2
3	SEE;2
CLOSING;4
PRESUMPTIONS;1
BROADBASED;3
EMBODIED;1
HARDTO;2
OFFSETTING;1
FRAME	236;1
OBTAINABLE;2
RELOCATION;4
RETURN1;1
RAW;15
SCOPE	365;1
MANIPULATED;1
FORESEEABLY;1
“BLUEPRINT”;1
2015;15
MINUTIAE;1
2013;5
2012;1
MOTIVATIONS;1
LOWERCOST;1
SHED;1
DEDUCT;1
ASSEMBLY;3
WITHDRAWING;1
GROUP’S;27
CROSS;2
RENTED/LICENSED;1
ARRIVING;4
JUSTIFIABLE;1
RECONVERSION;1
SPECIALLY;3
OBSERVABLE;1
PARTY	149;1
NONDISCRIMINATION;1
LINKS;3
PROGRAMS;2
REIMBURSE;4
VII;9
HEADQUARTERS;2
13M;1
VIS;1
PATIENTS;1
PROGRAM;7
LUCRATIVE;2
SIGHT;1
MONITORING”;1
NOTIFICATION;15
LONGRUN;1
PRUDENT;6
CITED;1
PREVENTION;4
ALERTS;1
TRANSPORTATION;6
PRODUCER;3
700;4
MINISTERS;1
REPORT	509;1
HIRING;3
88;5
PROTECTIONS;15
82;6
EFFORTS;26
81;7
INDIRECTCHARGE;5
CONCERN	390;1
ELUCIDATE;1
COMPLETING;4
APPEARANCE;1
10YEAR;1
“ISO/IEC;1
MANAGER;11
DOCUMENTATIONRELATED;6
INHERENT;8
“ROYALTIES”;1
58M;1
DEPARTING;1
FLAWED;1
CRUCIAL;3
UPDATE;12
RELATIONS;69
TIMEKEEPING;1
“MNE;1
DAIRY;1
PROMISING;2
DEVIATE;1
FORCED;5
D’EXPLOITATION;1
8M;1
INFORMATION?;6
ADHERE;3
PARTICIPATIONS”;1
“FISCAL;1
ELEVENTH;1
CAPRICIOUS;1
SENT;1
FORCES;6
AVERSION;1
REFUNDABLE;1
CCA	345;1
TEMPTED;1
LANGUAGE	239;1
UNDERMINE;2
QUOTATION;1
INSERTED;2
EXECUTED;1
SHOCK;1
ACCRUING;3
POLICY?;1
=	17;1
COMPLICATIONS;3
COURTS;2
TRANSLATED;3
CONFIGURATION;3
CLEARANCE;1
NECESSITATING;1
OPENS;1
WORTHWHILE;3
WANTED;1
WORD;1
EDITION;2
PARAMETER;1
PREEXISTING;23
CONFIRMING;2
INSUFFICIENTLY;4
DELIMITATION;1
BANK;19
ASK;4
UNDEREMPLOYED;1
PRIMARNI;9
ORAL;1
ARRANGE;6
SEEING;2
FOREGO;1
MEANINGS;4
INFLUENCED;9
SKY;1
SUPPLIERS;15
PROFITEARNING;1
TASTES;1
ENCRYPTION;6
SEPARATION;1
AUTHENTICITY;1
BRANDS;2
PRECEDENTIAL;1
USEFULLY;4
2124;2
KNOWING;1
TIEAS;6
“MANAGEMENT;1
DIMINISHED;1
“ASSUMES;1
YEAREND;3
PREDICTABLE;4
45M;2
“GUIDELINES;1
MANIFESTLY;1
NARROW;9
WACC;1
DISPROPORTIONATE;3
CONSENSUS	38;1
B’S;29
CLIMATE;1
LISTINGS;1
AAA;5
COMPLETE;11
EXTENSION;9
STATED;21
ABBREVIATIONS;1
REVOKING;1
DESIGNATING;1
EQUIPMENT;12
ENTERPRISES2;1
ACTIVITYIES;2
WEIGHTS;1
PROCESSED;3
REQUEST?;1
DURATION;21
REVOKE;2
COMPANY”;2
POSITIVELY;1
NONPROTECTED;1
MITIGATES;2
SURPLUS;3
NONDOMESTIC;2
TRANSACTED;1
PROXIMITY;2
MATERIALISES;5
TOLERATE;1
GROUPS’;1
IMPROPER;2
293;2
HELPING;1
MANAGEMENT”;1
TRANSFEROR/LICENSOR;1
REALIZES;2
REPORT	235;1
IMPORTING;2
DISMISS;1
MIDWAY;1
FIFTH;1
AUTONOMOUSLY;1
POOR;1
MULTINATIONAL;28
INFLUENCES;1
REFUNDS;1
“TAXATION;1
DOLLAR;1
ASSERTION;5
YIELD;9
ENDING;11
INTENTIONS;4
REDUNDANCY;1
STOPS;1
APPROACH	39;1
FLEET;1
HOLD;4
RESELLING;1
STRUCK;2
ENDUSER;2
TELEVISION;3
COMPENSATED;40
RESPONSES;1
COMPLEMENTARY;4
5	EXAMPLE;1
MEANING;30
SWIFT;2
DUMPING;1
OFFICES;1
OVERSIMPLIFIED;1
RESOLD;1
DIFFERENTIATE;2
WRITEDOWNS;4
INEQUITY;1
UNAVAILABLE;2
RESTRUCTURING	378;1
CONSTITUTIONAL;1
CONTRAVENTION;3
DISTRIBUTORS”;1
RESTRUCTURING	370;1
FAIRS;1
OVERALLOCATES;1
ADVOCATES;4
PROHIBITED;1
INCORRECTLY;4
INTER;3
BEHAVED;1
MAPAPAS;1
FORMAL;8
ATTENDANT;2
EXACERBATED;2
PROPRIETARY;15
EVALUATIONS;6
ANTICOUNTERFEITING;1
ADEPT;1
SIMILARITIES;3
ILLUSTRATIONS	252;1
PREACQUISITION;1
90/436/EEC;1
PREVENTING;3
CONTRACTING;34
INTANGIBLERELATED;2
EXPERTS;4
WORKABLE;4
REPRESENTATIONS;5
FORTHCOMING;2
INCOMPLETE;7
PROJECTION;1
A	JURISDICTION;1
PROCESSING;13
“EXTERNAL;4
121;4
SAVINGS;57
124;2
PRINCIPLE	43;1
CONCOMITANTLY;2
129;2
GAINED;3
AUTONOMY;2
DAFFE/CFA9931;1
THEREON;2
FRONT;1
GROUP”;8
APPOINTMENT;1
INSEPARABLE;2
ENCOUNTERED;8
FAILED;4
PERSONS’;1
UNSTABLE;1
“FURTHER;1
CONFERRED;3
EQUIPPED;2
SYSTEMS?;1
SHOWING;9
ENCOUNTER;3
“SHAREHOLDER;1
CTPA/CFA/NOE2201721;1
PROBABILITYWEIGHTED;1
ENCOURAGES;1
REVIEW”;4
LUMP;6
INLAND;1
75775;1
ENSURED;1
UNTRANSFERRED;1
COLLECTS;2
CRO;3
ENCOURAGED;27
MALFUNCTIONS;1
1	DETERMINATION;1
APPORTIONMENT	39;1
ADJUSTING;5
LARGER;8
CONVENTION”;6
OECD’S;2
BOUNDARIES;2
DAYTODAY;9
AGREES;17
CONVENTION	180;1
CLOSELY;18
CONSCIENTIOUS;1
ANALYTICAL;5
ENDORSED;4
P2;4
OFFS;1
P1;4
REPAYMENTS;1
TRANSACTING;1
INQUIRE;1
FORECASTING;1
EQUALIZE;1
“CONTEMPORANEOUS;1
DEFICIENCY;4
TRIPARTITE;1
INQUIRY;4
PRERESTRUCTURING;12
VISà;1
SUPPORTIVE;2
OPT;2
UNSOLD;1
SUBSIDIARY’S;1
ACCOMPANY;1
BUYER’S;1
TRACE;1
DEALINGS;2
TRACK;5
PROFOUND;1
RECONVERT;1
SEVERE;1
CLIENT;4
EXPERTISE;9
ORIGIN	166;1
AVOIDED;7
STAFF;15
ACUTE;2
“INTANGIBLE”;1
RETRIEVE;1
HARSH;3
DOWNSTREAM;1
CONSCIOUS;1
INFRINGEMENT;5
CREDIBILITY;1
TERMINATING;3
INVARIABLY;2
SANITIZING;1
ACCIDENTS;1
HESITATE;1
INSIGHT;3
ENTERS;7
INVOKE;1
RETURN3;1
“TRANSACTIONAL”;1
46M;1
VERIFYING;5
NONCORPORATE;1
MISLEADING;2
AUTHORIZATION;1
GEOGRAPHICAL;12
COMMISSIONING;2
INHOUSE;6
PROMOTE;8
OVERESTIMATED;2
2018;1
CONTINUITY;1
“APA”;1
AND/;1
14TH;1
CENTRE;30
FORMULARY;41
SHANGHAI;1
REVERSING;1
RISKASSUMING;1
PREDICTIONS;9
“ROUTINE”;1
NIMBLE;1
METHODS	43;1
T’S;2
BEANS;4
REEVALUATION;1
OPTIMAL;2
RANGING;2
EXPEND;1
STATISTICS;1
SHIP;1
UNFORESEEN;4
CONFORMITY;5
BILL;1
CONSULTATIVE;1
INFRINGE;1
DROIT;1
POSTRESTRUCTURING;39
TEMPLATE;29
PRINCIPLE	401;1
REINFORCED;1
“RISK;1
SIDE;3
RECONSIDERING;1
STRESSED;1
“COMMISSIONNAIRE”;1
A	100;1
ASSERTING;3
35M;2
CONSUMING;2
SATISFIED;15
HAPPENS;1
EXPECTING;1
CTPA/CFA201047;1
NONEXCLUSIVE;5
WIDGETS;19
LICENCES;21
SETTLEMENT;5
COLLECTION	167;1
UPDATING;3
INEVITABLE;2
REFLECTION;2
7	THE;1
OMITTED;1
“AN;1
RESORTED;1
RISKS5;1
JUDGEMENT;2
WORKFORCE	88;1
FILE	241;1
PARTY”;2
RIGID;2
REPORTING”;1
INSPECTOR;1
MODERATE;1
NONFACTUAL;1
LIMITATIVE;1
TECHNIQUE;6
31M;1
SUSCEPTIBLE;1
TRANSFERABILITY;1
CONCEPTS;2
GATHERING;10
ADJUSTMENT	443;1
FöRSTA;8
EXCLUDABLE;1
UNWILLING;2
EFFECT”;1
WORTH;4
CONSISTED;1
18M;3
INTERRELATION;1
BESTINTENTIONED;2
DECISIONMAKERS;1
FLUCTUATION;3
CONTINUES;20
INSTALLED;1
SPIRIT;1
ENCOMPASSING;3
8	IN;1
PURPORTEDLY;4
EXISTENCE;43
REFERRAL;1
ASSIGNING;1
UNFOUNDED;1
UPWARD;1
DOWNSIZING;1
REPAIR;2
RENEWING;2
SIZEABLE;1
INTERQUARTILE;1
SOLICIT;1
COMPOUNDS;2
CASEWORKERS;1
SOON;13
SUBMITTED;12
EXPLOITS;1
UPTODATE;1
ATTITUDE;1
DEPRECIATED;1
USEFULNESS;9
FUNDAMENTAL;14
REPAID;1
CONSEQUENT;1
COMPARABLE”;6
OBSCURED;2
EMAIL;1
PREMIERE’S;1
COSTS4;1
ROUTINELY;7
2326;1
INTERVENTIONS;5
PROSPECTIVELY;6
COPIES;4
POTENTIAL”;2
METHODS”;5
CAPITAL”;1
TESTCO’S;1
ASSISTS;1
EXHAUSTIVE;7
PURPORTS;1
EVENTS;28
MINING;7
“ROLLING;1
CAVEATS;1
BUILT;7
ABANDONS;1
7481;3
RELOCATES;1
CLIENTS;10
“HARD”;1
>;1
REDUCTION;16
ATTAINING;1
T;45
MCAA”;1
FLEXIBLE;6
LOGO;2
IVVIII;1
PARTNER’S;1
SPONTANEOUS;1
RELOCATED;5
SPECIFIES;3
ADMINISTRATORS;5
MONOPOLY;1
ASSET’S;2
ACCESS?;1
CHART;3
AMEND;1
ANNEXES;6
B4;10
B5;4
B6;1
ENDSELLING;1
DOUBLY;1
B3;13
JUDGE;2
STANDARDISATION;1
CONSIDERABLY;5
PREFERENCES;4
PRECEDENCE;1
“ISSUE;1
8	DETERMINATION;1
RESIDENCEBASED;1
115;5
114;5
INTENDS;6
PRINCIPLE	33;1
111;4
RESPONDS;1
BORROWER;2
SETTING”;1
CTPA/CFA200951/REV1;1
PRINCIPLE	39;1
UNDERPAYMENTS;3
119;3
118;4
PRECONVERSION;1
PROCEED;2
CONSOLIDATE;1
KIND;8
SAVINGS	411;1
FULLFLEDGED;19
480;1
NOTIFIED;9
SIGN;2
INFERRED;1
“ARM’S;1
ENTIRETY;5
NECESSITY;3
SOURCEBASED;1
DERIVATIVE;1
NOTIFIES;4
RESOLVE;31
BUNDLED;1
OVERREPORTING;1
DIVERGING;1
SCIENCE;3
INTERPOSITION;4
STEWARDSHIP;1
SUPPLIER’S;2
DRESS;1
DEALS;7
PITFALLS;3
ARGUMENTS;5
DEALT;3
USAGE;4
PROPORTIONAL;2
52M;1
MARKETER/DISTRIBUTORS;1
RESPONSE;10
INDICIA;1
NATURALLY;1
OUTSOURCING	392;1
CULPABILITY;2
PAYOR;3
OPTIMISE;3
MIGRATE;1
ARM’SLENGTH;1
WAREHOUSES;1
MARKETERS/DISTRIBUTORS;2
BOUND;4
PROMOTES;1
“ULTIMATE;1
BARRED;1
INCREMENTAL;1
4II;7
CONTEMPORANEOUS;8
PROMOTED;1
U;1
STAGES;7
BORROWERS;4
CUTOFF;1
CONDUCTS;6
187M;1
COMMITTEE”;1
AMENDMENT;3
C7699FINAL;1
…;18
BROKER;1
CLIENT’S;1
SUPERFICIALLY;1
EXTRANEOUS;1
MNE’S;23
PATTERNS	274;1
VOLUNTARILY;4
83M;1
BENEFITTING;2
ABROAD;1
1987;1
1984;2
TRIGGERED;5
DETRIMENTS;4
“JURISDICTION”;1
QUITE;6
IMMEDIATE;8
VALUE	383;1
C8;1
INVOLVEMENT;10
REVISING;2
HISTORY;5
OPERATIVE;1
BLOCKED;7
PATENTABLE;9
CHAPTERS	348;1
PARTLY;5
SHIPMENT;2
SUPPLEMENTS;2
JANUARY;9
MIND;23
CHOOSES;3
RETALIATION;1
FIRMS;3
IMPLIED;4
PROMOTING;2
EXPONENTIALLY;1
ARM’S;646
INSISTED;1
BREACHES;5
NOTIONS;1
INDICATORS	425;1
CONFLICTING;3
REPORT?;1
NOFAULT;1
DISGUISE;1
PRICETAKERS;1
©;1
JURISDICTIONWIDE;1
MANUFACTURER’S;2
COMPATIBLE;4
COUNTRYS;1
PROCURED;1
DEFICIENCIES;6
“CRITICAL”;2
DISTINCTIONS;4
ADVERSARIAL;2
MITIGATING;2
APAS;92
TRANSPORT;4
XML;1
OMISSION;4
ZHU;10
SECURE;5
PARTICIPANT’S;27
SECONDMENTS;1
FREEDOM;2
BLOGS;1
COUNTER;1
INTEGRAL;5
47M;1
POSTACQUISITION;2
WRITTEN;62
DOUBT;2
UTILISING;2
INCONSISTENCIES;2
CONTENTS;2
APPLICATION”;1
SEPARATED;2
COMPARISON;39
ASSIGNS;1
CORROBORATE;1
OUTGOING;1
ANNEXED;1
“SIMPLE”;1
DUTIES;5
GEOLOGICAL;1
PREMISES;5
INASMUCH;1
CREDITWORTHINESS;4
7	FOR;1
GUIDELINES?;1
ORGANISED;17
ADHERENTS;4
DAY;31
DESTRUCTION;1
ARBITRATION;32
DIVISIONS;1
PLAY;7
SLIM;1
ADJUSTMENTS	162;1
SPACE;1
MARKETER;1
CONVENTION1;1
14—2015;1
•;160
CTPA/CFA201055;1
4I;13
TIMELINES;1
ASSETS4;1
OVERESTIMATIONS;1
BUYING;7
AMENDED;13
BEGINS;10
–;61
CONSULTATIONS;9
LAYOUT;1
INCREASED;16
QUALIFYING;179
SELF;1
OVERSTATEMENT;2
ISOLATED;2
“EXPECTED;1
OWING;1
REVIEWING;12
RELOCATE;2
INFRINGING;2
ACQUIRER’S;2
